frequency,bandwidth,power,snr,spectral_flatness,papr_db,noise_floor_dbm,signal_type
2470.079,9.721,-18.49,72.39,0.0003,9.71,-77.13489498506841,UAV
2465.027,3.404,-23.01,67.86,0.0005,8.55,-78.04230442049885,UAV
2433.513,10.746,-9.82,81.06,0.0,8.58,-90.56649266294988,UAV
2417.142,4.184,-31.12,59.76,0.003,8.71,-90.75747559916809,UAV
2452.894,11.156,-12.3,78.58,0.0001,9.12,-88.76113272419698,UAV
2427.026,4.963,-23.41,67.47,0.0006,7.71,-90.53224631992899,UAV
2425.126,2.912,-31.63,59.25,0.003,7.51,-79.97135425332425,UAV
2479.925,5.742,-29.78,61.09,0.0025,8.58,-90.62989206718233,UAV
2426.713,3.158,-19.82,71.06,0.0002,8.05,-85.14181194957092,UAV
2438.973,10.541,-11.53,79.35,0.0001,9.26,-90.76736826312266,UAV
2432.532,12.551,-2.36,88.52,0.0,9.67,-88.9127425845028,UAV
2403.516,7.629,-2.08,88.8,0.0,7.74,-83.03433316653019,UAV
2418.971,8.203,-8.86,82.02,0.0,8.62,-90.36652014254298,UAV
2418.577,7.383,-31.47,59.41,0.0042,8.72,-90.74676639694302,UAV
2440.446,13.904,-6.03,84.84,0.0,8.09,-87.90295355817953,UAV
2421.854,6.891,-9.89,80.99,0.0,8.24,-88.22470253891092,UAV
2449.969,5.332,-28.8,62.08,0.002,8.32,-76.99480336972172,UAV
2433.138,12.223,-4.91,85.96,0.0,8.73,-88.34825859283035,UAV
2440.087,12.633,-13.58,77.3,0.0001,8.67,-90.73246907916496,UAV
2407.514,7.014,-24.69,66.19,0.0009,8.89,-88.369058610005,UAV
2413.022,7.752,-22.03,68.85,0.0005,9.85,-89.41746963442115,UAV
2475.437,8.121,-21.34,69.54,0.0005,8.82,-88.6276846120105,UAV
2460.093,11.115,-1.9,88.98,0.0,8.63,-90.60087135688771,UAV
2460.613,14.52,-8.14,82.74,0.0,8.53,-90.41410888181817,UAV
2471.242,8.49,-8.2,82.68,0.0,9.54,-77.05415772873933,UAV
2403.017,2.953,-29.35,61.53,0.0018,6.78,-78.98151789917475,UAV
2432.876,10.09,-14.61,76.27,0.0001,8.55,-77.64611771581994,UAV
2442.909,5.004,-29.3,61.58,0.0021,8.52,-90.604541119672,UAV
2450.809,12.346,-24.35,66.53,0.0012,8.93,-90.6083091576037,UAV
2461.921,10.664,-4.12,86.76,0.0,8.28,-88.75039784111516,UAV
2417.778,8.777,-7.84,83.03,0.0,8.27,-77.89713045402871,UAV
2475.236,4.061,-28.05,62.82,0.0015,8.58,-79.60155200760889,UAV
2477.514,5.086,-26.98,63.9,0.0013,8.57,-90.5225200182893,UAV
2432.346,11.32,-11.8,79.07,0.0001,8.46,-88.24337938234915,UAV
2467.894,6.357,-13.95,76.93,0.0001,8.61,-79.18708479931811,UAV
2464.907,2.502,-28.02,62.86,0.0013,7.8,-85.18675798441416,UAV
2413.211,4.225,-12.99,77.89,0.0,7.06,-85.42436668204844,UAV
2456.451,5.455,-17.81,73.07,0.0002,8.71,-83.19734487423565,UAV
2404.868,6.398,-8.69,82.19,0.0,8.12,-78.361957649532,UAV
2464.986,10.336,-29.42,61.45,0.0033,8.48,-88.92850994682365,UAV
2417.62,9.434,-31.9,58.97,0.0053,10.24,-88.90482384862536,UAV
2453.749,6.85,-10.38,80.5,0.0,7.04,-84.75773393315785,UAV
2473.524,20.631,-2.64,88.24,0.0,9.07,-90.69490166604744,UAV
2459.085,3.404,-16.76,74.11,0.0001,7.49,-85.28631101957339,UAV
2440.732,3.773,-7.71,83.17,0.0,7.39,-77.46218406820768,UAV
2456.552,13.617,-17.95,72.93,0.0004,9.88,-88.68096963464586,UAV
2441.151,8.08,-29.55,61.33,0.0032,8.69,-76.84847048641325,UAV
2446.657,5.25,-16.48,74.4,0.0001,7.96,-83.57884436505194,UAV
2471.145,7.383,-22.88,68.0,0.0007,10.05,-76.79638234620244,UAV
2417.979,9.475,-16.91,73.97,0.0002,7.98,-84.38625752345119,UAV
2433.823,13.945,-15.08,75.8,0.0002,9.39,-90.58917211560052,UAV
2438.512,18.047,-7.99,82.89,0.0001,8.24,-90.39041381659311,UAV
2436.436,14.479,-5.11,85.77,0.0,8.44,-79.81167112946314,UAV
2404.357,7.834,-10.87,80.01,0.0,9.08,-88.92508959548744,UAV
2456.577,6.686,-21.43,69.44,0.0004,9.06,-89.19700254892936,UAV
2451.461,14.479,-10.97,79.91,0.0001,8.97,-90.4342114960874,UAV
2450.932,10.664,-5.99,84.88,0.0,7.99,-77.26786060718626,UAV
2450.635,10.746,-25.0,65.87,0.0013,9.34,-88.17042169496625,UAV
2427.043,11.689,-25.46,65.41,0.0015,8.75,-89.06694446040433,UAV
2412.535,3.814,-20.09,70.79,0.0002,7.92,-88.09823539229237,UAV
2451.932,9.762,-29.12,61.75,0.0029,8.3,-89.19284722632725,UAV
2442.244,12.141,-16.95,73.93,0.0003,9.3,-85.74367937171846,UAV
2403.982,10.336,-13.62,77.25,0.0001,8.71,-90.6045129760664,UAV
2418.244,20.344,-2.3,88.57,0.0,8.81,-89.20718050991228,UAV
2456.134,2.625,-29.03,61.85,0.0017,9.01,-90.74025343814438,UAV
2449.772,3.896,-10.93,79.95,0.0,7.55,-84.89562642360345,UAV
2431.48,12.592,-13.89,76.99,0.0002,10.34,-79.03604208256874,UAV
2465.744,14.561,-6.22,84.66,0.0,8.77,-83.34043322608528,UAV
2480.13,8.572,-24.23,66.64,0.001,9.77,-88.76498390779429,UAV
2434.218,18.785,-5.63,85.25,0.0,8.73,-88.18139265150876,UAV
2459.47,3.117,-21.94,68.94,0.0004,8.08,-88.96229078013782,UAV
2473.75,3.363,-23.88,67.0,0.0005,8.4,-83.09697236673503,UAV
2447.28,8.9,-20.33,70.54,0.0004,9.17,-88.50852404792444,UAV
2479.903,3.158,-13.63,77.25,0.0001,8.37,-90.50563635041671,UAV
2462.532,6.275,-31.7,59.17,0.0043,9.15,-78.40021053506989,UAV
2442.47,14.15,-14.96,75.92,0.0002,8.89,-84.3848402937466,UAV
2455.167,13.289,-20.44,70.43,0.0006,8.8,-90.57518576921005,UAV
2445.035,10.377,-19.04,71.84,0.0003,8.88,-88.15105037595939,UAV
2431.117,6.316,-12.5,78.38,0.0001,9.92,-78.13792545195858,UAV
2463.462,11.607,-13.04,77.84,0.0001,9.03,-85.94701255997566,UAV
2461.478,5.168,-2.29,88.58,0.0,7.31,-90.42881673728112,UAV
2439.978,12.059,-24.8,66.08,0.0014,8.73,-88.9091120190296,UAV
2478.329,6.645,-10.81,80.06,0.0,9.13,-79.85760314370572,UAV
2406.151,7.301,-28.32,62.55,0.002,8.58,-90.70981647309456,UAV
2452.883,8.654,-21.1,69.78,0.0005,8.78,-78.11739953310321,UAV
2460.379,4.594,-28.63,62.25,0.0018,7.85,-88.00608641250076,UAV
2450.466,13.781,-11.07,79.81,0.0001,9.55,-85.23323475984802,UAV
2421.826,21.123,-4.5,86.38,0.0,9.88,-89.17470792497086,UAV
2422.653,2.092,-30.76,60.12,0.0024,8.33,-90.77528774635411,UAV
2414.825,9.023,-2.74,88.14,0.0,8.16,-90.4135946925056,UAV
2461.228,9.023,-29.77,61.11,0.0033,10.01,-85.06375944724043,UAV
2461.453,6.07,-27.51,63.37,0.0016,9.46,-88.89222537475159,UAV
2462.339,9.926,-26.46,64.41,0.0017,7.82,-85.23314975882714,UAV
2408.289,3.773,-14.96,75.91,0.0001,8.28,-77.02014961519069,UAV
2402.765,7.178,-4.8,86.08,0.0,8.69,-83.56034923177099,UAV
2457.195,4.553,-27.67,63.21,0.0015,8.38,-77.61567117450002,UAV
2427.632,8.818,-14.22,76.65,0.0001,8.58,-83.30104359532172,UAV
2465.856,5.947,-22.38,68.5,0.0005,9.05,-84.7888998368006,UAV
2467.887,3.568,-11.61,79.27,0.0,10.28,-89.40678168723957,UAV
2445.011,13.412,-15.07,75.81,0.0002,8.34,-83.57645902266256,UAV
2419.563,3.199,-27.31,63.57,0.0011,8.87,-83.71128660061852,UAV
2445.46,7.834,-29.53,61.34,0.003,8.84,-80.06811092944407,UAV
2452.414,6.357,-9.6,81.28,0.0,8.91,-85.83656058202031,UAV
2474.16,7.342,-18.23,72.65,0.0002,8.44,-88.84266800364517,UAV
2441.217,11.484,-10.52,80.36,0.0001,8.9,-84.01505682477249,UAV
2480.35,4.512,-31.83,59.05,0.0037,7.42,-77.5575923278563,UAV
2452.922,9.393,-10.61,80.27,0.0001,9.16,-76.73730276979079,UAV
2421.528,4.676,-12.94,77.94,0.0001,8.93,-76.94766803383642,UAV
2425.176,8.449,-30.32,60.56,0.0038,9.28,-78.78083861465673,UAV
2416.265,3.938,-18.15,72.73,0.0002,8.26,-88.32701807148005,UAV
2417.653,8.285,-14.37,76.51,0.0001,8.0,-90.67484471459973,UAV
2473.1,11.854,-4.67,86.21,0.0,8.2,-88.88908912241358,UAV
2440.502,9.27,-3.35,87.53,0.0,7.8,-77.15675015106672,UAV
2419.581,4.922,-3.44,87.44,0.0,7.8,-90.6158986105007,UAV
2406.617,14.725,-5.27,85.61,0.0,8.38,-83.6135258833841,UAV
2458.719,6.645,-27.24,63.63,0.0016,8.77,-77.32494028627474,UAV
2466.399,5.496,-9.87,81.01,0.0,9.63,-83.3344858164806,UAV
2463.253,3.527,-7.43,83.45,0.0,8.21,-90.73213868422738,UAV
2450.827,13.822,-5.34,85.54,0.0,9.36,-90.65952052962284,UAV
2416.921,6.686,-11.72,79.15,0.0,7.85,-85.99434813860195,UAV
2443.805,6.686,-7.08,83.8,0.0,9.02,-90.58652781972854,UAV
2481.267,6.111,-29.88,60.99,0.0028,9.89,-90.59044585028172,UAV
2461.429,7.916,-28.19,62.69,0.0023,8.51,-77.85017357395887,UAV
2446.86,5.373,-31.76,59.12,0.0039,9.07,-79.47309441822375,UAV
2414.108,15.914,-3.9,86.98,0.0,10.63,-88.05147238597594,UAV
2408.889,4.389,-20.81,70.07,0.0003,8.75,-78.29911789405848,UAV
2459.536,9.27,-7.38,83.5,0.0,9.59,-84.4182529256271,UAV
2452.112,4.184,-26.23,64.65,0.001,8.73,-90.73756260709511,UAV
2404.558,11.197,-18.97,71.9,0.0004,9.28,-90.73735955162732,UAV
2413.06,3.979,-27.66,63.21,0.0014,7.75,-76.93096178076716,UAV
2459.835,7.588,-22.49,68.39,0.0006,8.46,-77.99980822886536,UAV
2417.011,6.604,-18.74,72.14,0.0002,7.31,-90.69340656521888,UAV
2467.579,7.916,-27.3,63.58,0.0017,8.41,-83.70879707455842,UAV
2441.824,5.496,-10.64,80.24,0.0,8.04,-88.99740933175238,UAV
2404.113,10.541,-8.58,82.3,0.0,8.9,-88.62938821108077,UAV
2428.225,10.09,-21.17,69.71,0.0006,8.48,-77.72311886576362,UAV
2447.251,7.096,-30.06,60.82,0.003,8.69,-89.19889358691883,UAV
2411.705,10.746,-23.32,67.56,0.0009,8.72,-84.23291623202547,UAV
2416.748,6.645,-29.68,61.2,0.0027,8.34,-83.5500979015772,UAV
2455.307,11.443,-20.53,70.35,0.0005,9.62,-89.07701393948086,UAV
2434.758,3.281,-16.21,74.66,0.0001,8.28,-90.72628259793655,UAV
2422.976,8.654,-22.13,68.74,0.0006,9.85,-84.56266787200316,UAV
2441.54,3.896,-21.82,69.06,0.0004,8.31,-88.97183472574969,UAV
2440.597,14.684,-6.92,83.95,0.0,8.21,-77.43689058457622,UAV
2411.141,10.828,-22.0,68.88,0.0007,9.21,-79.86250658576569,UAV
2406.33,14.602,-5.03,85.85,0.0,7.71,-90.66602940918169,UAV
2471.719,7.916,-6.74,84.14,0.0,7.85,-83.45465635721666,UAV
2410.377,15.258,-15.64,75.23,0.0002,10.55,-90.60868462533077,UAV
2460.086,12.551,-20.98,69.9,0.0006,9.17,-90.35976410482729,UAV
2461.384,14.725,-4.85,86.03,0.0,8.93,-89.16934142786651,UAV
2447.738,7.834,-22.99,67.89,0.0006,8.36,-90.43151780274839,UAV
2473.135,12.428,-20.08,70.8,0.0005,9.61,-89.40049706871888,UAV
2438.194,6.111,-22.19,68.68,0.0005,8.27,-90.68182409565875,UAV
2418.086,12.305,-11.23,79.65,0.0001,10.21,-76.9533756530653,UAV
2403.286,8.531,-11.12,79.76,0.0001,8.33,-83.30453962881913,UAV
2471.956,2.461,-28.64,62.23,0.0015,8.43,-89.27918088844223,UAV
2458.685,5.66,-11.15,79.72,0.0,8.62,-83.4513925889481,UAV
2470.475,5.414,-11.28,79.6,0.0,8.39,-90.72677206948592,UAV
2431.64,13.986,-5.54,85.33,0.0,8.4,-83.69605961888206,UAV
2416.366,4.635,-27.95,62.93,0.0015,8.96,-83.33906912422403,UAV
2444.002,6.85,-30.7,60.18,0.0033,7.84,-90.63510751380623,UAV
2447.212,7.342,-2.38,88.49,0.0,8.2,-84.80123870730706,UAV
2473.299,10.254,-30.96,59.92,0.0046,10.01,-90.70716956114579,UAV
2472.876,2.994,-29.93,60.95,0.0021,7.71,-80.33562808735014,UAV
2464.25,9.023,-16.8,74.08,0.0002,9.85,-84.12059950155327,UAV
2463.336,4.184,-18.85,72.02,0.0002,8.15,-88.6662576267105,UAV
2464.901,5.824,-17.28,73.6,0.0002,9.71,-83.72754650822968,UAV
2418.12,8.777,-30.43,60.45,0.004,8.34,-79.42789361164489,UAV
2403.399,8.039,-19.06,71.82,0.0003,8.75,-85.63956853197995,UAV
2474.145,11.074,-15.76,75.12,0.0002,8.99,-90.74803154172159,UAV
2435.839,16.078,-7.4,83.48,0.0,8.25,-89.41007072303412,UAV
2467.249,4.061,-24.32,66.56,0.0006,8.9,-80.0608860699651,UAV
2434.658,5.66,-25.37,65.51,0.001,8.74,-80.10358699276674,UAV
2449.769,5.127,-9.68,81.19,0.0,7.92,-77.54679216793488,UAV
2472.794,4.225,-20.19,70.69,0.0003,9.58,-90.69476958715718,UAV
2456.063,18.006,-2.67,88.2,0.0,8.78,-90.36159019801427,UAV
2421.275,12.551,-4.14,86.74,0.0,8.57,-90.57731030451407,UAV
2434.038,7.998,-30.23,60.65,0.0032,8.35,-89.448358642536,UAV
2433.206,12.879,-20.65,70.23,0.0006,9.96,-88.84882097401642,UAV
2465.106,12.551,-17.53,73.34,0.0003,9.69,-85.34913545581544,UAV
2441.01,8.203,-26.61,64.26,0.0015,8.18,-84.70536230718784,UAV
2456.971,5.824,-23.67,67.2,0.0007,7.81,-80.20227916798356,UAV
2447.117,8.777,-25.49,65.39,0.0012,10.19,-84.59053569226644,UAV
2421.092,9.475,-28.49,62.39,0.0026,8.57,-85.64412327523473,UAV
2472.127,7.834,-8.92,81.95,0.0,8.31,-80.07139623961915,UAV
2440.862,4.799,-16.53,74.34,0.0001,7.04,-78.11022624001313,UAV
2445.267,5.086,-10.89,79.99,0.0,8.54,-78.82111226795203,UAV
2418.269,6.932,-10.51,80.36,0.0,8.55,-79.81083204583555,UAV
2425.253,6.111,-25.57,65.31,0.001,8.15,-85.46447753946181,UAV
2466.255,10.254,-23.08,67.79,0.0009,8.38,-78.1478098204653,UAV
2430.086,5.947,-9.13,81.75,0.0,8.13,-88.71859543358636,UAV
2436.024,6.07,-30.15,60.73,0.0027,9.64,-85.80839226062493,UAV
2419.628,8.736,-26.01,64.86,0.0015,9.44,-77.69748893321653,UAV
2461.004,17.965,-7.9,82.98,0.0001,8.61,-88.6871797362757,UAV
2403.817,7.137,-21.03,69.84,0.0004,8.39,-84.04846725360262,UAV
2469.318,8.203,-10.43,80.44,0.0,8.13,-90.65910930873227,UAV
2472.883,8.531,-24.14,66.74,0.0009,8.64,-90.66773854310182,UAV
2429.148,8.08,-31.07,59.81,0.0043,9.38,-78.94888835855224,UAV
2451.333,7.875,-19.57,71.31,0.0003,10.05,-90.55391814660243,UAV
2474.299,2.666,-27.89,62.99,0.0013,8.68,-79.06983329001662,UAV
2403.649,8.121,-23.94,66.94,0.0009,8.52,-84.70212943546608,UAV
2479.877,2.83,-15.43,75.45,0.0001,6.2,-90.43072120806016,UAV
2446.587,19.359,-2.97,87.91,0.0,9.62,-90.53069979025327,UAV
2458.955,13.658,-11.42,79.45,0.0001,8.81,-90.66354708382487,UAV
2456.833,10.992,-23.24,67.64,0.0009,8.74,-89.00673410659084,UAV
2421.764,5.168,-26.68,64.19,0.0012,9.82,-79.5682531358653,UAV
2467.007,12.018,-22.61,68.27,0.0009,8.72,-90.353114750844,UAV
2451.45,7.096,-17.6,73.27,0.0002,9.39,-80.19501749763131,UAV
2452.446,8.039,-11.37,79.51,0.0001,7.95,-79.49416450199881,UAV
2467.88,9.516,-19.45,71.42,0.0003,9.97,-88.16392742864527,UAV
2411.956,8.736,-11.82,79.05,0.0001,9.87,-83.72348102382833,UAV
2457.129,18.621,-4.3,86.57,0.0,9.59,-90.61462375019492,UAV
2433.557,19.318,-2.38,88.5,0.0,9.17,-84.19531660498856,UAV
2417.409,8.244,-15.93,74.95,0.0001,9.32,-90.44534604077025,UAV
2470.003,3.568,-30.02,60.86,0.0023,7.51,-90.46351136304554,UAV
2459.419,6.357,-27.81,63.07,0.0017,8.37,-85.46868777796108,UAV
2465.606,3.609,-26.8,64.08,0.0011,8.4,-88.72837520558035,UAV
2436.38,6.562,-5.49,85.38,0.0,7.31,-83.4241456257113,UAV
2423.794,5.947,-17.66,73.21,0.0002,8.22,-84.26533091477543,UAV
2402.621,8.531,-11.97,78.9,0.0001,9.21,-90.71612871222248,UAV
2418.014,13.781,-17.49,73.38,0.0003,8.73,-87.85429599798752,UAV
2419.128,11.115,-7.13,83.74,0.0,7.82,-78.25138432796042,UAV
2481.029,6.973,-7.02,83.86,0.0,8.59,-83.47513326307134,UAV
2444.876,9.762,-23.87,67.0,0.0009,9.6,-90.39441783951887,UAV
2402.828,7.219,-3.24,87.64,0.0,7.85,-90.60867819505243,UAV
2460.522,11.115,-7.81,83.07,0.0,7.39,-88.27785828748944,UAV
2440.344,12.592,-19.81,71.07,0.0005,9.54,-90.39911392701616,UAV
2420.119,7.219,-20.98,69.9,0.0004,8.24,-90.58122488056082,UAV
2437.773,5.209,-30.15,60.73,0.0026,7.05,-84.21974104427102,UAV
2460.942,7.137,-9.69,81.19,0.0,8.42,-85.22735180900798,UAV
2414.345,5.947,-26.6,64.27,0.0013,9.19,-89.00668719825609,UAV
2427.58,14.52,-3.45,87.43,0.0,7.92,-90.6342665232867,UAV
2448.808,9.023,-22.36,68.51,0.0006,8.81,-85.90123778225912,UAV
2458.117,4.102,-23.92,66.96,0.0006,8.17,-78.92594310682131,UAV
2463.818,6.029,-31.68,59.2,0.004,9.22,-83.43567616861262,UAV
2450.995,19.195,-6.33,84.54,0.0,8.77,-90.70344346955663,UAV
2460.76,11.977,-18.94,71.93,0.0004,7.99,-90.72978736865528,UAV
2445.031,4.84,-4.45,86.43,0.0,8.05,-89.01342970067432,UAV
2449.301,10.008,-27.41,63.47,0.0021,9.01,-84.30871487609161,UAV
2439.302,6.932,-30.38,60.5,0.0031,9.26,-85.56878959850653,UAV
2416.874,15.094,-8.33,82.54,0.0001,8.57,-79.8452152487624,UAV
2480.988,5.004,-5.89,84.99,0.0,8.57,-90.60706732330324,UAV
2444.68,10.131,-26.25,64.63,0.0017,9.94,-84.72964373925183,UAV
2436.993,17.35,-5.69,85.19,0.0,8.74,-90.72639447487748,UAV
2445.659,17.965,-8.03,82.85,0.0001,8.85,-90.4614984911373,UAV
2475.879,11.936,-25.37,65.5,0.0015,9.77,-90.66837124091313,UAV
2456.216,7.916,-17.45,73.43,0.0002,7.88,-80.19950551028508,UAV
2459.874,6.316,-11.99,78.88,0.0,8.68,-83.45523616548087,UAV
2469.164,15.012,-12.27,78.61,0.0001,8.58,-83.95152882842757,UAV
2448.161,2.789,-23.63,67.25,0.0005,7.19,-89.31208220721481,UAV
2402.635,3.527,-25.66,65.21,0.0008,9.19,-85.25051609625689,UAV
2407.708,5.496,-20.73,70.15,0.0003,7.58,-79.63989114138747,UAV
2476.876,9.311,-10.98,79.9,0.0,8.53,-88.82220711014276,UAV
2471.74,10.418,-29.67,61.2,0.0035,9.97,-85.70860346204933,UAV
2461.118,8.613,-18.51,72.37,0.0003,7.73,-78.85174787641122,UAV
2454.339,7.219,-12.23,78.64,0.0001,8.31,-84.39270331863683,UAV
2412.415,11.771,-24.49,66.39,0.0012,9.86,-90.64217188415279,UAV
2409.949,10.008,-29.34,61.54,0.0032,8.68,-90.5963156491004,UAV
2466.846,13.945,-12.17,78.71,0.0001,9.27,-82.91120187106789,UAV
2427.042,12.633,-13.81,77.07,0.0001,8.44,-88.83700995916954,UAV
2420.265,6.357,-28.67,62.21,0.0022,10.46,-78.81352288569147,UAV
2476.075,8.039,-14.39,76.49,0.0001,7.98,-77.3924518511876,UAV
2465.19,4.225,-3.43,87.45,0.0,7.46,-80.00475282216382,UAV
2479.137,9.967,-5.45,85.42,0.0,9.11,-84.04968961350556,UAV
2477.047,8.777,-31.31,59.57,0.0046,8.99,-83.44648757843453,UAV
2409.442,16.283,-15.06,75.82,0.0002,9.4,-90.4745438635899,UAV
2426.532,6.439,-24.57,66.31,0.0008,8.23,-90.60200860643825,UAV
2415.531,3.199,-27.91,62.97,0.0014,9.36,-88.66131688829856,UAV
2446.864,5.865,-13.32,77.56,0.0001,10.12,-89.32319189529079,UAV
2402.869,6.152,-7.39,83.48,0.0,8.13,-90.6378440799057,UAV
2451.229,8.449,-17.17,73.7,0.0002,9.36,-89.13687383208219,UAV
2425.806,5.947,-15.91,74.97,0.0001,7.75,-90.65505032085457,UAV
2480.974,5.947,-27.81,63.07,0.0018,9.52,-79.69126097763125,UAV
2425.814,10.131,-24.28,66.59,0.0011,9.46,-90.6449533453011,UAV
2453.546,4.799,-28.53,62.35,0.0018,8.18,-78.90565511993951,UAV
2445.515,6.604,-25.25,65.63,0.001,8.52,-88.78069423963265,UAV
2477.57,9.516,-16.14,74.73,0.0002,9.49,-84.99569922881068,UAV
2449.213,13.576,-21.05,69.83,0.0007,10.09,-90.76411747291976,UAV
2462.625,3.035,-26.35,64.53,0.0009,8.37,-85.47624498493671,UAV
2409.363,5.578,-24.05,66.83,0.0007,9.51,-85.94482575272083,UAV
2424.738,8.203,-29.46,61.42,0.0028,9.01,-84.84414826850501,UAV
2413.846,4.717,-23.38,67.5,0.0005,7.47,-85.97603604820988,UAV
2451.681,11.895,-4.09,86.79,0.0,8.44,-80.05856176140374,UAV
2402.418,7.26,-19.51,71.37,0.0003,9.69,-88.66696588622476,UAV
2408.621,8.941,-27.84,63.03,0.0021,9.84,-90.72058077815541,UAV
2473.324,16.037,-6.89,83.99,0.0,9.73,-90.62008478520275,UAV
2433.568,13.863,-12.42,78.45,0.0001,8.69,-90.51781143966724,UAV
2444.693,10.008,-28.35,62.53,0.0025,8.91,-90.63888464129889,UAV
2476.003,6.85,-11.0,79.88,0.0,8.33,-90.42512515799606,UAV
2440.268,10.705,-6.26,84.62,0.0,9.81,-78.5286776965308,UAV
2415.044,8.367,-14.25,76.62,0.0001,9.5,-90.67170100136192,UAV
2448.441,11.689,-2.48,88.39,0.0,8.01,-79.02368481253134,UAV
2429.906,6.111,-30.77,60.1,0.0032,9.25,-88.6034063457296,UAV
2458.898,8.9,-13.48,77.4,0.0001,8.03,-84.92551091777158,UAV
2411.356,5.414,-13.4,77.47,0.0001,9.06,-78.85825413309055,UAV
2457.53,11.197,-15.39,75.48,0.0002,9.04,-89.46510960748208,UAV
2409.727,9.311,-25.45,65.43,0.0013,9.02,-83.62269474164702,UAV
2462.73,13.904,-5.03,85.85,0.0,9.33,-85.69474669820443,UAV
2464.601,13.33,-13.71,77.17,0.0001,9.06,-85.77759692737189,UAV
2403.598,7.875,-24.4,66.48,0.0009,8.43,-90.69304736537151,UAV
2408.022,3.938,-8.23,82.65,0.0,7.03,-89.16161884079546,UAV
2470.367,12.223,-13.7,77.18,0.0001,8.91,-79.68545166739915,UAV
2435.985,13.535,-12.52,78.36,0.0001,8.28,-85.21054996984883,UAV
2419.221,9.105,-23.99,66.88,0.0009,8.6,-85.00186536306526,UAV
2410.732,16.283,-12.31,78.57,0.0001,8.53,-90.37495923691853,UAV
2478.436,5.127,-21.03,69.84,0.0003,7.9,-90.410125445234,UAV
2434.847,6.604,-4.98,85.9,0.0,8.43,-90.73817279636202,UAV
2455.997,4.43,-11.12,79.75,0.0,8.44,-90.63497852190525,UAV
2440.614,3.732,-17.49,73.38,0.0001,8.23,-90.63759553435219,UAV
2425.858,8.9,-10.93,79.94,0.0,9.01,-90.7296509090628,UAV
2476.323,2.994,-17.26,73.62,0.0001,7.88,-88.18581724378348,UAV
2408.854,12.797,-3.18,87.7,0.0,8.71,-83.15116860091408,UAV
2403.932,4.512,-7.02,83.85,0.0,9.23,-83.16063948777003,UAV
2407.479,16.816,-2.8,88.08,0.0,8.15,-90.75371911471831,UAV
2433.185,11.074,-24.56,66.32,0.0012,9.24,-85.43194169186881,UAV
2429.991,15.176,-4.09,86.79,0.0,9.04,-84.64352801872131,UAV
2440.079,11.525,-22.08,68.79,0.0007,9.45,-89.18110354574327,UAV
2447.643,7.137,-31.3,59.57,0.0039,8.62,-84.32606907949871,UAV
2418.26,3.199,-24.6,66.28,0.0006,6.82,-83.87582848649855,UAV
2405.587,7.342,-27.99,62.89,0.0019,9.23,-88.90414566771034,UAV
2432.775,6.152,-8.3,82.58,0.0,9.13,-90.38802047611021,UAV
2424.855,13.002,-9.84,81.04,0.0001,8.96,-88.9677764689039,UAV
2404.6,11.361,-19.33,71.55,0.0004,9.39,-90.74534612122585,UAV
2478.298,11.607,-21.75,69.12,0.0007,8.92,-88.10831973631801,UAV
2417.333,5.578,-11.68,79.2,0.0,8.89,-83.20005022733577,UAV
2459.847,9.188,-27.52,63.36,0.0022,9.41,-78.98401550534578,UAV
2411.782,7.137,-14.53,76.35,0.0001,8.74,-84.02836968514737,UAV
2443.813,8.285,-29.55,61.32,0.0032,10.52,-77.62926102312225,UAV
2476.215,8.203,-26.42,64.46,0.0015,10.12,-83.15076088455935,UAV
2465.069,14.848,-18.31,72.57,0.0004,9.37,-90.67743854304555,UAV
2413.737,8.859,-11.81,79.07,0.0001,9.44,-80.19558917738385,UAV
2405.558,10.541,-7.21,83.67,0.0,9.62,-90.68227651711315,UAV
2441.68,8.818,-18.13,72.75,0.0003,7.72,-77.29280598962069,UAV
2428.772,12.674,-15.1,75.78,0.0002,10.26,-83.0315349689836,UAV
2413.421,11.197,-13.6,77.28,0.0001,8.07,-85.60841976331,UAV
2474.66,8.777,-3.97,86.9,0.0,7.92,-85.16269219162443,UAV
2446.577,18.211,-9.03,81.85,0.0001,8.26,-88.82484595542542,UAV
2477.358,4.676,-29.03,61.84,0.002,8.43,-79.89801853180758,UAV
2475.321,8.408,-20.63,70.25,0.0004,8.66,-90.6135761573438,UAV
2469.341,7.014,-30.38,60.5,0.0032,8.46,-84.62500836360216,UAV
2479.137,6.275,-18.73,72.15,0.0002,8.53,-90.55556399831738,UAV
2433.675,2.666,-26.25,64.62,0.0009,8.13,-88.62807497164175,UAV
2477.207,8.9,-17.58,73.3,0.0002,8.6,-84.43798904816825,UAV
2453.413,10.377,-18.6,72.28,0.0003,9.72,-83.26186940888306,UAV
2465.412,15.75,-7.73,83.15,0.0,9.94,-88.44844897487658,UAV
2421.332,8.326,-31.39,59.49,0.0047,11.76,-79.17802067883252,UAV
2453.195,3.855,-12.13,78.75,0.0,7.08,-76.85007296465767,UAV
2416.761,11.977,-9.21,81.67,0.0001,9.99,-79.13663509484317,UAV
2455.161,8.408,-19.8,71.08,0.0003,9.94,-88.3768407310164,UAV
2477.008,11.197,-17.18,73.69,0.0002,9.35,-90.5811225712633,UAV
2441.7,11.648,-25.08,65.8,0.0015,9.99,-90.43006799641819,UAV
2427.104,5.332,-26.29,64.59,0.0011,7.26,-88.75031172581744,UAV
2475.68,12.059,-23.25,67.63,0.001,8.98,-90.66201981675442,UAV
2428.482,5.701,-16.27,74.61,0.0001,8.03,-77.45974966640006,UAV
2461.23,4.799,-26.1,64.77,0.001,9.49,-90.63105079286609,UAV
2429.077,11.689,-23.16,67.72,0.001,9.46,-84.93101588367283,UAV
2475.168,14.561,-4.52,86.36,0.0,9.26,-79.49616692376627,UAV
2462.586,9.188,-12.67,78.21,0.0001,7.84,-77.88637764859854,UAV
2435.367,2.338,-29.66,61.22,0.0019,8.21,-84.40468102646639,UAV
2479.049,10.787,-14.54,76.34,0.0002,8.35,-89.24892298761138,UAV
2438.298,6.07,-28.73,62.15,0.0021,9.13,-90.52189297401947,UAV
2402.176,6.562,-13.56,77.32,0.0001,8.69,-90.59004916670362,UAV
2461.178,7.916,-12.45,78.43,0.0001,8.48,-78.19751434222844,UAV
2446.836,6.439,-14.82,76.05,0.0001,8.27,-90.75363069387048,UAV
2451.216,4.225,-24.67,66.21,0.0007,8.98,-77.64420209685647,UAV
2452.712,5.004,-31.47,59.41,0.0035,8.42,-83.21108016504937,UAV
2471.167,3.527,-30.95,59.93,0.0028,9.06,-77.5727957521929,UAV
2436.726,7.875,-22.59,68.29,0.0006,8.3,-88.99463269023461,UAV
2409.115,12.592,-13.26,77.62,0.0001,8.71,-84.23185991444247,UAV
2407.974,4.266,-25.16,65.72,0.0008,9.29,-77.11317815920746,UAV
2453.934,6.152,-8.73,82.15,0.0,9.39,-78.67759778754154,UAV
2433.136,10.828,-21.69,69.19,0.0007,9.56,-84.33856648446718,UAV
2433.646,9.721,-26.1,64.78,0.0017,8.21,-79.52374643641008,UAV
2468.548,8.818,-14.4,76.47,0.0001,9.29,-90.45750151140957,UAV
2422.013,11.895,-15.14,75.74,0.0002,9.14,-84.31745604509562,UAV
2448.469,13.576,-16.67,74.2,0.0003,8.05,-88.31714292438963,UAV
2441.359,6.111,-13.44,77.44,0.0001,8.93,-84.528278014976,UAV
2478.909,8.039,-29.04,61.84,0.0026,9.3,-83.28539521533025,UAV
2477.817,8.039,-9.21,81.67,0.0,7.97,-78.23569846907873,UAV
2467.832,6.645,-23.75,67.13,0.0007,8.06,-88.50885038443222,UAV
2433.626,10.172,-8.46,82.42,0.0,8.84,-90.5833038418305,UAV
2404.018,10.705,-12.89,77.99,0.0001,9.34,-89.21400591933217,UAV
2457.28,3.855,-7.51,83.36,0.0,7.56,-90.61756964008033,UAV
2428.89,10.049,-25.47,65.41,0.0014,8.6,-83.93744265529622,UAV
2464.639,5.742,-16.97,73.91,0.0002,8.19,-76.96546547541348,UAV
2478.669,6.973,-18.71,72.17,0.0002,9.28,-85.72919443582306,UAV
2450.076,9.844,-8.9,81.98,0.0,8.58,-88.83621379215126,UAV
2420.183,6.932,-30.59,60.29,0.0035,10.25,-79.00766666733178,UAV
2405.577,11.279,-2.5,88.38,0.0,7.66,-90.7382234101301,UAV
2435.151,15.873,-13.52,77.35,0.0002,9.51,-90.47037287014503,UAV
2427.615,8.121,-23.24,67.64,0.0007,8.83,-88.44850878744188,UAV
2475.517,4.963,-31.5,59.38,0.0034,8.13,-86.08292803958227,UAV
2410.976,13.412,-18.01,72.87,0.0003,8.52,-89.13729153277852,UAV
2441.806,6.562,-20.41,70.47,0.0004,7.79,-77.7825317220312,UAV
2425.521,9.68,-12.62,78.26,0.0001,9.03,-89.1445676968736,UAV
2475.361,10.131,-18.14,72.73,0.0003,8.6,-88.99772091349621,UAV
2446.006,20.385,-2.31,88.57,0.0,9.23,-90.62862243360343,UAV
2444.432,7.014,-19.27,71.6,0.0003,8.61,-90.73412779218567,UAV
2480.751,5.906,-2.09,88.79,0.0,8.53,-84.58986811897498,UAV
2461.713,10.213,-2.46,88.42,0.0,8.66,-77.63474358798818,UAV
2415.775,12.633,-5.06,85.82,0.0,7.97,-90.56556239340557,UAV
2466.604,16.529,-4.41,86.47,0.0,9.16,-77.84974637341254,UAV
2421.287,5.824,-26.74,64.14,0.0013,8.96,-88.66475250459618,UAV
2466.768,15.135,-9.26,81.62,0.0001,9.8,-89.08504465625654,UAV
2452.42,16.652,-5.4,85.48,0.0,8.18,-88.24941992305736,UAV
2460.938,5.168,-28.55,62.33,0.0018,9.55,-83.41254334166788,UAV
2467.492,7.506,-10.61,80.26,0.0,9.4,-84.98167690892483,UAV
2424.206,16.693,-11.71,79.17,0.0001,9.86,-90.68760710783621,UAV
2476.422,8.654,-28.28,62.59,0.0022,10.03,-88.9880081439536,UAV
2427.433,2.871,-19.7,71.18,0.0002,7.73,-76.94458785409789,UAV
2404.267,10.295,-20.88,70.0,0.0006,8.19,-85.89352569821489,UAV
2402.878,8.367,-12.71,78.17,0.0001,8.89,-89.22460200182235,UAV
2408.249,7.383,-31.04,59.84,0.0041,8.77,-77.67018586044797,UAV
2461.248,12.1,-10.38,80.5,0.0001,8.72,-77.9688786518051,UAV
2450.907,11.32,-24.7,66.17,0.0013,9.28,-89.10318861814224,UAV
2429.23,19.318,-7.83,83.04,0.0001,8.31,-90.71702450621805,UAV
2410.927,6.316,-12.83,78.05,0.0001,8.72,-89.26745686650415,UAV
2432.033,7.793,-29.08,61.8,0.0027,9.89,-78.89251655627885,UAV
2428.684,3.896,-5.34,85.54,0.0,8.29,-90.72321645281197,UAV
2412.499,9.023,-10.81,80.06,0.0,9.38,-83.25001043270248,UAV
2425.612,9.557,-2.04,88.84,0.0,7.69,-90.69237587941512,UAV
2470.717,6.357,-24.4,66.48,0.0008,8.34,-88.59803819776107,UAV
2430.886,12.1,-3.41,87.47,0.0,9.11,-76.98143382923213,UAV
2468.717,14.15,-3.18,87.7,0.0,10.32,-82.91565899092507,UAV
2464.075,4.143,-13.21,77.66,0.0001,7.62,-90.73485188537134,UAV
2437.579,16.652,-2.29,88.59,0.0,8.26,-79.60637449758032,UAV
2422.857,9.064,-13.73,77.15,0.0001,8.69,-88.73469073580475,UAV
2452.95,9.229,-16.96,73.92,0.0002,9.2,-90.5564703797943,UAV
2416.19,9.229,-17.8,73.08,0.0002,8.58,-88.31670670694241,UAV
2459.535,11.115,-15.8,75.08,0.0002,9.84,-79.47532354317977,UAV
2449.637,11.484,-19.33,71.55,0.0004,9.6,-89.34960162149731,UAV
2455.618,10.459,-30.4,60.48,0.0041,8.82,-88.68420800484022,UAV
2422.386,5.291,-18.45,72.43,0.0002,7.2,-77.80501265020236,UAV
2404.079,3.896,-31.14,59.73,0.003,8.15,-90.55275124303363,UAV
2449.912,11.402,-21.7,69.18,0.0007,8.06,-85.63257016823187,UAV
2446.039,12.838,-6.14,84.74,0.0,8.92,-83.37606067722923,UAV
2424.774,6.727,-25.62,65.26,0.0011,8.77,-84.74331920639202,UAV
2442.516,5.865,-30.18,60.7,0.0029,9.03,-78.13009833525707,UAV
2464.993,6.85,-18.44,72.44,0.0002,9.48,-90.36943031733654,UAV
2456.511,12.551,-11.55,79.33,0.0001,8.61,-76.6883063419196,UAV
2433.78,4.389,-11.54,79.34,0.0,9.12,-90.75674539400339,UAV
2420.327,5.127,-12.64,78.23,0.0001,8.62,-79.958034297872,UAV
2402.244,3.773,-27.72,63.15,0.0014,8.29,-88.42783966638389,UAV
2414.284,5.66,-26.51,64.37,0.0012,9.46,-90.58189941324407,UAV
2413.407,9.557,-28.6,62.27,0.0026,9.05,-90.67564090830525,UAV
2475.237,13.658,-7.15,83.72,0.0,7.55,-78.77062553535401,UAV
2474.881,5.947,-12.71,78.16,0.0001,8.66,-79.29835575156419,UAV
2427.489,13.166,-5.05,85.83,0.0,9.47,-78.00021541708549,UAV
2445.515,19.646,-6.08,84.79,0.0,9.27,-89.29798057547004,UAV
2449.318,5.209,-24.78,66.1,0.0008,8.4,-83.44957046463222,UAV
2411.41,3.035,-26.86,64.02,0.0011,7.85,-88.88607256151239,UAV
2431.343,6.727,-2.81,88.07,0.0,7.78,-78.98411910339678,UAV
2453.564,6.357,-19.78,71.09,0.0003,9.11,-78.84525766037399,UAV
2446.575,7.67,-11.34,79.54,0.0,8.64,-84.69832313445495,UAV
2427.084,5.291,-8.0,82.87,0.0,9.49,-90.70118779845765,UAV
2457.682,11.936,-16.01,74.87,0.0002,9.51,-77.91761729213601,UAV
2471.753,6.891,-17.89,72.99,0.0002,8.47,-79.57094778312259,UAV
2426.281,5.947,-25.62,65.26,0.0011,8.68,-77.38034705368494,UAV
2411.55,4.594,-8.36,82.52,0.0,8.19,-79.65181731727651,UAV
2440.787,6.439,-16.53,74.35,0.0001,9.35,-78.6787253410481,UAV
2475.316,14.807,-14.75,76.13,0.0002,8.92,-89.00767650925818,UAV
2454.22,7.383,-26.63,64.25,0.0014,10.38,-90.72354691368092,UAV
2473.385,16.406,-9.25,81.63,0.0001,9.1,-84.34759249299265,UAV
2414.556,8.941,-19.59,71.29,0.0003,8.48,-84.07843367014256,UAV
2413.511,2.83,-27.34,63.54,0.0011,8.13,-80.02829995319944,UAV
2415.359,9.803,-13.1,77.77,0.0001,9.13,-79.84945175148073,UAV
2402.1,5.537,-29.19,61.69,0.0023,9.25,-83.68733185342008,UAV
2455.012,9.229,-26.53,64.35,0.0016,9.65,-84.18454196572469,UAV
2422.441,7.137,-28.85,62.03,0.0024,8.59,-78.61198420461527,UAV
2480.378,7.834,-20.64,70.24,0.0005,9.38,-80.37271755643948,UAV
2462.131,14.766,-3.95,86.93,0.0,8.32,-79.6556062847796,UAV
2474.405,2.666,-31.94,58.94,0.0032,9.64,-88.91627840822994,UAV
2453.517,15.463,-8.75,82.13,0.0001,8.64,-90.68705695523875,UAV
2465.086,10.828,-3.46,87.42,0.0,9.45,-77.36949575744492,UAV
2443.789,14.479,-4.12,86.76,0.0,8.97,-89.32029865522918,UAV
2404.387,6.521,-20.86,70.02,0.0004,9.09,-88.19920131243387,UAV
2416.653,6.398,-18.63,72.25,0.0002,8.12,-79.09017752954799,UAV
2432.048,6.562,-29.34,61.53,0.0024,9.91,-90.71333567951011,UAV
2439.496,9.105,-24.19,66.69,0.001,8.67,-79.0466876422256,UAV
2476.577,7.793,-2.3,88.58,0.0,8.52,-83.20621568837244,UAV
2473.826,4.225,-14.26,76.62,0.0001,6.71,-90.62854094846897,UAV
2442.531,2.912,-23.36,67.52,0.0005,7.76,-77.18834288274688,UAV
2467.173,2.912,-24.75,66.13,0.0007,8.03,-90.57673216246286,UAV
2463.61,6.234,-24.08,66.8,0.0007,8.54,-88.80367959447103,UAV
2438.262,4.02,-14.61,76.27,0.0001,7.9,-85.03756276542163,UAV
2462.279,3.979,-24.89,65.99,0.0007,7.96,-90.77448730706281,UAV
2437.24,6.932,-31.4,59.48,0.0039,8.65,-90.66355358284672,UAV
2432.737,5.701,-20.15,70.73,0.0003,7.11,-80.01830906440118,UAV
2438.659,10.787,-14.64,76.24,0.0001,8.96,-88.5101771513938,UAV
2467.674,10.582,-15.29,75.58,0.0001,8.91,-90.44454200041554,UAV
2477.378,5.537,-15.07,75.81,0.0001,7.64,-88.99458941962942,UAV
2452.434,10.869,-19.1,71.78,0.0004,8.99,-79.81088276566365,UAV
2463.827,4.061,-29.59,61.29,0.0022,8.05,-77.07273191196994,UAV
2457.689,3.691,-18.58,72.3,0.0002,8.68,-90.5827689069489,UAV
2411.826,6.111,-23.67,67.21,0.0007,7.8,-76.87301880464014,UAV
2442.945,7.219,-28.07,62.8,0.0019,8.83,-84.97346452628625,UAV
2417.755,14.314,-17.52,73.36,0.0003,8.79,-88.42613545479242,UAV
2403.568,3.568,-25.72,65.16,0.0008,7.48,-85.22017867062954,UAV
2409.928,3.117,-29.69,61.19,0.002,8.42,-90.54394598919039,UAV
2479.198,9.188,-17.88,73.0,0.0003,9.74,-76.70713262480815,UAV
2462.372,47.209,-19.8,71.07,0.0272,9.94,-81.80113135400079,WiFi
2462.719,44.051,-14.26,76.61,0.0049,9.97,-89.00363810022257,WiFi
2412.937,26.578,-40.63,50.25,0.0904,10.18,-84.18762430515429,WiFi
2462.451,47.127,-16.45,74.42,0.0191,9.82,-78.97483943540496,WiFi
2462.44,46.143,-20.4,70.47,0.0265,9.48,-77.81745962725236,WiFi
2437.401,32.771,-37.3,53.57,0.0647,9.65,-89.2085892155334,WiFi
2437.766,44.133,-21.69,69.19,0.0111,10.63,-89.10986749549865,WiFi
2461.445,34.945,-31.79,59.09,0.0315,9.75,-88.1931220271075,WiFi
2462.591,47.455,-23.89,66.99,0.0412,10.31,-89.32960945732961,WiFi
2412.35,29.367,-16.17,74.71,0.0024,9.4,-78.23267544925203,WiFi
2437.282,61.564,-24.22,66.66,0.0855,10.15,-89.49548656363461,WiFi
2461.683,40.277,-25.39,65.49,0.0161,10.11,-88.62168319282523,WiFi
2412.407,27.727,-24.76,66.11,0.0081,9.66,-78.90415714534878,WiFi
2436.584,36.463,-31.85,59.03,0.0335,8.74,-90.51001794478702,WiFi
2416.081,38.76,-16.08,74.8,0.0073,9.97,-82.56251864404429,WiFi
2436.288,62.303,-15.21,75.67,0.0507,10.27,-81.63177466005595,WiFi
2461.567,46.02,-38.14,52.74,0.1693,11.11,-87.73498325701533,WiFi
2416.008,35.561,-38.81,52.07,0.1115,10.38,-87.77388126271265,WiFi
2436.802,42.697,-19.95,70.92,0.0089,10.49,-85.60107258332555,WiFi
2461.814,45.035,-15.37,75.51,0.0058,10.26,-88.80148580421022,WiFi
2462.332,44.379,-39.01,51.86,0.1742,10.37,-85.21723976649746,WiFi
2415.477,38.062,-17.4,73.48,0.008,10.01,-85.91244470695116,WiFi
2460.971,49.424,-21.71,69.17,0.0393,9.81,-84.82286751126716,WiFi
2461.111,49.096,-16.15,74.73,0.0224,10.58,-77.777386891036,WiFi
2436.297,31.377,-38.99,51.89,0.0804,9.14,-90.44521001906479,WiFi
2416.199,37.201,-24.22,66.66,0.0185,9.88,-79.30738721848212,WiFi
2411.515,26.25,-37.28,53.59,0.0518,9.64,-89.28197003546518,WiFi
2412.175,27.891,-28.14,62.74,0.0135,9.65,-84.93257052183989,WiFi
2411.747,27.111,-34.74,56.14,0.0358,10.49,-90.66286491698303,WiFi
2461.868,49.629,-16.55,74.33,0.0237,9.63,-86.03285138737193,WiFi
2437.859,51.064,-40.55,50.33,0.2485,9.0,-90.68247200302952,WiFi
2461.471,38.637,-28.73,62.15,0.023,10.73,-89.21009771619788,WiFi
2437.588,49.793,-41.86,49.01,0.2744,11.19,-90.61775827480142,WiFi
2462.017,23.42,-37.97,52.9,0.0518,9.72,-76.60938223743813,WiFi
2436.848,41.262,-26.16,64.72,0.0178,10.01,-90.51769594973592,WiFi
2438.13,23.789,-36.71,54.17,0.0428,9.08,-76.84809225668539,WiFi
2411.497,26.783,-31.71,59.16,0.0219,9.55,-87.6999169469489,WiFi
2460.816,43.107,-37.78,53.1,0.1448,9.99,-79.36480453885278,WiFi
2436.325,59.227,-26.35,64.53,0.0937,9.71,-87.93142021557051,WiFi
2412.826,26.619,-32.42,58.46,0.0251,9.41,-76.71616228960443,WiFi
2415.804,36.258,-19.91,70.97,0.0096,10.84,-77.44526976792866,WiFi
2436.678,50.203,-12.41,78.47,0.005,10.57,-87.66453554222481,WiFi
2460.878,50.982,-12.21,78.66,0.0179,9.56,-83.12030655382482,WiFi
2436.87,63.41,-18.15,72.73,0.0614,10.23,-85.98330199850508,WiFi
2461.888,23.051,-37.67,53.21,0.0483,9.28,-77.03821995195456,WiFi
2415.961,37.734,-26.31,64.56,0.0247,9.58,-89.7605372391442,WiFi
2436.84,42.041,-24.27,66.6,0.0143,10.48,-90.71367914516746,WiFi
2461.248,30.475,-35.57,55.31,0.0473,9.9,-84.69285548915185,WiFi
2416.118,34.248,-35.44,55.44,0.0668,10.81,-79.17998772224354,WiFi
2461.864,31.254,-34.25,56.63,0.0401,9.89,-83.77682574506538,WiFi
2462.232,47.619,-18.16,72.72,0.024,10.07,-84.17660745466057,WiFi
2411.666,26.619,-36.37,54.5,0.0454,10.26,-90.53018618853564,WiFi
2437.658,39.252,-17.17,73.71,0.0057,10.12,-78.93137495140854,WiFi
2462.186,36.668,-30.63,60.25,0.0284,11.25,-88.44141119982586,WiFi
2462.671,26.004,-34.57,56.31,0.0341,9.89,-76.88871981899736,WiFi
2462.652,38.924,-21.69,69.19,0.0097,9.2,-84.19888770598708,WiFi
2462.006,45.158,-13.63,77.25,0.0048,10.24,-88.814036608513,WiFi
2461.145,36.586,-21.56,69.32,0.0088,9.27,-78.28805482749812,WiFi
2461.027,49.055,-27.93,62.94,0.0693,9.56,-90.21892867350928,WiFi
2416.035,37.816,-24.43,66.45,0.0195,9.54,-87.93079394836411,WiFi
2436.983,33.387,-31.35,59.53,0.0287,8.91,-84.9569240934315,WiFi
2437.051,25.758,-41.42,49.46,0.0986,9.92,-84.0309394097249,WiFi
2438.083,60.58,-23.91,66.97,0.0821,9.54,-87.41746744911052,WiFi
2462.123,35.602,-29.16,61.72,0.0226,9.87,-85.49356862854788,WiFi
2461.704,29.736,-41.18,49.7,0.1064,9.45,-88.86188759839175,WiFi
2461.188,46.758,-39.35,51.52,0.1967,11.19,-88.96376595422777,WiFi
2436.182,66.281,-12.87,78.01,0.05,9.5,-82.80555199784766,WiFi
2416.376,38.186,-18.4,72.48,0.0094,10.11,-81.78093593757305,WiFi
2462.096,45.814,-25.61,65.27,0.0451,9.59,-78.23215272309534,WiFi
2437.141,52.91,-35.06,55.82,0.158,11.49,-88.37689538125666,WiFi
2462.019,30.475,-34.9,55.98,0.0429,9.73,-84.53070499421096,WiFi
2437.809,56.438,-27.08,63.8,0.0916,10.01,-84.25783235647754,WiFi
2436.707,57.996,-24.66,66.22,0.0802,10.47,-84.09523281297774,WiFi
2461.072,50.818,-12.4,78.48,0.018,10.84,-82.58173538393305,WiFi
2412.896,30.598,-16.75,74.12,0.0029,9.99,-82.63784632108838,WiFi
2436.683,64.928,-17.39,73.48,0.0621,10.33,-86.92800995566142,WiFi
2412.554,29.244,-27.78,63.1,0.0137,9.26,-88.47826450194248,WiFi
2436.476,31.459,-27.25,63.63,0.0148,9.45,-76.52227007267795,WiFi
2415.462,36.873,-27.92,62.96,0.0279,10.03,-90.09251381987264,WiFi
2415.71,35.889,-29.34,61.53,0.0323,9.07,-83.09242041624574,WiFi
2412.713,27.275,-39.51,51.37,0.0772,10.23,-90.46308827146237,WiFi
2461.874,34.125,-28.14,62.74,0.0188,10.28,-83.43912495633877,WiFi
2461.169,49.957,-18.46,72.41,0.0294,11.14,-86.71887515666349,WiFi
2412.039,29.572,-23.35,67.53,0.0071,10.36,-90.34009919869578,WiFi
2462.589,44.338,-34.3,56.57,0.1042,10.17,-84.2348816154128,WiFi
2462.291,47.537,-21.43,69.45,0.0328,9.61,-84.59114573518637,WiFi
2412.659,29.982,-18.35,72.53,0.0035,10.4,-83.02921608929498,WiFi
2437.696,26.742,-34.48,56.4,0.0347,9.94,-77.50182041547235,WiFi
2436.978,31.664,-27.23,63.65,0.0149,10.14,-78.11415756316713,WiFi
2435.189,14.191,-41.39,49.49,0.0574,9.13,-76.30925867277139,WiFi
2460.887,48.357,-31.03,59.85,0.0912,10.66,-87.64580249732433,WiFi
2436.095,29.818,-41.4,49.48,0.1093,10.51,-89.34014735624667,WiFi
2462.341,26.783,-35.17,55.71,0.0388,9.56,-78.19779248113507,WiFi
2461.925,44.83,-29.7,61.18,0.0655,9.59,-77.93565414446357,WiFi
2462.789,41.262,-24.43,66.45,0.0142,9.37,-87.70266085667816,WiFi
2461.508,31.172,-36.85,54.03,0.0582,9.66,-88.57118744223018,WiFi
2437.033,38.719,-29.19,61.69,0.0246,9.68,-88.8806788807371,WiFi
2436.975,47.496,-32.51,58.37,0.1024,10.38,-78.01717397539984,WiFi
2416.045,36.504,-26.73,64.15,0.0243,9.87,-78.05297837617904,WiFi
2437.497,30.762,-39.97,50.91,0.0914,10.15,-90.4490637788553,WiFi
2412.499,29.244,-27.15,63.73,0.0125,10.23,-87.8538248759256,WiFi
2416.412,38.062,-28.42,62.46,0.0333,9.97,-88.25043255860847,WiFi
2461.783,48.562,-21.68,69.2,0.0358,9.69,-87.22781798319073,WiFi
2462.067,44.174,-34.25,56.62,0.1037,10.11,-78.8426155656305,WiFi
2436.337,48.357,-36.25,54.63,0.1533,10.19,-83.78576373815238,WiFi
2437.538,33.797,-23.76,67.11,0.0101,9.99,-77.29037706900276,WiFi
2461.482,48.316,-21.57,69.31,0.0357,9.53,-82.846045509834,WiFi
2436.802,55.904,-32.89,57.98,0.1429,11.01,-88.7035653362837,WiFi
2436.586,38.719,-29.13,61.75,0.0247,10.32,-90.63876130388365,WiFi
2437.897,41.508,-36.63,54.25,0.118,10.05,-76.55583150229928,WiFi
2435.892,46.553,-39.65,51.23,0.2026,10.15,-84.28383902835925,WiFi
2416.385,37.037,-35.8,55.07,0.0806,9.56,-90.3638133708323,WiFi
2461.394,45.773,-31.53,59.35,0.0844,9.25,-78.81209015901364,WiFi
2462.086,48.891,-17.4,73.48,0.0241,9.47,-86.87621739556386,WiFi
2436.647,38.35,-29.44,61.44,0.0255,8.81,-90.49366628200902,WiFi
2461.906,43.6,-21.77,69.11,0.0113,10.12,-88.29774481622076,WiFi
2412.432,27.932,-30.34,60.54,0.0192,9.35,-84.77012773591018,WiFi
2416.037,37.857,-14.89,75.99,0.0059,10.0,-77.057421873401,WiFi
2461.496,31.787,-36.85,54.03,0.059,12.01,-88.28540497445209,WiFi
2460.914,49.383,-27.65,63.22,0.0682,9.69,-90.24971695395541,WiFi
2436.114,40.646,-20.96,69.92,0.0094,9.97,-84.78204438766879,WiFi
2412.231,28.588,-24.71,66.17,0.0083,10.66,-84.1832855877131,WiFi
2436.858,47.906,-17.3,73.57,0.0076,10.49,-90.43404119145981,WiFi
2462.377,45.24,-12.79,78.09,0.0044,9.6,-90.38158101169932,WiFi
2462.593,45.158,-30.7,60.18,0.0736,9.46,-83.23427635773278,WiFi
2462.384,41.057,-16.18,74.7,0.0055,9.44,-79.36717237817177,WiFi
2416.273,37.283,-34.23,56.65,0.0668,11.21,-90.20496117269879,WiFi
2437.024,44.543,-16.74,74.14,0.0066,9.96,-85.07010103011842,WiFi
2411.439,27.562,-28.25,62.63,0.0133,11.16,-88.61841094531329,WiFi
2435.995,42.533,-22.04,68.84,0.0113,9.37,-87.79840573868412,WiFi
2416.515,38.309,-13.91,76.96,0.0055,9.9,-75.5632294369062,WiFi
2412.637,27.891,-38.5,52.38,0.0666,9.89,-90.65153244427852,WiFi
2413.101,30.844,-23.13,67.75,0.0075,9.88,-88.31825478440165,WiFi
2437.584,37.447,-30.32,60.56,0.0275,9.59,-89.02892145492336,WiFi
2415.95,37.734,-20.91,69.97,0.0125,10.14,-82.04355788104864,WiFi
2413.079,31.09,-25.09,65.78,0.0101,10.12,-90.53935556177986,WiFi
2415.344,32.566,-37.31,53.57,0.0792,10.49,-77.91704126168663,WiFi
2436.964,58.529,-15.64,75.24,0.0437,10.04,-75.51309239462262,WiFi
2462.078,23.83,-36.8,54.08,0.0435,9.47,-77.85394732744768,WiFi
2437.963,59.924,-25.44,65.44,0.0894,9.66,-87.38504129280506,WiFi
2416.006,35.027,-42.14,48.74,0.1691,9.47,-87.84877030142849,WiFi
2436.242,43.354,-22.61,68.27,0.0124,9.37,-90.5846712961768,WiFi
2437.072,52.254,-38.11,52.77,0.204,9.78,-90.49693538094407,WiFi
2462.615,44.256,-36.28,54.6,0.1286,11.08,-84.45980116702543,WiFi
2462.136,48.398,-18.33,72.54,0.0254,10.33,-85.62897294601939,WiFi
2416.489,39.826,-20.03,70.85,0.0131,10.9,-86.97858052288535,WiFi
2437.903,24.035,-38.53,52.35,0.0582,9.98,-78.9232436015636,WiFi
2436.851,39.375,-28.44,62.44,0.0225,10.24,-90.57350007111171,WiFi
2436.129,41.18,-38.96,51.91,0.1517,9.51,-79.57913659028566,WiFi
2416.304,36.422,-40.06,50.82,0.1362,10.55,-90.49793647429375,WiFi
2462.843,41.344,-24.44,66.43,0.0146,10.17,-88.27522396100733,WiFi
2411.534,27.727,-27.85,63.02,0.0125,9.77,-90.5867664167221,WiFi
2437.538,48.85,-41.56,49.31,0.2595,9.92,-88.61295323993886,WiFi
2435.995,54.141,-36.09,54.78,0.1767,9.54,-90.46211403632535,WiFi
2412.105,27.562,-27.25,63.63,0.0115,9.88,-85.6374989950388,WiFi
2461.826,38.842,-29.99,60.89,0.0275,9.78,-90.5641688778585,WiFi
2430.733,26.947,-38.4,52.48,0.0681,10.13,-78.98758817748245,WiFi
2412.255,28.342,-23.94,66.94,0.0073,9.47,-83.82833376658077,WiFi
2462.685,43.23,-18.26,72.62,0.0075,10.29,-87.81023083796579,WiFi
2415.798,34.289,-40.29,50.59,0.1287,9.23,-83.96968131862786,WiFi
2413.042,30.188,-28.47,62.41,0.016,9.82,-90.47701504661623,WiFi
2436.348,40.646,-16.91,73.96,0.0059,9.73,-78.53842418260022,WiFi
2462.846,32.279,-27.01,63.87,0.0148,9.88,-78.88654301115741,WiFi
2436.283,31.541,-31.45,59.43,0.0271,9.63,-83.51201306053406,WiFi
2415.733,38.268,-19.14,71.74,0.0102,9.28,-87.35411112153315,WiFi
2461.851,44.174,-21.26,69.62,0.0106,9.98,-90.39500651406152,WiFi
2461.529,23.338,-39.88,51.0,0.0706,10.4,-78.13675904184599,WiFi
2411.788,27.604,-23.5,67.38,0.0064,9.67,-83.87104277281841,WiFi
2460.184,36.463,-39.32,51.56,0.1266,9.72,-78.64652138567128,WiFi
2461.207,47.537,-34.26,56.62,0.1203,10.39,-88.35783189274085,WiFi
2411.709,28.711,-24.19,66.69,0.0076,10.38,-90.27950177269312,WiFi
2462.793,30.475,-39.97,50.9,0.0904,9.06,-88.52538156604874,WiFi
2436.917,66.527,-14.86,76.02,0.056,10.21,-84.89766926069446,WiFi
2437.46,56.314,-32.97,57.91,0.1454,10.4,-90.20747746592423,WiFi
2415.639,37.406,-18.65,72.23,0.0089,9.61,-83.3433906070013,WiFi
2462.201,26.496,-41.23,49.65,0.0986,10.42,-84.9121354688973,WiFi
2461.036,44.133,-18.13,72.75,0.0076,9.69,-85.24657730949707,WiFi
2416.262,38.432,-23.05,67.83,0.0172,10.81,-86.8059064547839,WiFi
2412.83,27.973,-32.61,58.27,0.0273,9.54,-83.661034443271,WiFi
2412.477,29.367,-26.6,64.27,0.0116,9.59,-88.45977591816047,WiFi
2411.619,25.758,-39.45,51.42,0.0719,10.42,-87.78486476391731,WiFi
2437.735,27.193,-38.52,52.36,0.0662,9.17,-83.94620397516569,WiFi
2462.364,45.076,-38.22,52.66,0.1625,9.48,-90.32746486336137,WiFi
2461.793,45.979,-31.99,58.88,0.0889,10.0,-82.6571017792098,WiFi
2415.366,35.643,-28.62,62.25,0.0288,10.11,-85.12970479923086,WiFi
2462.165,46.963,-28.67,62.21,0.0652,11.06,-88.24628166098864,WiFi
2435.939,33.674,-36.09,54.79,0.0557,9.64,-89.02707017572698,WiFi
2461.39,42.656,-21.42,69.46,0.0105,9.76,-87.88050832746325,WiFi
2461.792,44.912,-16.92,73.96,0.0068,9.68,-89.27335757743758,WiFi
2412.1,28.055,-32.39,58.49,0.0259,10.1,-90.32850881732953,WiFi
2415.79,34.863,-39.67,51.21,0.1208,10.14,-88.59810355803717,WiFi
2416.284,36.012,-40.88,50.0,0.1484,9.74,-89.07419085893343,WiFi
2437.083,53.32,-33.64,57.24,0.142,10.77,-88.25240467530836,WiFi
2412.391,31.295,-15.31,75.57,0.0024,10.02,-89.18142712613087,WiFi
2416.447,36.176,-33.26,57.62,0.056,10.32,-83.3939206966804,WiFi
2462.32,47.537,-23.74,67.14,0.041,9.58,-89.27599221625168,WiFi
2437.218,61.359,-17.48,73.4,0.0556,10.32,-82.27096326357064,WiFi
2437.89,53.279,-29.19,61.69,0.0975,10.08,-83.03719301713913,WiFi
2437.47,49.219,-28.72,62.16,0.0772,9.48,-76.64117717785729,WiFi
2437.02,37.775,-31.34,59.54,0.0322,9.75,-90.41241563459474,WiFi
2436.988,53.812,-20.38,70.5,0.0476,9.75,-76.10413989060937,WiFi
2437.523,47.578,-12.4,78.48,0.0047,9.87,-84.57736162741834,WiFi
2437.559,60.949,-24.83,66.05,0.0876,11.69,-88.49411422534936,WiFi
2461.518,49.137,-23.1,67.78,0.0429,10.06,-89.10237439382642,WiFi
2462.017,40.523,-16.44,74.44,0.0055,9.6,-79.72420034022062,WiFi
2412.042,31.09,-14.66,76.22,0.0021,9.91,-90.3980638605938,WiFi
2411.845,29.613,-23.08,67.8,0.0067,10.51,-90.71270296791687,WiFi
2437.014,53.197,-36.63,54.25,0.1844,10.12,-90.64790367063624,WiFi
2437.838,64.928,-17.76,73.12,0.0626,11.97,-86.56181269227028,WiFi
2416.238,39.17,-22.58,68.3,0.0169,9.78,-89.03296464634634,WiFi
2415.957,38.268,-23.5,67.38,0.0178,9.88,-89.0083768595729,WiFi
2462.04,44.133,-12.47,78.41,0.0041,9.24,-83.12973137832535,WiFi
2462.021,45.979,-23.55,67.32,0.0368,9.78,-76.69417871884775,WiFi
2437.798,45.035,-39.99,50.89,0.1992,9.46,-83.69171914292129,WiFi
2461.073,37.57,-26.14,64.73,0.0164,9.54,-83.8471570205491,WiFi
2461.364,40.811,-37.3,53.57,0.1228,10.29,-77.49560801102182,WiFi
2460.916,44.789,-40.81,50.06,0.2148,10.45,-83.71952238856721,WiFi
2461.615,47.537,-33.8,57.08,0.1144,10.2,-90.39798084875949,WiFi
2416.448,39.99,-13.16,77.72,0.0058,11.1,-81.83257744859888,WiFi
2461.078,39.908,-17.1,73.78,0.0058,10.23,-79.12865522714183,WiFi
2461.148,21.656,-41.66,49.21,0.0876,8.82,-79.81640917351133,WiFi
2412.846,31.213,-19.74,71.14,0.0047,9.99,-88.44052708283641,WiFi
2462.889,43.559,-12.87,78.01,0.0042,10.47,-85.3756176054224,WiFi
2462.301,47.537,-24.95,65.93,0.046,10.32,-89.62098954389762,WiFi
2437.45,42.0,-19.02,71.86,0.0078,9.73,-84.32184448828878,WiFi
2431.697,9.064,-44.51,46.37,0.0799,9.4,-76.69472660302337,WiFi
2412.847,31.787,-14.7,76.18,0.0023,11.3,-88.25195609086579,WiFi
2462.422,39.293,-15.85,75.03,0.0048,10.02,-77.89485584973063,WiFi
2436.446,50.736,-13.78,77.1,0.0058,10.87,-90.28970400047177,WiFi
2436.299,49.957,-12.17,78.71,0.0049,9.27,-87.79568382870568,WiFi
2412.14,23.543,-38.07,52.81,0.0529,9.77,-76.7807343708666,WiFi
2437.509,36.545,-32.42,58.46,0.0358,10.22,-90.58142638966802,WiFi
2462.345,35.93,-32.39,58.49,0.0351,10.07,-90.72545345456577,WiFi
2436.854,49.342,-40.89,49.99,0.25,10.36,-90.48084585396916,WiFi
2411.923,27.85,-30.46,60.42,0.0192,9.43,-89.31094600136078,WiFi
2461.458,48.891,-22.29,68.58,0.0393,10.39,-87.17892714980671,WiFi
2437.147,47.988,-29.86,61.02,0.0805,11.06,-77.12650515648338,WiFi
2411.229,28.301,-13.54,77.33,0.0014,9.33,-79.14680021447546,WiFi
2436.173,51.311,-26.88,64.0,0.0728,9.3,-77.0349031493803,WiFi
2411.995,29.859,-18.45,72.43,0.0035,8.91,-87.80179095144115,WiFi
2437.733,41.18,-16.21,74.67,0.0056,10.3,-78.77864352670659,WiFi
2436.761,61.975,-18.85,72.03,0.0624,9.85,-83.1086615360866,WiFi
2416.291,39.662,-17.83,73.05,0.0098,9.68,-86.40272667834215,WiFi
2415.647,37.57,-17.9,72.98,0.0082,9.58,-82.7640601520049,WiFi
2416.005,35.232,-36.99,53.88,0.0865,11.14,-84.11397736068818,WiFi
2462.177,32.73,-33.51,57.37,0.0377,10.12,-85.91031855368831,WiFi
2461.582,45.117,-41.41,49.47,0.2303,9.97,-88.20223407437798,WiFi
2415.885,36.668,-26.86,64.02,0.0245,10.45,-83.22924493931983,WiFi
2462.364,21.82,-39.59,51.29,0.0623,9.47,-77.82166457599473,WiFi
2461.419,47.701,-31.67,59.21,0.0934,9.61,-87.53165876523303,WiFi
2461.017,48.193,-21.22,69.66,0.0343,10.59,-78.20293777709375,WiFi
2436.718,39.785,-20.58,70.29,0.0087,9.87,-82.9146693192825,WiFi
2415.671,37.447,-19.09,71.79,0.0095,10.49,-83.40050967619487,WiFi
2462.072,34.207,-30.27,60.61,0.0254,10.96,-83.85441275767636,WiFi
2462.803,42.328,-22.61,68.27,0.012,10.3,-89.28308938111056,WiFi
2415.559,35.109,-26.99,63.89,0.0224,9.97,-78.23629914987315,WiFi
2452.828,11.115,-43.63,47.24,0.0749,9.18,-77.14633127854216,WiFi
2461.328,50.777,-12.62,78.26,0.0179,10.72,-83.58278030563935,WiFi
2462.163,32.607,-31.7,59.18,0.0291,8.95,-85.11784119197861,WiFi
2415.541,32.607,-39.55,51.33,0.1084,9.97,-78.87045134044052,WiFi
2437.182,47.537,-16.7,74.18,0.0071,10.33,-88.81316246066652,WiFi
2436.297,53.238,-35.92,54.96,0.1722,11.53,-89.14037217483363,WiFi
2461.052,45.117,-19.79,71.09,0.0094,11.53,-90.64900691517428,WiFi
2437.792,33.469,-35.7,55.17,0.0529,11.43,-90.60046525504197,WiFi
2411.519,25.717,-38.1,52.77,0.0576,10.26,-90.5139032504447,WiFi
2416.234,38.514,-25.34,65.54,0.0229,10.48,-89.2934785911072,WiFi
2437.772,40.523,-16.88,74.0,0.0057,10.42,-79.72937367043106,WiFi
2462.424,36.176,-31.2,59.68,0.03,10.03,-88.79456076124872,WiFi
2461.112,50.613,-13.85,77.03,0.0204,9.7,-83.96039361046523,WiFi
2437.56,36.094,-22.28,68.6,0.0093,10.13,-77.91105689841714,WiFi
2436.493,45.363,-19.07,71.81,0.0088,9.08,-88.04989640772482,WiFi
2412.922,28.998,-27.76,63.11,0.0137,9.44,-84.70049293893143,WiFi
2434.908,16.078,-40.95,49.93,0.0585,9.7,-76.4736858716912,WiFi
2436.365,48.439,-16.17,74.71,0.007,10.1,-90.57090565791162,WiFi
2462.311,35.561,-27.8,63.08,0.019,10.2,-84.08033521581248,WiFi
2437.974,29.244,-37.92,52.96,0.0648,9.17,-85.09068023891922,WiFi
2462.218,40.975,-25.47,65.41,0.0164,9.23,-90.68531299824555,WiFi
2462.218,46.758,-19.02,71.85,0.0244,10.94,-77.14022069564373,WiFi
2462.256,28.26,-37.27,53.61,0.0569,8.96,-83.57203596692456,WiFi
2436.797,27.275,-34.14,56.74,0.0339,10.71,-79.13568083829745,WiFi
2415.88,36.463,-28.35,62.52,0.0298,9.43,-84.02755173627543,WiFi
2436.799,41.59,-18.08,72.8,0.007,9.18,-83.41367499971403,WiFi
2437.469,52.5,-33.32,57.56,0.1346,10.99,-84.56909099901745,WiFi
2416.339,39.58,-19.42,71.45,0.0119,9.89,-87.45439858994195,WiFi
2461.657,45.691,-16.59,74.28,0.0067,9.18,-90.60090232830667,WiFi
2437.07,50.244,-39.01,51.87,0.2103,9.43,-87.728187053504,WiFi
2461.056,30.434,-30.63,60.24,0.0232,9.09,-78.15672446460276,WiFi
2412.957,29.777,-29.94,60.94,0.0196,9.3,-90.43219445932148,WiFi
2461.929,32.73,-36.35,54.53,0.0563,10.15,-88.24294884375603,WiFi
2412.644,31.008,-20.52,70.36,0.0051,9.47,-90.26202243954756,WiFi
2412.617,30.146,-20.58,70.29,0.0049,9.46,-85.19296103397642,WiFi
2436.757,32.566,-24.37,66.51,0.0104,10.25,-76.87766807066086,WiFi
2436.432,39.17,-28.69,62.19,0.0232,9.12,-88.82499385696129,WiFi
2461.264,46.02,-12.56,78.32,0.0044,10.0,-83.85501395797097,WiFi
2436.825,32.238,-37.48,53.4,0.0654,9.06,-88.6964866826136,WiFi
2437.637,59.473,-15.79,75.09,0.0465,10.12,-77.06960269817546,WiFi
2415.914,34.289,-42.27,48.61,0.168,10.36,-85.37211472712916,WiFi
2436.279,38.104,-31.29,59.59,0.0319,10.13,-90.41322281526419,WiFi
2461.311,30.105,-34.38,56.5,0.0395,10.18,-83.52069418901094,WiFi
2462.474,43.723,-35.93,54.95,0.1209,9.85,-82.50327011547633,WiFi
2461.648,47.988,-20.45,70.43,0.0309,9.56,-82.33574110303763,WiFi
2462.024,45.445,-27.85,63.03,0.056,9.48,-79.10378751220705,WiFi
2437.333,39.416,-26.97,63.91,0.0188,10.79,-87.94575567688398,WiFi
2437.369,49.957,-14.74,76.14,0.0061,11.2,-90.6818611320529,WiFi
2437.659,59.186,-20.73,70.15,0.064,9.54,-82.29918381728795,WiFi
2461.174,46.389,-14.62,76.25,0.0055,10.8,-90.38656664502554,WiFi
2437.982,40.154,-26.93,63.95,0.0192,9.54,-90.41507113265754,WiFi
2436.054,50.859,-28.55,62.33,0.0823,10.0,-78.77329138250114,WiFi
2437.633,65.01,-18.15,72.73,0.0641,9.61,-87.47940521979045,WiFi
2436.479,61.564,-23.38,67.5,0.0819,10.49,-88.26804966615647,WiFi
2415.932,35.684,-41.3,49.57,0.1542,10.69,-90.26831249847292,WiFi
2437.852,34.781,-34.78,56.1,0.0472,9.39,-90.43614154605388,WiFi
2460.889,46.266,-16.16,74.72,0.0065,9.94,-87.78783985481431,WiFi
2461.221,48.357,-31.18,59.7,0.0916,11.64,-90.11164335305281,WiFi
2462.216,46.184,-26.3,64.58,0.0497,10.22,-83.14100481527547,WiFi
2436.899,64.723,-17.68,73.2,0.0618,10.34,-86.84424418173074,WiFi
2412.681,28.629,-26.31,64.57,0.0107,9.34,-83.14777775240178,WiFi
2436.551,51.598,-39.39,51.49,0.2267,9.55,-90.6494515075975,WiFi
2415.344,33.469,-35.92,54.96,0.0682,10.86,-78.60220988832509,WiFi
2461.437,36.34,-23.16,67.72,0.0105,9.2,-79.77409610014908,WiFi
2461.093,46.102,-18.35,72.53,0.0082,10.02,-90.51269590867646,WiFi
2460.905,47.578,-36.71,54.16,0.1533,10.64,-89.12086311021011,WiFi
2436.911,46.43,-12.84,78.04,0.0047,9.53,-83.38969869739847,WiFi
2437.37,48.48,-16.51,74.36,0.0072,10.27,-90.63538499908235,WiFi
2462.182,48.85,-15.74,75.13,0.0207,9.56,-85.22627513180957,WiFi
2437.612,41.467,-20.68,70.2,0.0094,11.33,-84.2392860435184,WiFi
2411.912,27.891,-28.99,61.89,0.0153,9.5,-89.10832600805803,WiFi
2462.905,30.885,-39.76,51.12,0.0886,10.42,-89.10655158666808,WiFi
2461.43,48.645,-20.53,70.35,0.0328,10.5,-83.62942254918065,WiFi
2462.563,42.574,-21.29,69.59,0.0104,9.02,-89.05052409640896,WiFi
2416.293,37.775,-28.27,62.61,0.0321,10.14,-87.2424204716214,WiFi
2462.404,25.881,-36.64,54.24,0.0467,10.06,-79.79406352725559,WiFi
2436.805,45.24,-15.05,75.83,0.0057,9.48,-83.89762654644721,WiFi
2415.982,34.207,-40.64,50.24,0.135,9.47,-83.62229874078238,WiFi
2412.271,26.537,-41.1,49.77,0.0958,9.67,-90.62690483429354,WiFi
2462.749,43.312,-19.34,71.54,0.0084,10.67,-90.64616660419564,WiFi
2415.348,36.094,-18.18,72.69,0.0075,9.94,-76.73778136660901,WiFi
2415.822,35.725,-36.69,54.19,0.0849,10.7,-89.04104147251093,WiFi
2415.744,38.145,-21.01,69.87,0.0126,11.22,-88.06188133606759,WiFi
2437.383,63.861,-18.04,72.84,0.0627,9.75,-87.02878684075904,WiFi
2416.287,35.807,-28.79,62.08,0.0304,10.02,-77.30762997004118,WiFi
2437.385,39.826,-22.38,68.5,0.011,10.38,-84.35768787014968,WiFi
2416.21,39.088,-18.03,72.85,0.0096,9.45,-85.26513412228377,WiFi
2437.3,33.674,-28.93,61.95,0.0204,9.8,-83.73870579695952,WiFi
2462.129,44.215,-18.75,72.13,0.0081,9.6,-89.18116000473674,WiFi
2416.051,38.678,-21.61,69.27,0.0145,10.01,-88.2011793688869,WiFi
2437.648,31.008,-38.65,52.23,0.0748,10.75,-89.05194975551535,WiFi
2411.447,25.266,-39.36,51.52,0.0694,9.29,-87.87448443779182,WiFi
2412.1,26.66,-29.15,61.73,0.0149,10.22,-79.20835361196585,WiFi
2436.402,34.658,-32.98,57.9,0.0376,10.13,-90.58739821788743,WiFi
2412.634,29.162,-18.4,72.48,0.0034,9.47,-78.54436438787907,WiFi
2461.352,29.613,-41.49,49.39,0.1116,9.74,-90.33738269898558,WiFi
2413.068,29.162,-21.77,69.11,0.0056,10.13,-76.36501610836469,WiFi
2415.611,33.305,-36.44,54.44,0.0729,9.69,-77.11891383220939,WiFi
2462.292,44.338,-17.85,73.02,0.0074,9.59,-90.3352421469541,WiFi
2461.292,49.588,-22.59,68.29,0.0424,12.53,-88.80715103002807,WiFi
2437.551,66.158,-12.04,78.84,0.0475,10.57,-82.36358142171534,WiFi
2436.524,46.963,-12.4,78.48,0.0046,10.1,-82.58903965610568,WiFi
2412.523,27.932,-37.1,53.78,0.0539,10.74,-90.65364410184321,WiFi
2436.386,47.168,-39.65,51.23,0.2061,9.42,-85.46105018136274,WiFi
2415.988,35.602,-38.8,52.08,0.1119,10.29,-88.64318798443107,WiFi
2415.487,34.822,-34.75,56.13,0.0621,10.59,-84.44937426309144,WiFi
2412.296,26.865,-39.5,51.38,0.0756,9.15,-89.17039787535673,WiFi
2461.876,49.26,-15.18,75.7,0.02,10.67,-85.02949791520234,WiFi
2436.677,33.469,-36.49,54.39,0.0591,10.29,-90.35525508230053,WiFi
2437.507,53.115,-25.55,65.33,0.0709,9.72,-78.59536085856988,WiFi
2411.322,26.742,-31.11,59.77,0.0199,10.37,-88.86946786378948,WiFi
2416.487,39.129,-13.51,77.37,0.0056,9.82,-78.05040715677703,WiFi
2461.982,32.443,-37.92,52.96,0.0695,8.69,-90.346506790404,WiFi
2461.439,30.926,-27.51,63.36,0.0149,11.13,-76.68295894289905,WiFi
2411.263,26.455,-28.93,61.95,0.014,9.85,-84.20161859013909,WiFi
2435.964,58.201,-30.02,60.86,0.1195,10.42,-90.26437835029773,WiFi
2412.946,27.932,-33.75,57.13,0.0327,10.42,-83.71021217830798,WiFi
2415.778,39.252,-14.01,76.87,0.0059,9.68,-83.75966042453807,WiFi
2436.702,46.143,-33.97,56.91,0.111,9.82,-78.01867881386904,WiFi
2461.922,39.129,-27.3,63.58,0.0195,9.63,-88.21622812615229,WiFi
2412.412,26.414,-38.53,52.35,0.0644,9.35,-84.31961124356219,WiFi
2461.301,43.518,-36.22,54.65,0.1244,10.14,-78.638470025221,WiFi
2411.815,29.9,-21.14,69.74,0.0052,10.51,-90.31355227871771,WiFi
2461.944,41.959,-36.76,54.12,0.122,11.34,-79.38611995949238,WiFi
2436.54,42.738,-22.08,68.8,0.0116,10.09,-90.58529320915528,WiFi
2461.529,49.752,-17.65,73.23,0.0266,10.39,-86.88996702534322,WiFi
2415.662,35.643,-36.49,54.39,0.0813,9.97,-90.3200860580148,WiFi
2437.759,34.699,-30.79,60.08,0.0275,9.55,-85.00483120006454,WiFi
2436.957,45.322,-40.14,50.74,0.2042,10.09,-82.8133010566982,WiFi
2462.756,33.469,-36.6,54.28,0.0598,10.11,-90.31169747631048,WiFi
2416.033,36.258,-35.76,55.12,0.0767,10.81,-88.27629350352242,WiFi
2415.85,37.242,-14.87,76.01,0.0054,10.79,-77.74819575902269,WiFi
2411.471,24.117,-34.58,56.3,0.0308,9.85,-76.95286530711337,WiFi
2416.162,37.98,-13.8,77.08,0.0052,9.44,-78.15236219408753,WiFi
2437.232,52.705,-37.39,53.49,0.1912,9.66,-90.34446970354625,WiFi
2461.809,42.861,-24.3,66.58,0.0147,9.5,-90.54305242688297,WiFi
2437.934,35.355,-33.68,57.2,0.0415,9.86,-88.85550640899287,WiFi
2437.455,60.621,-14.14,76.74,0.044,10.0,-77.98170584006148,WiFi
2436.437,28.67,-41.31,49.57,0.1056,9.66,-87.91719634431192,WiFi
2437.921,40.482,-21.96,68.92,0.0107,10.66,-85.2638254360392,WiFi
2415.814,36.135,-33.75,57.13,0.0584,10.67,-88.53122462005459,WiFi
2462.787,42.0,-24.28,66.59,0.0145,9.36,-90.29172433124232,WiFi
2412.64,28.588,-19.67,71.2,0.0039,9.98,-76.70143578905055,WiFi
2415.656,38.35,-16.5,74.38,0.0072,9.78,-85.67583822957005,WiFi
2415.387,33.797,-40.99,49.89,0.1382,10.32,-88.36621696114089,WiFi
2462.284,47.66,-22.98,67.89,0.0381,10.56,-89.08218992520307,WiFi
2415.798,35.889,-26.64,64.24,0.0227,10.38,-78.91345823601436,WiFi
2462.31,30.926,-40.59,50.29,0.1006,10.75,-90.42721476348538,WiFi
2436.879,36.34,-28.83,62.05,0.022,9.82,-85.61501232488223,WiFi
2436.372,41.631,-14.15,76.73,0.0044,9.63,-78.04153406530321,WiFi
2415.668,39.047,-13.95,76.93,0.0056,10.03,-83.37862563014787,WiFi
2412.504,29.49,-15.23,75.64,0.0021,10.74,-77.52858994656404,WiFi
2436.738,48.645,-31.49,59.38,0.0982,9.86,-78.94343468833624,WiFi
2450.896,16.898,-43.92,46.95,0.1041,10.48,-79.3228846521526,WiFi
2462.204,44.133,-18.81,72.07,0.0081,10.1,-90.63166234885763,WiFi
2437.141,58.365,-26.38,64.5,0.0913,10.62,-88.02994840335563,WiFi
2437.752,30.146,-40.82,50.05,0.102,9.93,-90.70833837964867,WiFi
2462.267,26.906,-33.77,57.11,0.0315,10.47,-77.1655478016064,WiFi
2462.4,47.619,-25.11,65.77,0.0467,9.86,-89.71540587215611,WiFi
2412.796,27.152,-39.89,50.99,0.0815,9.62,-88.37727738154061,WiFi
2436.483,31.459,-39.12,51.76,0.0818,10.27,-89.16838468335565,WiFi
2462.183,35.561,-21.17,69.71,0.0078,10.17,-78.01331816826297,WiFi
2415.93,37.283,-30.39,60.49,0.0401,10.24,-90.30927545494808,WiFi
2415.638,33.018,-35.69,55.19,0.065,10.43,-76.10694753761686,WiFi
2436.873,51.598,-12.49,78.39,0.0052,10.7,-90.60679502547426,WiFi
2461.995,46.471,-33.61,57.27,0.1068,9.31,-88.70869301042354,WiFi
2462.732,43.148,-21.01,69.87,0.0101,10.43,-90.59441470431103,WiFi
2411.571,28.629,-17.39,73.49,0.0027,9.93,-83.16938891493352,WiFi
2412.838,31.418,-20.22,70.65,0.0051,10.17,-90.32902502878727,WiFi
2462.637,29.367,-31.55,59.33,0.0251,9.28,-78.85187372826312,WiFi
2415.956,37.037,-30.55,60.33,0.0406,10.41,-87.79041029417485,WiFi
2461.893,47.209,-16.27,74.61,0.0193,9.77,-75.88747348755906,WiFi
2461.024,50.736,-14.8,76.08,0.0223,9.77,-84.75710324941595,WiFi
2412.978,29.982,-23.28,67.6,0.0074,9.95,-85.46480833422117,WiFi
2461.104,45.773,-37.23,53.64,0.154,10.01,-82.66190697340771,WiFi
2411.983,26.373,-40.19,50.69,0.0824,10.29,-90.49766235256683,WiFi
2461.757,48.439,-14.75,76.13,0.0183,10.96,-81.28387839828682,WiFi
2412.972,32.443,-15.43,75.45,0.0027,9.64,-90.42316815859189,WiFi
2412.966,32.648,-12.74,78.14,0.0019,9.94,-89.00092796973784,WiFi
2462.039,46.676,-23.14,67.74,0.037,10.1,-78.94781202126126,WiFi
2412.93,29.162,-19.54,71.34,0.004,9.46,-78.15368817933047,WiFi
2461.833,44.953,-36.7,54.18,0.1389,10.74,-85.2823588343025,WiFi
2461.877,47.127,-25.35,65.53,0.0478,9.94,-83.3435359729874,WiFi
2462.315,46.963,-26.75,64.13,0.0538,10.14,-89.91417446427806,WiFi
2437.556,31.951,-29.24,61.64,0.0201,9.74,-79.85536136804477,WiFi
2415.553,35.396,-32.71,58.16,0.049,10.14,-83.90108504976887,WiFi
2415.802,38.719,-17.21,73.66,0.0082,10.4,-85.64412087372841,WiFi
2437.79,43.641,-38.32,52.55,0.1578,9.51,-79.732963661003,WiFi
2415.667,38.104,-21.27,69.61,0.0131,9.61,-88.11415370643786,WiFi
2438.057,66.281,-14.49,76.39,0.0546,10.1,-84.91516206124791,WiFi
2437.427,40.975,-25.77,65.11,0.017,10.06,-90.39096207748089,WiFi
2436.459,55.576,-27.65,63.23,0.0932,9.73,-82.6207595857185,WiFi
2461.574,46.389,-27.28,63.59,0.0564,11.0,-77.90542638735839,WiFi
2462.375,46.84,-22.88,68.0,0.0358,10.59,-83.82885512362084,WiFi
2461.73,29.9,-37.66,53.21,0.0638,10.05,-85.15983923987002,WiFi
2461.828,48.973,-21.48,69.39,0.0363,10.52,-88.76882106733505,WiFi
2411.769,29.162,-20.89,69.99,0.0047,10.64,-88.31068953444692,WiFi
2462.145,39.334,-25.53,65.35,0.0157,9.77,-88.08312525340156,WiFi
2437.208,61.729,-16.57,74.31,0.0536,11.0,-82.38569122189398,WiFi
2415.449,35.479,-30.19,60.68,0.0351,10.22,-82.6532744246228,WiFi
2435.955,65.297,-16.28,74.6,0.0584,9.87,-85.34999463294508,WiFi
2461.206,32.484,-35.7,55.18,0.051,10.41,-89.3842705112388,WiFi
2416.089,39.334,-16.23,74.64,0.0078,9.99,-85.75824193764763,WiFi
2436.808,41.549,-25.77,65.11,0.0172,9.93,-90.66644563772448,WiFi
2461.693,48.768,-22.87,68.01,0.0411,10.2,-89.13134689098811,WiFi
2437.062,54.305,-35.37,55.51,0.1683,10.44,-90.23081035541091,WiFi
2461.713,47.742,-19.59,71.29,0.028,9.38,-78.39985248820219,WiFi
2462.554,20.303,-40.56,50.32,0.0681,10.4,-77.0985685995992,WiFi
2437.801,65.297,-16.44,74.44,0.059,10.48,-85.95920175528214,WiFi
2436.125,60.744,-24.65,66.22,0.0867,9.94,-89.59097684492492,WiFi
2436.393,58.037,-16.33,74.55,0.0446,8.91,-77.43220008411828,WiFi
2436.715,60.58,-26.27,64.61,0.0957,10.76,-89.68702059248889,WiFi
2411.87,29.9,-15.29,75.59,0.0022,9.28,-85.11224618993404,WiFi
2462.233,46.471,-33.88,57.0,0.1091,11.01,-90.62004234569817,WiFi
2461.191,39.375,-28.61,62.27,0.0232,9.91,-90.5107237983103,WiFi
2411.136,25.676,-26.23,64.64,0.0087,9.91,-78.15176475992754,WiFi
2461.869,34.904,-33.31,57.56,0.0388,10.01,-88.30442716564954,WiFi
2437.214,61.154,-18.84,72.03,0.0604,9.93,-82.24819210954877,WiFi
2436.857,50.162,-41.66,49.21,0.2705,9.81,-90.57404806798837,WiFi
2461.333,45.609,-36.54,54.34,0.1409,9.35,-82.72405869368251,WiFi
2412.02,28.506,-25.83,65.05,0.0098,10.66,-87.67451468589098,WiFi
2437.25,31.623,-34.44,56.44,0.0418,9.72,-85.40739197665309,WiFi
2416.34,39.006,-16.15,74.73,0.0077,9.86,-81.35637976768699,WiFi
2437.726,64.723,-18.35,72.52,0.0651,10.44,-87.04639690789365,WiFi
2436.885,63.164,-15.12,75.76,0.0517,9.48,-82.26290743296985,WiFi
2435.837,13.002,-42.78,48.1,0.07,9.64,-76.85549467084348,WiFi
2461.061,35.684,-22.24,68.64,0.0091,9.75,-78.06274236069794,WiFi
2412.41,28.178,-21.52,69.35,0.005,9.41,-76.6809791566757,WiFi
2436.56,21.082,-40.05,50.83,0.0651,9.89,-77.41016028360426,WiFi
2436.506,52.295,-25.39,65.49,0.0669,9.54,-77.36363586685327,WiFi
2416.084,37.857,-27.84,63.04,0.0301,9.38,-89.99779970069821,WiFi
2412.694,28.957,-19.46,71.42,0.0039,9.31,-78.69430115341986,WiFi
2462.273,46.799,-22.61,68.26,0.0349,9.99,-83.26517796200724,WiFi
2412.311,30.967,-14.14,76.74,0.002,9.22,-85.4320385710737,WiFi
2462.412,43.23,-38.11,52.77,0.1511,10.12,-83.29496303210036,WiFi
2411.291,25.389,-37.77,53.11,0.0539,10.41,-88.0597117385781,WiFi
2411.866,28.096,-18.93,71.95,0.0033,9.46,-78.8404577956954,WiFi
2411.341,27.727,-27.0,63.88,0.011,9.38,-90.38099698762828,WiFi
2437.779,47.127,-17.98,72.89,0.0081,9.65,-90.68169012516736,WiFi
2413.093,27.932,-36.2,54.68,0.0476,9.52,-85.47476261699862,WiFi
2462.219,45.691,-36.65,54.23,0.1412,10.97,-90.30091951395714,WiFi
2415.707,34.945,-39.01,51.87,0.1108,9.63,-87.92186509656345,WiFi
2437.814,54.797,-29.68,61.2,0.1067,11.24,-83.89537097213919,WiFi
2462.611,47.373,-16.76,74.12,0.0201,10.24,-82.54854148383276,WiFi
2454.5,1.641,-17.84,73.04,0.0001,6.56,-80.06336408830487,Generic
2460.731,1.23,-37.46,53.42,0.0102,10.01,-89.10170840274017,Generic
2447.152,1.066,-42.78,48.1,0.0334,7.5,-88.88907414332328,Generic
2420.699,2.051,-20.4,70.48,0.0002,8.14,-89.27884367651808,Generic
2480.681,0.984,-37.62,53.25,0.01,4.03,-84.45253419880879,Generic
2428.227,0.615,-44.15,46.73,0.0439,9.64,-85.277934538911,Generic
2451.704,0.615,-35.97,54.91,0.007,7.12,-89.02427451180124,Generic
2462.699,1.107,-17.93,72.95,0.0001,7.58,-90.46155045989259,Generic
2472.506,0.82,-41.62,49.26,0.025,6.89,-85.075252131496,Generic
2410.547,1.189,-32.68,58.2,0.0033,5.07,-83.09553894800695,Generic
2426.326,1.477,-36.93,53.95,0.0089,7.01,-76.8730818061142,Generic
2422.717,2.051,-26.62,64.26,0.0009,7.68,-76.62267345521823,Generic
2439.597,1.354,-22.5,68.38,0.0003,5.57,-78.48817005125771,Generic
2429.225,1.271,-42.94,47.94,0.0351,6.63,-88.37354502983437,Generic
2433.728,1.23,-32.38,58.5,0.0032,7.36,-88.75241434400814,Generic
2418.416,2.174,-23.25,67.62,0.0004,6.76,-83.99338637552616,Generic
2481.971,0.656,-38.05,52.82,0.0113,6.25,-88.8381336560955,Generic
2445.891,1.148,-42.7,48.18,0.0316,7.73,-84.45283443611355,Generic
2403.738,2.666,-17.79,73.09,0.0001,6.73,-78.43507457236927,Generic
2463.694,1.189,-30.87,60.01,0.0023,7.91,-88.43563800970252,Generic
2429.564,1.723,-40.97,49.91,0.0229,8.55,-77.74639773051766,Generic
2415.299,1.559,-21.02,69.86,0.0002,5.37,-77.19370988760538,Generic
2415.497,0.615,-44.95,45.93,0.0523,6.38,-89.06238003895905,Generic
2441.47,0.574,-22.46,68.41,0.0003,5.18,-90.6471039932148,Generic
2414.495,1.805,-44.46,46.42,0.0494,7.78,-80.06807818708327,Generic
2429.669,1.107,-32.31,58.57,0.0032,6.93,-88.95194042081141,Generic
2479.108,2.256,-21.89,68.99,0.0003,7.17,-76.86249652908947,Generic
2435.993,1.6,-43.85,47.02,0.0426,8.64,-80.17299264106515,Generic
2462.888,0.697,-26.48,64.4,0.0008,6.98,-88.4913512551505,Generic
2437.318,1.641,-37.18,53.69,0.0096,7.42,-78.17737757836473,Generic
2475.005,0.902,-40.8,50.08,0.0213,6.89,-88.34011260020542,Generic
2424.627,1.025,-20.54,70.34,0.0002,6.57,-87.9550952610974,Generic
2435.376,0.574,-21.15,69.73,0.0002,5.74,-89.4282049872324,Generic
2439.626,1.928,-23.81,67.07,0.0005,7.37,-89.16778334170186,Generic
2476.555,1.066,-46.4,44.48,0.0735,8.06,-90.64281977000215,Generic
2417.89,2.707,-23.05,67.82,0.0004,6.5,-83.9594979425422,Generic
2409.477,0.492,-25.04,65.84,0.0006,5.4,-89.42864775283482,Generic
2426.306,0.615,-19.63,71.25,0.0002,7.63,-88.11758277303568,Generic
2401.073,1.23,-28.55,62.33,0.0013,5.71,-89.3622333524876,Generic
2442.414,0.779,-20.59,70.28,0.0002,7.02,-85.9744202801668,Generic
2464.226,1.477,-22.15,68.72,0.0003,7.54,-90.6289973444928,Generic
2417.83,1.477,-35.18,55.7,0.0061,7.29,-85.32708464030512,Generic
2414.084,1.846,-28.72,62.16,0.0014,8.0,-85.77437295970137,Generic
2463.163,1.682,-18.68,72.2,0.0001,6.98,-88.21878043524663,Generic
2430.648,0.615,-38.59,52.28,0.0127,5.59,-85.55782031307295,Generic
2445.913,0.656,-29.11,61.77,0.0015,6.41,-90.5438992244347,Generic
2479.386,1.066,-20.85,70.03,0.0002,7.05,-90.50587388391182,Generic
2412.633,1.107,-43.81,47.07,0.0409,5.55,-76.86224579569495,Generic
2447.888,1.066,-41.43,49.45,0.0246,7.33,-85.72188465018343,Generic
2465.147,1.682,-38.62,52.26,0.0134,9.14,-78.83535731076473,Generic
2481.199,1.189,-31.07,59.81,0.0024,6.8,-88.20587969962229,Generic
2466.858,1.641,-45.0,45.88,0.055,9.11,-80.34128000569919,Generic
2417.975,1.395,-24.34,66.54,0.0005,5.42,-84.41778119431099,Generic
2424.169,2.256,-19.02,71.86,0.0002,7.9,-76.87470898543235,Generic
2452.996,0.656,-26.8,64.08,0.0009,9.89,-90.4784234105781,Generic
2413.831,1.641,-26.21,64.67,0.0008,6.24,-89.31717600890406,Generic
2415.639,2.133,-23.86,67.02,0.0005,7.94,-90.50912048216773,Generic
2405.403,1.846,-22.75,68.13,0.0004,7.6,-85.50639492218892,Generic
2420.963,1.066,-38.42,52.46,0.0125,6.8,-89.2726114959873,Generic
2412.401,1.23,-26.8,64.08,0.0009,6.1,-84.01640629044901,Generic
2468.639,2.83,-17.5,73.38,0.0001,8.52,-88.95674912595044,Generic
2462.36,1.477,-25.18,65.7,0.0006,6.58,-85.70631154829707,Generic
2411.1,0.82,-34.14,56.74,0.0047,6.55,-90.55127851645524,Generic
2429.414,1.846,-37.12,53.75,0.0096,7.13,-79.37745780941844,Generic
2415.094,0.615,-39.01,51.87,0.0139,7.54,-88.92144664315039,Generic
2451.557,1.312,-33.23,57.65,0.0039,7.38,-90.61549316802291,Generic
2450.761,0.902,-19.76,71.12,0.0002,8.31,-84.94737869564054,Generic
2406.298,2.215,-20.67,70.2,0.0002,8.15,-90.54612058211734,Generic
2422.22,0.82,-39.32,51.56,0.0151,6.42,-84.66298642134126,Generic
2472.032,1.764,-23.33,67.55,0.0004,6.79,-78.61826932843498,Generic
2416.348,1.025,-36.69,54.19,0.0084,7.08,-90.46408691918852,Generic
2416.029,1.846,-23.43,67.44,0.0004,9.21,-90.72312477602802,Generic
2410.764,0.82,-32.15,58.73,0.003,8.53,-90.3864829300146,Generic
2416.683,0.41,-33.46,57.42,0.0039,6.27,-90.56008439553966,Generic
2435.76,1.395,-34.93,55.95,0.0056,8.25,-78.50323811244832,Generic
2446.159,1.764,-36.17,54.71,0.0077,9.39,-83.55277520060255,Generic
2473.844,2.461,-22.17,68.71,0.0003,7.1,-80.3770697972329,Generic
2437.79,1.641,-35.07,55.81,0.0059,7.45,-83.98730746591019,Generic
2475.775,1.641,-40.61,50.27,0.0209,7.21,-76.86809257325356,Generic
2478.254,1.025,-27.29,63.59,0.001,6.82,-83.42820036605198,Generic
2409.897,0.779,-36.34,54.54,0.0077,8.4,-89.33792345915477,Generic
2473.459,1.928,-32.57,58.31,0.0035,8.04,-78.07084935658013,Generic
2427.195,1.559,-43.44,47.44,0.0392,6.61,-77.33937684018343,Generic
2429.952,1.477,-41.9,48.98,0.0277,8.15,-77.63579663922981,Generic
2432.91,1.764,-24.26,66.61,0.0005,6.9,-84.38502345738561,Generic
2459.518,0.779,-46.82,44.05,0.0791,8.56,-88.71069920106126,Generic
2430.158,1.271,-40.35,50.53,0.019,6.98,-84.35487153555655,Generic
2422.351,1.846,-23.42,67.46,0.0004,7.21,-89.42471645696713,Generic
2430.046,0.943,-31.37,59.5,0.0024,5.61,-84.86269063104785,Generic
2458.104,1.682,-45.4,45.48,0.0606,9.34,-78.47703051626989,Generic
2420.959,1.395,-37.62,53.25,0.0107,8.0,-90.52146427500763,Generic
2476.95,1.148,-42.92,47.96,0.0343,5.76,-85.1767813161774,Generic
2472.824,1.354,-33.18,57.7,0.0039,7.2,-90.58679163711203,Generic
2410.438,1.559,-24.09,66.79,0.0005,9.16,-89.38122617827949,Generic
2425.905,0.492,-27.2,63.68,0.0009,8.93,-90.46202767900388,Generic
2476.514,1.477,-27.56,63.32,0.001,5.7,-80.19102717919996,Generic
2419.501,1.6,-36.87,54.01,0.0089,7.1,-78.06226701605809,Generic
2422.049,0.533,-25.28,65.6,0.0006,5.91,-88.85588072767433,Generic
2406.47,1.723,-41.16,49.72,0.024,7.54,-76.65999072416804,Generic
2452.213,2.215,-19.2,71.68,0.0002,7.46,-78.32011440730345,Generic
2430.417,1.271,-40.76,50.12,0.0209,5.93,-78.18371073414554,Generic
2472.575,1.271,-22.19,68.68,0.0003,8.12,-90.56065243681863,Generic
2418.337,0.41,-30.27,60.6,0.0019,5.0,-88.03155531784566,Generic
2462.637,0.574,-41.49,49.39,0.024,4.86,-84.72544188899515,Generic
2471.984,0.738,-36.63,54.24,0.0082,7.96,-90.47943966086373,Generic
2409.225,2.625,-20.45,70.42,0.0002,7.25,-79.96533867954278,Generic
2419.678,1.928,-35.58,55.29,0.0068,7.86,-84.43605178747585,Generic
2432.146,0.738,-44.99,45.89,0.0533,7.05,-89.25863194718802,Generic
2420.377,2.379,-31.37,59.5,0.0027,9.9,-84.85689483399402,Generic
2410.676,1.107,-40.28,50.6,0.0187,6.78,-84.10402398667415,Generic
2418.754,1.682,-39.29,51.59,0.0153,7.65,-84.55355343620073,Generic
2433.066,2.051,-27.56,63.32,0.0011,7.88,-77.69083766562785,Generic
2445.889,1.189,-40.26,50.61,0.0192,8.06,-90.41897405815925,Generic
2479.305,2.543,-22.79,68.09,0.0004,7.77,-83.04319532504148,Generic
2442.49,1.559,-27.87,63.01,0.0011,7.02,-85.57243540631455,Generic
2403.436,0.779,-38.16,52.72,0.0116,5.76,-89.46532781157651,Generic
2476.345,2.42,-20.83,70.05,0.0002,8.0,-79.27374361075618,Generic
2433.868,0.41,-46.12,44.75,0.0666,6.85,-89.30591090125614,Generic
2447.891,2.092,-28.37,62.51,0.0013,7.22,-83.18951070664569,Generic
2462.737,0.369,-45.39,45.49,0.0566,8.46,-90.76966193669485,Generic
2448.73,1.887,-33.41,57.47,0.0041,7.33,-80.29334506227971,Generic
2406.944,1.436,-44.82,46.06,0.0524,6.51,-76.86728417391936,Generic
2418.45,1.518,-46.48,44.4,0.0756,7.47,-85.00901120204269,Generic
2420.281,1.189,-23.66,67.22,0.0004,7.24,-90.67687770213165,Generic
2482.426,1.107,-39.27,51.61,0.0154,6.42,-88.83244771197164,Generic
2464.593,2.051,-25.5,65.37,0.0007,6.93,-83.11204680772991,Generic
2434.156,2.092,-37.67,53.2,0.0111,7.88,-79.72246922084449,Generic
2409.325,1.066,-20.94,69.93,0.0002,6.29,-83.8067324092141,Generic
2411.28,1.559,-31.32,59.56,0.0026,7.63,-90.45968706798264,Generic
2414.145,0.861,-32.14,58.74,0.003,8.11,-89.20585848173388,Generic
2403.564,0.984,-22.49,68.39,0.0003,8.02,-90.52819928107664,Generic
2412.124,1.6,-31.52,59.36,0.0027,6.2,-89.21923553620076,Generic
2459.279,2.379,-28.24,62.64,0.0013,6.07,-78.406597693354,Generic
2474.476,0.533,-38.81,52.07,0.0132,7.23,-90.57904715818445,Generic
2449.42,1.805,-43.04,47.84,0.0358,7.97,-83.06403959971209,Generic
2477.934,1.312,-29.17,61.71,0.0015,6.97,-76.8880251122502,Generic
2423.134,1.969,-36.18,54.7,0.008,8.96,-77.38590601210394,Generic
2430.118,1.641,-28.36,62.52,0.0013,8.95,-89.48756773774994,Generic
2457.608,1.477,-35.41,55.47,0.0065,7.53,-90.68980495873618,Generic
2463.581,1.6,-29.99,60.88,0.0019,6.62,-89.31728198538703,Generic
2452.405,0.656,-27.17,63.71,0.0009,6.83,-90.64499620845379,Generic
2466.274,2.297,-28.07,62.81,0.0013,7.04,-85.68884593076994,Generic
2478.942,0.943,-42.49,48.39,0.0311,6.13,-88.15723898261378,Generic
2428.608,1.641,-37.31,53.56,0.0101,6.42,-85.68828687521032,Generic
2436.635,1.887,-18.0,72.88,0.0001,6.38,-83.6318460728714,Generic
2443.765,0.82,-40.5,50.38,0.0198,6.92,-90.64875288223438,Generic
2459.155,1.107,-19.63,71.25,0.0002,5.25,-84.44864964673718,Generic
2417.71,1.312,-38.84,52.03,0.0141,8.97,-89.51428487548691,Generic
2434.579,1.312,-35.67,55.2,0.0069,7.3,-89.21803320713069,Generic
2475.09,1.805,-27.99,62.88,0.0012,7.6,-88.04458797840628,Generic
2448.97,0.779,-30.88,60.0,0.0022,8.73,-88.65750698259338,Generic
2437.221,0.82,-37.44,53.44,0.0096,6.9,-85.29900717786906,Generic
2481.255,1.969,-37.15,53.73,0.0099,6.76,-76.79466306319168,Generic
2452.83,1.518,-44.51,46.37,0.0493,6.55,-77.68029279604544,Generic
2436.257,1.148,-43.91,46.97,0.0431,6.89,-88.33996685496312,Generic
2402.119,0.492,-32.1,58.78,0.0029,6.06,-89.45715423521128,Generic
2447.353,0.82,-18.14,72.74,0.0001,6.01,-85.61890524557175,Generic
2402.311,1.436,-18.65,72.23,0.0001,7.18,-90.65216770971767,Generic
2433.523,1.764,-21.44,69.44,0.0003,8.84,-88.21904251828309,Generic
2476.162,2.789,-20.78,70.09,0.0002,8.61,-83.56684833176698,Generic
2438.993,1.23,-24.47,66.41,0.0005,8.57,-85.61648755891134,Generic
2444.751,1.969,-37.76,53.12,0.0113,7.49,-78.47953324058672,Generic
2459.153,0.615,-36.68,54.2,0.0082,5.59,-84.80041804813928,Generic
2475.964,1.066,-17.45,73.43,0.0001,6.93,-90.48644330394573,Generic
2470.139,2.133,-26.8,64.07,0.001,7.1,-85.51408935860938,Generic
2476.488,1.477,-17.1,73.77,0.0001,6.62,-77.78137269139711,Generic
2441.497,0.533,-24.4,66.48,0.0005,6.16,-90.68658773590816,Generic
2415.422,0.615,-20.27,70.6,0.0002,5.31,-88.06123448498775,Generic
2463.468,0.492,-31.57,59.31,0.0025,6.2,-90.40395469761026,Generic
2402.953,1.969,-28.62,62.25,0.0014,8.17,-85.74686906422627,Generic
2406.953,1.641,-34.83,56.04,0.0058,8.17,-87.97819671798112,Generic
2444.85,0.41,-45.74,45.14,0.0616,6.15,-85.53951615776711,Generic
2479.021,1.928,-29.82,61.06,0.0019,7.53,-77.87181333580969,Generic
2428.599,1.805,-18.84,72.04,0.0001,8.02,-85.37416929804486,Generic
2476.486,0.656,-32.12,58.76,0.0029,7.8,-89.28194290984311,Generic
2432.903,1.969,-36.27,54.61,0.0079,8.96,-83.94395561620863,Generic
2449.016,0.41,-26.59,64.29,0.0008,8.34,-90.54988596594023,Generic
2409.445,2.502,-19.86,71.02,0.0002,7.56,-77.11508598496026,Generic
2445.393,1.559,-35.75,55.13,0.0071,8.32,-88.81402282919888,Generic
2463.823,0.533,-20.21,70.66,0.0002,4.73,-90.42709727185422,Generic
2468.431,1.518,-21.17,69.71,0.0002,3.95,-83.78441539931768,Generic
2442.579,2.01,-35.6,55.28,0.0069,9.11,-78.94024154427314,Generic
2439.623,1.723,-34.53,56.35,0.0053,7.48,-76.7352011095559,Generic
2437.579,0.697,-46.0,44.88,0.066,6.9,-90.75359193903358,Generic
2470.334,1.436,-28.33,62.55,0.0013,7.2,-90.68532756907189,Generic
2438.429,0.656,-39.84,51.04,0.0166,8.19,-84.38617478971375,Generic
2463.223,0.738,-45.85,45.03,0.0644,9.12,-89.2051723597255,Generic
2432.877,0.902,-46.99,43.89,0.0825,8.23,-90.52904357413168,Generic
2434.569,2.461,-28.47,62.41,0.0014,6.87,-83.72788607065056,Generic
2449.463,0.656,-36.85,54.02,0.0086,6.17,-88.48640920989628,Generic
2440.343,1.846,-17.49,73.39,0.0001,6.66,-85.8183723314608,Generic
2462.578,1.805,-42.78,48.1,0.0344,7.71,-78.68758589981259,Generic
2430.513,1.025,-25.02,65.86,0.0006,6.75,-90.75413191422778,Generic
2406.832,1.354,-44.59,46.29,0.0495,8.37,-77.49612920555585,Generic
2418.223,1.436,-25.19,65.69,0.0006,5.96,-83.49735657776122,Generic
2444.649,1.477,-20.75,70.12,0.0002,7.77,-77.97548208898546,Generic
2424.247,2.83,-17.92,72.96,0.0001,7.82,-78.1338644427113,Generic
2441.91,1.312,-27.75,63.13,0.0011,5.08,-80.02791414493984,Generic
2414.365,2.215,-21.35,69.53,0.0003,8.17,-85.5489409382348,Generic
2405.06,1.682,-31.73,59.14,0.0028,6.77,-77.46865485947241,Generic
2459.056,1.395,-39.94,50.94,0.0174,7.3,-79.12439986555876,Generic
2444.115,1.928,-24.17,66.71,0.0005,6.58,-83.446982998888,Generic
2470.668,0.41,-31.52,59.35,0.0025,5.46,-88.81996653076561,Generic
2407.601,1.271,-37.85,53.03,0.0112,7.46,-88.79653666076378,Generic
2475.485,2.092,-33.44,57.44,0.0042,7.97,-83.27248217984793,Generic
2436.997,0.738,-27.41,63.47,0.001,5.97,-90.42042418579435,Generic
2445.418,0.287,-43.56,47.32,0.0376,6.36,-90.7650204089245,Generic
2448.337,1.559,-24.46,66.42,0.0005,7.15,-90.69655641590955,Generic
2453.083,0.328,-41.63,49.24,0.0245,7.0,-90.7210270959522,Generic
2424.335,2.42,-17.5,73.37,0.0001,6.48,-83.68329617222054,Generic
2476.892,0.574,-41.26,49.62,0.023,6.42,-90.74926855283914,Generic
2436.781,0.943,-46.4,44.48,0.0729,6.34,-90.66232399560285,Generic
2440.008,0.902,-32.47,58.41,0.0032,7.47,-88.2676673817493,Generic
2478.032,1.23,-31.09,59.79,0.0024,7.31,-85.76404893279376,Generic
2475.982,1.025,-29.39,61.49,0.0016,6.29,-88.35377643536965,Generic
2465.182,0.697,-33.89,56.99,0.0044,6.1,-90.68583624782251,Generic
2414.458,1.23,-36.26,54.62,0.0076,6.95,-84.67581834535903,Generic
2459.246,0.697,-44.99,45.88,0.0526,7.43,-85.99701140318267,Generic
2479.703,1.846,-30.71,60.16,0.0022,9.41,-79.15272489440399,Generic
2461.063,1.682,-46.95,43.93,0.0845,7.33,-76.77869735676069,Generic
2460.655,2.625,-18.36,72.52,0.0001,8.01,-85.84025966589705,Generic
2468.026,1.189,-35.63,55.25,0.0067,9.28,-88.07107349306168,Generic
2428.994,1.559,-35.56,55.31,0.0066,7.65,-78.70545092842627,Generic
2433.314,1.969,-28.81,62.06,0.0015,7.47,-77.0782084667254,Generic
2436.53,1.805,-24.94,65.94,0.0006,7.03,-85.44534400267878,Generic
2444.482,1.559,-38.29,52.59,0.0122,7.51,-83.07084150684128,Generic
2476.918,0.615,-45.67,45.21,0.0609,5.83,-90.49357993361785,Generic
2438.188,0.492,-34.27,56.61,0.0047,7.55,-87.96131704006248,Generic
2409.529,0.615,-17.82,73.05,0.0001,8.29,-89.0034623772481,Generic
2453.494,1.066,-42.84,48.04,0.034,7.47,-88.78689490575722,Generic
2453.488,2.584,-22.57,68.3,0.0004,6.44,-79.80407541205895,Generic
2402.977,2.338,-28.53,62.35,0.0014,6.97,-84.09226320925197,Generic
2447.37,1.477,-21.26,69.62,0.0002,5.81,-83.96022461176901,Generic
2445.004,1.6,-41.28,49.6,0.0244,8.37,-85.38556096312617,Generic
2466.557,0.656,-20.82,70.05,0.0002,5.47,-88.8709428937205,Generic
2407.182,2.543,-19.62,71.26,0.0002,7.73,-78.73389599268657,Generic
2472.125,1.312,-19.97,70.91,0.0002,8.64,-90.605056781288,Generic
2478.434,1.477,-38.61,52.27,0.0135,8.82,-88.86456059322609,Generic
2438.478,1.066,-39.18,51.69,0.015,7.41,-89.36493359332754,Generic
2438.364,1.969,-24.87,66.01,0.0006,8.49,-88.37395202984229,Generic
2463.432,0.533,-35.73,55.14,0.0066,6.99,-88.40775247449105,Generic
2446.302,1.271,-23.16,67.72,0.0004,7.03,-90.64582547260757,Generic
2418.33,2.707,-21.52,69.35,0.0003,7.44,-77.10131697091454,Generic
2435.716,0.697,-39.23,51.65,0.0148,7.99,-88.93235427411236,Generic
2445.729,1.354,-31.85,59.03,0.0028,8.98,-83.95582040556884,Generic
2457.618,1.518,-23.94,66.94,0.0005,8.06,-90.67019867818362,Generic
2418.249,0.861,-46.73,44.15,0.078,6.99,-85.95778594864505,Generic
2471.068,0.615,-32.19,58.69,0.0029,7.42,-90.75683768518336,Generic
2428.915,1.148,-40.79,50.08,0.0217,7.74,-88.95213050218132,Generic
2469.269,0.574,-44.49,46.39,0.0473,6.56,-89.46106453690594,Generic
2412.718,0.82,-35.69,55.18,0.0067,7.49,-89.1877234939918,Generic
2444.366,0.984,-40.31,50.57,0.0191,7.27,-90.43156618834196,Generic
2436.846,1.025,-45.67,45.21,0.0628,7.47,-90.77048682260596,Generic
2422.192,1.025,-19.09,71.79,0.0002,6.98,-90.5843461140533,Generic
2475.774,0.287,-45.59,45.29,0.0588,7.46,-90.71496028687514,Generic
2421.406,1.477,-33.08,57.8,0.0038,7.36,-89.11024171723777,Generic
2472.134,1.107,-33.05,57.83,0.0038,6.17,-89.52592092167978,Generic
2431.695,0.902,-38.06,52.81,0.0115,6.17,-90.69083728908983,Generic
2443.088,0.451,-35.86,55.01,0.0068,7.0,-88.78959238966033,Generic
2440.984,2.502,-20.34,70.54,0.0002,6.93,-79.22305674307508,Generic
2420.26,1.23,-39.41,51.46,0.0153,5.74,-80.09322489754962,Generic
2453.306,1.23,-34.46,56.42,0.0052,8.78,-90.63540301685454,Generic
2438.471,2.051,-23.92,66.96,0.0005,8.09,-84.3835488387989,Generic
2428.059,1.436,-36.68,54.2,0.0087,6.69,-88.77661396651553,Generic
2421.38,0.41,-43.25,47.63,0.0354,6.13,-90.74813980798722,Generic
2457.168,1.312,-19.73,71.15,0.0002,5.16,-84.23535423445341,Generic
2425.874,1.682,-33.27,57.61,0.0041,9.13,-90.72415415291817,Generic
2450.174,1.805,-27.29,63.59,0.0011,6.74,-90.4951048702182,Generic
2404.74,1.395,-26.6,64.28,0.0008,5.87,-79.32757670752612,Generic
2459.657,2.174,-35.26,55.62,0.0064,6.63,-84.3540732906811,Generic
2447.237,0.533,-44.5,46.38,0.0472,7.7,-90.76890280710175,Generic
2409.673,1.23,-45.95,44.93,0.0657,7.32,-78.0545083769475,Generic
2458.609,0.41,-38.98,51.9,0.0136,5.29,-89.0372415723861,Generic
2448.366,0.902,-26.6,64.27,0.0008,6.18,-90.74732360864893,Generic
2421.635,0.615,-16.87,74.01,0.0001,5.49,-89.16719695722867,Generic
2449.705,1.477,-35.52,55.36,0.0067,8.99,-90.54322376568494,Generic
2478.295,1.189,-31.39,59.49,0.0025,6.83,-85.66458936669198,Generic
2445.534,1.436,-43.93,46.94,0.0433,8.02,-76.88678695934514,Generic
2482.352,1.025,-18.98,71.9,0.0001,6.4,-90.60867628022243,Generic
2408.102,1.436,-36.8,54.08,0.0089,7.56,-90.60859042422044,Generic
2437.608,1.518,-28.85,62.03,0.0015,9.13,-90.55796515191473,Generic
2439.074,0.369,-37.94,52.94,0.0108,6.78,-88.14438227790899,Generic
2404.589,1.723,-23.92,66.95,0.0005,6.97,-77.25513742979409,Generic
2481.256,1.107,-43.2,47.67,0.0359,7.39,-84.68910111591158,Generic
2474.581,0.615,-18.88,71.99,0.0001,5.01,-89.27375428377825,Generic
2472.575,0.615,-31.87,59.01,0.0027,7.57,-90.63598053575058,Generic
2422.809,1.354,-20.88,70.0,0.0002,9.45,-89.09743561363663,Generic
2461.323,2.256,-23.09,67.78,0.0004,7.73,-78.57304805232201,Generic
2475.052,1.969,-26.88,63.99,0.0009,6.12,-83.52433935875254,Generic
2428.121,0.779,-31.99,58.88,0.0028,7.19,-88.17630246724576,Generic
2461.369,1.682,-30.9,59.98,0.0023,7.63,-78.37053490839432,Generic
2428.189,0.861,-42.29,48.58,0.0296,7.61,-90.4386682848633,Generic
2402.811,0.451,-37.11,53.77,0.0089,6.51,-90.67470142076557,Generic
2448.765,1.271,-27.74,63.14,0.0011,4.31,-83.4141129826226,Generic
2407.994,1.723,-36.4,54.48,0.0081,6.72,-84.46936212646982,Generic
2469.205,2.215,-21.06,69.82,0.0003,7.25,-78.17343877309577,Generic
2418.998,1.436,-41.24,49.64,0.0239,7.19,-83.71773332519957,Generic
2401.78,0.615,-43.14,47.73,0.0352,7.3,-88.60675494040271,Generic
2476.343,0.656,-20.4,70.47,0.0002,5.29,-89.18817439427409,Generic
2458.511,0.369,-34.38,56.5,0.0047,5.92,-88.92577486412429,Generic
2424.584,0.451,-33.19,57.68,0.0037,7.38,-89.35316617843789,Generic
2436.345,0.41,-37.78,53.09,0.0103,8.19,-90.68609893154552,Generic
2414.209,1.559,-22.1,68.78,0.0003,7.4,-90.65854162221606,Generic
2408.543,0.738,-41.56,49.31,0.0248,7.23,-90.72083694894965,Generic
2430.595,1.887,-29.91,60.97,0.0019,8.71,-89.48186591940731,Generic
2481.238,1.312,-29.26,61.62,0.0015,6.37,-79.6696117019062,Generic
2419.29,1.312,-41.8,49.07,0.0263,7.48,-84.01461593045299,Generic
2469.677,1.436,-30.36,60.51,0.002,7.73,-83.97118299589539,Generic
2428.042,0.943,-33.65,57.23,0.0042,8.04,-90.70958225668383,Generic
2457.591,2.01,-31.65,59.23,0.0028,7.47,-77.50135511882121,Generic
2425.465,1.477,-29.53,61.35,0.0016,6.1,-78.77029779099044,Generic
2450.208,1.025,-42.93,47.95,0.0346,6.74,-89.08178629749949,Generic
2437.876,0.41,-30.94,59.94,0.0022,6.05,-89.36601985078595,Generic
2423.313,0.697,-22.6,68.28,0.0003,6.88,-88.03930221001386,Generic
2405.03,0.984,-35.29,55.59,0.0061,7.81,-90.56081236595436,Generic
2445.275,1.559,-29.87,61.0,0.0018,7.4,-79.42683259080673,Generic
2438.848,0.574,-19.94,70.94,0.0002,6.69,-90.56414375028783,Generic
2480.669,1.887,-18.84,72.04,0.0002,7.66,-90.39698941213729,Generic
2421.832,0.697,-23.46,67.42,0.0004,6.83,-90.72793296518635,Generic
2449.58,0.615,-19.26,71.61,0.0002,3.5,-87.9325459814815,Generic
2401.286,2.256,-27.12,63.76,0.001,8.43,-78.29708898338683,Generic
2420.894,1.395,-43.22,47.66,0.0361,7.2,-83.12855399557832,Generic
2403.167,1.436,-18.58,72.3,0.0001,6.51,-89.12536119613603,Generic
2452.372,1.723,-39.94,50.94,0.0181,7.29,-79.10807493650049,Generic
2478.959,2.953,-17.66,73.22,0.0001,7.07,-78.9162874408846,Generic
2469.454,0.451,-43.45,47.42,0.0373,8.95,-85.97797172742831,Generic
2462.874,2.42,-18.01,72.87,0.0001,7.57,-88.92751279928042,Generic
2440.079,2.051,-22.99,67.89,0.0004,6.99,-90.45917463992316,Generic
2469.831,0.492,-38.5,52.38,0.0123,6.64,-89.26988281520464,Generic
2409.81,2.01,-33.02,57.85,0.0039,9.66,-85.14341095722332,Generic
2454.131,0.615,-29.54,61.34,0.0016,6.66,-90.74793824530401,Generic
2481.415,2.133,-34.08,56.8,0.005,6.81,-77.66722394435956,Generic
2405.722,0.861,-23.3,67.58,0.0004,5.55,-90.76104704855383,Generic
2410.084,0.451,-26.64,64.23,0.0008,7.53,-90.72850199133215,Generic
2406.545,0.287,-45.43,45.44,0.0567,5.23,-90.56517813434114,Generic
2433.605,1.025,-39.13,51.75,0.0145,6.6,-83.79132785990943,Generic
2451.732,0.574,-44.57,46.3,0.0479,5.36,-85.25722708031998,Generic
2416.745,2.256,-18.27,72.61,0.0001,6.15,-77.48857761630912,Generic
2460.313,0.861,-25.03,65.85,0.0006,7.98,-90.44643746235762,Generic
2458.488,0.82,-40.89,49.99,0.0216,6.71,-88.72682064814906,Generic
2434.105,0.451,-35.93,54.95,0.0068,5.69,-89.44945777972032,Generic
2472.083,1.518,-33.29,57.58,0.004,7.95,-90.7586725640127,Generic
2421.139,1.395,-32.7,58.17,0.0035,6.95,-85.84756998554126,Generic
2477.715,0.984,-40.07,50.81,0.0182,6.7,-88.97774517816316,Generic
2430.111,1.6,-20.35,70.53,0.0002,6.34,-79.17482769160942,Generic
2410.021,0.615,-21.62,69.26,0.0003,7.71,-87.91277037062514,Generic
2437.913,1.6,-19.67,71.2,0.0002,8.65,-89.03419978266567,Generic
2453.626,0.492,-25.78,65.1,0.0007,4.26,-90.54511206774794,Generic
2477.976,1.477,-39.04,51.84,0.0143,7.69,-80.42883313419645,Generic
2439.62,1.969,-23.87,67.01,0.0005,7.55,-77.3752016324791,Generic
2459.238,1.066,-29.24,61.64,0.0016,8.87,-89.47583064751161,Generic
2465.283,0.574,-46.14,44.74,0.0673,7.47,-84.08984948527981,Generic
2448.454,1.271,-38.37,52.51,0.0124,8.23,-84.60790988473595,Generic
2458.681,2.092,-30.57,60.3,0.0022,8.2,-79.55363799415113,Generic
2401.223,1.682,-46.14,44.73,0.0712,7.41,-77.24153316806661,Generic
2472.861,2.051,-35.5,55.38,0.0068,7.25,-76.77302430140249,Generic
2451.261,0.738,-44.36,46.52,0.0464,7.81,-90.74448083049217,Generic
2436.789,0.41,-45.24,45.64,0.0549,5.89,-90.41845201727483,Generic
2470.511,1.025,-36.27,54.6,0.0077,8.07,-90.64405725251402,Generic
2469.394,1.312,-35.31,55.57,0.006,5.94,-83.47675183338234,Generic
2475.826,1.23,-40.35,50.53,0.019,6.54,-77.06904278601164,Generic
2406.951,1.066,-44.35,46.53,0.0473,6.97,-90.41112570447646,Generic
2412.892,1.887,-34.56,56.32,0.0053,6.73,-83.30217067449941,Generic
2409.307,0.328,-40.53,50.35,0.0193,7.88,-87.98275102657267,Generic
2427.511,1.354,-29.94,60.94,0.0018,5.38,-79.77865065369168,Generic
2433.571,1.518,-23.48,67.4,0.0004,6.99,-89.06153019491737,Generic
2476.321,1.559,-20.7,70.17,0.0002,6.33,-83.14317692884208,Generic
2422.307,0.861,-46.52,44.36,0.0743,8.25,-90.42018164494661,Generic
2478.42,0.902,-28.29,62.58,0.0012,5.47,-88.81934013109989,Generic
2435.932,2.215,-20.52,70.36,0.0002,6.18,-83.20766667995309,Generic
2453.351,1.477,-38.03,52.85,0.0118,6.98,-88.13395047830184,Generic
2424.001,1.723,-46.2,44.67,0.0724,7.61,-77.03518391265348,Generic
2442.611,0.656,-26.32,64.56,0.0008,6.7,-90.57011961722425,Generic
2422.451,1.23,-40.07,50.81,0.0184,9.06,-88.19926902463472,Generic
2420.85,0.697,-30.45,60.43,0.002,6.57,-90.75946332264647,Generic
2404.532,0.615,-18.71,72.16,0.0001,7.13,-90.61408208512685,Generic
2477.478,1.518,-44.88,45.99,0.0536,8.06,-76.87888118087568,Generic
2480.03,0.287,-43.08,47.79,0.0339,4.64,-90.55842132850705,Generic
2477.608,1.354,-38.13,52.75,0.012,7.22,-88.94797885568241,Generic
2415.161,0.984,-23.07,67.81,0.0004,7.09,-85.48286245492818,Generic
2462.26,1.559,-28.96,61.92,0.0015,6.4,-90.62102390495062,Generic
2445.355,1.395,-21.69,69.19,0.0003,5.94,-79.15986283583794,Generic
2463.734,1.025,-39.58,51.3,0.0163,7.34,-90.5205693598333,Generic
2404.964,1.395,-41.08,49.8,0.0233,8.4,-84.5752274201924,Generic
2447.918,2.215,-22.01,68.86,0.0003,6.13,-79.87260828461268,Generic
2428.713,2.092,-33.06,57.81,0.0039,7.47,-79.37186330317704,Generic
2476.151,1.23,-36.44,54.44,0.0078,7.08,-78.62348667494257,Generic
2417.218,1.846,-27.35,63.53,0.001,8.26,-84.16639224823629,Generic
2449.091,1.189,-45.94,44.93,0.067,7.67,-89.27916958576952,Generic
2479.919,1.271,-42.35,48.53,0.0298,5.79,-83.5759892082311,Generic
2403.956,2.092,-20.09,70.78,0.0002,7.59,-90.4599020986205,Generic
2424.702,2.297,-23.31,67.56,0.0004,6.79,-84.07804934289473,Generic
2438.743,1.477,-35.71,55.17,0.007,7.0,-89.32705746441908,Generic
2457.777,1.559,-45.01,45.86,0.0552,5.74,-77.23548459823718,Generic
2480.402,0.533,-39.23,51.64,0.0146,7.08,-87.98900249914138,Generic
2441.865,1.805,-37.95,52.93,0.0116,10.25,-77.9561382330114,Generic
2463.268,2.051,-27.32,63.56,0.001,8.01,-84.4513628225497,Generic
2476.794,1.6,-36.33,54.54,0.0079,6.35,-78.28375556650374,Generic
2479.397,1.025,-41.15,49.72,0.0233,6.85,-87.91535997321542,Generic
2457.964,2.174,-22.5,68.38,0.0004,8.08,-79.35545059198613,Generic
2443.332,1.148,-45.13,45.75,0.0548,5.96,-76.84561497472771,Generic
2440.376,1.436,-39.31,51.57,0.0153,8.11,-78.67031005885192,Generic
2406.727,1.477,-21.65,69.23,0.0003,7.84,-89.24732061362846,Generic
2417.685,0.451,-28.04,62.84,0.0011,6.18,-89.28621800293044,Generic
2442.905,1.969,-27.89,62.99,0.0012,9.06,-86.03984132859048,Generic
2466.625,0.615,-19.99,70.89,0.0002,6.53,-90.54218741439581,Generic
2410.561,0.861,-32.59,58.29,0.0033,7.69,-89.53945550514865,Generic
2432.59,1.436,-32.14,58.74,0.003,7.42,-77.20933738819431,Generic
2436.005,1.887,-29.34,61.54,0.0017,6.87,-77.22879718977698,Generic
2481.275,0.246,-43.95,46.93,0.0411,7.24,-89.17423196029425,Generic
2447.711,1.518,-36.35,54.52,0.0079,6.96,-79.22129790111916,Generic
2405.598,0.369,-34.77,56.11,0.0052,4.3,-89.47582380189023,Generic
2421.27,0.943,-33.78,57.1,0.0043,7.19,-85.58474184025386,Generic
2459.537,1.271,-27.53,63.35,0.0011,8.47,-88.77484605410244,Generic
2480.629,1.682,-30.16,60.71,0.002,9.65,-89.17355729565163,Generic
2456.488,0.82,-29.18,61.7,0.0015,6.64,-88.70367122242513,Generic
2416.336,2.01,-26.9,63.98,0.0009,7.17,-79.5878732790548,Generic
2453.474,2.051,-25.95,64.93,0.0008,6.51,-83.41290088383488,Generic
2443.904,2.174,-19.56,71.32,0.0002,8.14,-77.82757640395204,Generic
2473.064,0.369,-33.5,57.38,0.0039,7.26,-90.6916990528531,Generic
2468.348,1.518,-37.15,53.73,0.0094,8.22,-80.36417948724878,Generic
2424.072,1.969,-22.04,68.84,0.0003,8.82,-80.23757144613671,Generic
2472.072,0.943,-38.49,52.39,0.0126,9.51,-89.30437154312312,Generic
2401.084,2.092,-20.73,70.15,0.0002,8.32,-77.64373533090283,Generic
2481.956,1.477,-34.02,56.85,0.0048,10.57,-89.15674354163339,Generic
2472.834,0.533,-19.53,71.34,0.0002,6.22,-90.70295639055517,Generic
2429.743,1.395,-20.68,70.2,0.0002,8.11,-90.55340295695412,Generic
2404.372,1.887,-27.84,63.04,0.0012,8.68,-90.62384989070279,Generic
2461.694,1.23,-32.39,58.49,0.0032,8.11,-90.7519144841363,Generic
2451.703,0.984,-41.86,49.02,0.0271,8.46,-85.00760516866573,Generic
2463.825,0.984,-39.93,50.94,0.0176,7.11,-90.50928138442598,Generic
2432.995,0.246,-37.56,53.32,0.0097,5.65,-90.64198289816426,Generic
2402.775,0.984,-22.78,68.1,0.0003,6.17,-88.88960299912264,Generic
2472.945,1.23,-31.9,58.98,0.0028,6.88,-79.07261504595914,Generic
2477.627,1.395,-36.49,54.38,0.008,5.46,-83.1879983043919,Generic
2464.147,2.133,-24.65,66.23,0.0006,7.06,-83.65058058715154,Generic
2415.858,1.6,-40.26,50.62,0.0191,8.37,-79.76799124805765,Generic
2471.039,2.625,-19.44,71.44,0.0002,7.43,-79.90579143960841,Generic
2475.322,2.174,-30.66,60.21,0.0022,8.04,-83.51792030532785,Generic
2464.739,2.584,-17.45,73.43,0.0001,7.95,-77.68146968563971,Generic
2429.899,2.543,-21.81,69.07,0.0003,8.38,-83.99155216753525,Generic
2437.652,0.246,-41.79,49.09,0.0253,4.88,-90.49447640985167,Generic
2404.556,1.559,-30.63,60.25,0.0021,7.32,-78.62526957990718,Generic
2443.096,0.861,-18.23,72.65,0.0001,6.26,-90.57116458565349,Generic
2462.199,0.615,-31.26,59.62,0.0023,4.41,-84.79515844637835,Generic
2462.106,0.656,-17.22,73.66,0.0001,6.74,-90.77044915515974,Generic
2448.403,1.682,-24.67,66.21,0.0006,7.35,-85.77265871601479,Generic
2430.308,1.312,-36.37,54.51,0.0077,6.85,-79.93938253166675,Generic
2482.445,1.641,-33.26,57.61,0.004,7.96,-76.87956920092506,Generic
2446.915,1.189,-39.91,50.97,0.0177,7.53,-90.58884644349752,Generic
2426.682,0.656,-35.86,55.02,0.0068,8.23,-90.7643071526111,Generic
2450.42,1.559,-19.01,71.87,0.0002,6.76,-88.4465396347474,Generic
2412.534,0.328,-33.47,57.41,0.0039,3.59,-88.55391118965261,Generic
2437.906,0.738,-46.93,43.95,0.081,8.49,-88.49206235460849,Generic
2423.059,2.297,-27.97,62.91,0.0012,6.9,-79.16117880511857,Generic
2446.154,1.477,-29.99,60.89,0.0019,6.79,-89.25328384380592,Generic
2437.273,1.354,-21.42,69.46,0.0003,5.77,-79.20664771304153,Generic
2476.627,0.369,-38.87,52.01,0.0132,7.34,-89.26391074288495,Generic
2441.341,2.051,-28.94,61.94,0.0015,7.32,-76.8538615031668,Generic
2441.65,0.861,-35.46,55.42,0.0062,8.77,-84.7307200502494,Generic
2467.955,1.271,-42.21,48.67,0.0289,6.06,-79.43371132262598,Generic
2405.586,1.559,-37.09,53.79,0.0094,6.74,-76.673665361752,Generic
2478.018,0.738,-38.9,51.98,0.0137,6.95,-88.76319958677298,Generic
2405.205,0.697,-22.21,68.66,0.0003,7.16,-85.37031609941496,Generic
2444.583,1.395,-39.04,51.83,0.0144,6.94,-76.8239530477511,Generic
2441.443,0.779,-28.35,62.53,0.0012,6.11,-90.4081784469916,Generic
2472.521,1.312,-33.34,57.54,0.004,6.92,-89.51582443354563,Generic
2402.914,2.133,-19.89,70.99,0.0002,8.51,-90.63568857444304,Generic
2424.98,1.764,-22.38,68.5,0.0003,6.44,-78.26764059886449,Generic
2462.288,1.354,-39.4,51.48,0.0157,7.59,-83.22219442567828,Generic
2461.792,1.723,-28.91,61.96,0.0015,6.98,-89.49912805275716,Generic
2454.206,0.615,-42.9,47.98,0.0333,6.53,-90.45558011784091,Generic
2450.802,1.066,-43.33,47.55,0.0376,7.97,-90.52877549138049,Generic
2462.931,0.615,-41.16,49.72,0.0226,8.84,-88.54393471119187,Generic
2464.292,0.369,-29.06,61.82,0.0014,5.42,-88.96217566018203,Generic
2464.397,1.477,-19.79,71.09,0.0002,4.41,-84.44328122334394,Generic
2436.577,2.502,-18.67,72.21,0.0002,6.01,-90.71826166603364,Generic
2443.566,2.461,-21.82,69.06,0.0003,8.73,-83.39900982639182,Generic
2423.689,1.518,-37.18,53.7,0.0094,7.74,-80.3565960109196,Generic
2440.972,0.492,-42.56,48.31,0.0308,7.17,-90.55783634274074,Generic
2436.081,1.682,-43.58,47.3,0.0408,9.63,-77.76535828077036,Generic
2444.175,1.559,-43.81,47.07,0.0421,7.14,-80.45960706294426,Generic
2423.939,2.092,-34.54,56.34,0.0054,6.89,-83.67248812851227,Generic
2475.48,2.748,-26.17,64.71,0.0008,6.97,-85.23175715252594,Generic
2442.879,1.066,-38.25,52.63,0.0121,7.25,-90.46994734256549,Generic
2443.52,1.559,-22.31,68.57,0.0003,7.19,-90.72582424595116,Generic
2457.806,1.682,-42.98,47.9,0.0356,8.65,-77.70542013901446,Generic
2462.429,2.543,-19.25,71.62,0.0002,7.08,-83.32576119931306,Generic
2472.215,1.723,-36.78,54.1,0.0088,6.88,-80.32726175576657,Generic
2435.788,1.025,-37.58,53.29,0.0104,7.55,-89.4579142563378,Generic
2439.525,1.148,-42.9,47.98,0.0345,7.8,-88.7181680265481,Generic
2408.404,2.174,-18.82,72.06,0.0002,8.88,-80.34803417495955,Generic
2433.831,2.215,-20.82,70.06,0.0002,7.07,-78.26681049580391,Generic
2465.246,2.051,-38.03,52.84,0.012,7.72,-80.33037924320818,Generic
2462.677,2.133,-33.36,57.52,0.0042,7.41,-78.62798982048771,Generic
2432.986,1.312,-39.36,51.52,0.0156,8.47,-84.67324090525072,Generic
2403.028,2.215,-28.77,62.1,0.0015,7.3,-78.19623730289894,Generic
2406.046,1.969,-37.62,53.26,0.0109,9.13,-79.45412151816107,Generic
2447.737,0.574,-19.19,71.69,0.0001,6.05,-90.77179013854719,Generic
2402.371,1.6,-18.61,72.26,0.0001,7.66,-89.29844290454935,Generic
0.0,0.0,-79.37,0.0,0.9679,9.95,-78.79949861296619,Background
0.0,0.0,-90.47,0.0,0.9995,9.93,-90.56779519138156,Background
0.0,0.0,-85.47,0.0,0.9807,9.97,-85.06148155070356,Background
0.0,0.0,-84.65,0.0,0.9774,9.61,-84.16796750143241,Background
0.0,0.0,-89.41,0.0,0.9956,10.46,-89.31092408161304,Background
0.0,0.0,-88.35,0.0,0.9903,9.27,-88.11309246386364,Background
0.0,0.0,-89.24,0.0,0.9948,9.21,-89.12756091782848,Background
0.0,0.0,-90.64,0.0,0.9998,10.22,-90.77050846272934,Background
0.0,0.0,-77.43,0.0,0.9654,9.44,-76.7607451758995,Background
0.0,0.0,-78.1,0.0,0.9668,10.46,-77.45810747696393,Background
0.0,0.0,-84.77,0.0,0.9771,10.58,-84.25437575276078,Background
0.0,0.0,-80.86,0.0,0.9692,9.43,-80.24032447806485,Background
0.0,0.0,-80.53,0.0,0.9698,10.71,-79.98259199050541,Background
0.0,0.0,-90.4,0.0,0.9992,9.1,-90.4761418149779,Background
0.0,0.0,-90.64,0.0,0.9998,9.78,-90.77222397405303,Background
0.0,0.0,-89.18,0.0,0.9944,9.09,-89.07941510126204,Background
0.0,0.0,-90.32,0.0,0.9991,10.88,-90.39011592406929,Background
0.0,0.0,-90.64,0.0,0.9998,9.56,-90.76923461534159,Background
0.0,0.0,-79.79,0.0,0.9691,10.2,-79.19734567496343,Background
0.0,0.0,-89.29,0.0,0.9956,10.3,-89.214901684601,Background
0.0,0.0,-78.22,0.0,0.969,9.98,-77.63024005772465,Background
0.0,0.0,-90.39,0.0,0.9993,10.72,-90.45723817057923,Background
0.0,0.0,-85.79,0.0,0.9804,9.91,-85.3683020911853,Background
0.0,0.0,-90.48,0.0,0.9995,10.21,-90.57210117749827,Background
0.0,0.0,-88.95,0.0,0.9933,10.2,-88.78857093760836,Background
0.0,0.0,-90.55,0.0,0.9997,9.78,-90.66217698544918,Background
0.0,0.0,-83.78,0.0,0.9755,9.85,-83.2383291621209,Background
0.0,0.0,-84.84,0.0,0.9771,9.84,-84.33376389393297,Background
0.0,0.0,-77.81,0.0,0.9675,11.21,-77.23889938694964,Background
0.0,0.0,-90.58,0.0,0.9997,10.16,-90.68680732159089,Background
0.0,0.0,-90.53,0.0,0.9996,9.62,-90.6357013001536,Background
0.0,0.0,-78.56,0.0,0.9663,9.04,-77.85557724965366,Background
0.0,0.0,-90.53,0.0,0.9996,10.48,-90.63937028147016,Background
0.0,0.0,-80.4,0.0,0.9709,10.25,-79.8265036475956,Background
0.0,0.0,-90.33,0.0,0.9992,10.83,-90.39921173389712,Background
0.0,0.0,-84.77,0.0,0.9793,10.43,-84.33330907753815,Background
0.0,0.0,-90.52,0.0,0.9996,9.59,-90.62222443077121,Background
0.0,0.0,-85.69,0.0,0.9785,10.11,-85.20772295025196,Background
0.0,0.0,-80.84,0.0,0.9696,9.23,-80.2007130348405,Background
0.0,0.0,-88.67,0.0,0.993,9.96,-88.51108325876251,Background
0.0,0.0,-88.86,0.0,0.9927,9.28,-88.68697503273891,Background
0.0,0.0,-79.67,0.0,0.9681,9.73,-79.0711780464098,Background
0.0,0.0,-89.52,0.0,0.9959,10.9,-89.45644924364991,Background
0.0,0.0,-89.51,0.0,0.996,9.86,-89.45480941867146,Background
0.0,0.0,-80.95,0.0,0.9697,9.87,-80.29450185475258,Background
0.0,0.0,-79.29,0.0,0.9702,9.91,-78.7271965902286,Background
0.0,0.0,-86.37,0.0,0.9822,9.79,-85.92601301537161,Background
0.0,0.0,-84.13,0.0,0.9755,10.17,-83.61259471794773,Background
0.0,0.0,-89.18,0.0,0.9946,10.23,-89.11020039171574,Background
0.0,0.0,-89.56,0.0,0.9961,9.92,-89.5002385153592,Background
0.0,0.0,-83.96,0.0,0.9773,9.99,-83.56665612332733,Background
0.0,0.0,-88.57,0.0,0.992,10.36,-88.39774952010687,Background
0.0,0.0,-85.19,0.0,0.9798,9.65,-84.8007049359146,Background
0.0,0.0,-89.37,0.0,0.9954,10.17,-89.25732671687325,Background
0.0,0.0,-79.92,0.0,0.9717,9.62,-79.2623391353582,Background
0.0,0.0,-86.21,0.0,0.9821,10.09,-85.81009987773118,Background
0.0,0.0,-78.35,0.0,0.9681,10.63,-77.82223517379043,Background
0.0,0.0,-79.32,0.0,0.9692,10.29,-78.68371249248403,Background
0.0,0.0,-88.27,0.0,0.9901,10.1,-88.05902894728862,Background
0.0,0.0,-89.44,0.0,0.9958,10.38,-89.3502021848658,Background
0.0,0.0,-86.31,0.0,0.9835,9.96,-85.94605148590801,Background
0.0,0.0,-89.32,0.0,0.9952,9.46,-89.2235201177142,Background
0.0,0.0,-88.94,0.0,0.9939,9.94,-88.80786070499529,Background
0.0,0.0,-90.46,0.0,0.9995,9.49,-90.54933376139772,Background
0.0,0.0,-89.42,0.0,0.9956,10.01,-89.33557999102118,Background
0.0,0.0,-78.63,0.0,0.9671,10.41,-78.04861138498866,Background
0.0,0.0,-90.46,0.0,0.9995,10.52,-90.55727369958271,Background
0.0,0.0,-90.6,0.0,0.9998,10.08,-90.72345403455031,Background
0.0,0.0,-77.94,0.0,0.9661,10.3,-77.2488508621326,Background
0.0,0.0,-85.38,0.0,0.9788,9.78,-84.90230308526198,Background
0.0,0.0,-88.76,0.0,0.9925,11.5,-88.59705851577074,Background
0.0,0.0,-78.48,0.0,0.9677,10.02,-77.8727575353598,Background
0.0,0.0,-88.68,0.0,0.9928,9.69,-88.55770756545016,Background
0.0,0.0,-89.36,0.0,0.9953,9.75,-89.23939955762954,Background
0.0,0.0,-80.13,0.0,0.97,9.88,-79.53700810501118,Background
0.0,0.0,-78.7,0.0,0.9669,9.55,-78.0378113537548,Background
0.0,0.0,-79.67,0.0,0.9682,10.75,-78.99975468761934,Background
0.0,0.0,-80.32,0.0,0.9699,10.24,-79.74013446000578,Background
0.0,0.0,-84.93,0.0,0.9791,10.64,-84.53553799445334,Background
0.0,0.0,-84.78,0.0,0.9778,10.09,-84.32824628174198,Background
0.0,0.0,-90.46,0.0,0.9995,9.93,-90.55450336353178,Background
0.0,0.0,-89.26,0.0,0.9949,9.82,-89.16689065626922,Background
0.0,0.0,-88.96,0.0,0.9934,9.87,-88.8162709594229,Background
0.0,0.0,-90.64,0.0,0.9998,9.81,-90.76678695201107,Background
0.0,0.0,-90.62,0.0,0.9998,10.78,-90.74191617188643,Background
0.0,0.0,-90.37,0.0,0.9993,10.91,-90.442607180631,Background
0.0,0.0,-88.7,0.0,0.9925,9.93,-88.5355786920347,Background
0.0,0.0,-80.65,0.0,0.9702,9.69,-80.06878904156834,Background
0.0,0.0,-84.1,0.0,0.9761,10.0,-83.66709124877713,Background
0.0,0.0,-90.6,0.0,0.9998,10.14,-90.72431238844378,Background
0.0,0.0,-86.29,0.0,0.9836,9.9,-85.95186874293697,Background
0.0,0.0,-90.48,0.0,0.9995,9.93,-90.58027714069408,Background
0.0,0.0,-89.35,0.0,0.9951,10.44,-89.25320994117156,Background
0.0,0.0,-80.93,0.0,0.9707,9.81,-80.36423067836404,Background
0.0,0.0,-85.02,0.0,0.9788,9.94,-84.53024163909478,Background
0.0,0.0,-90.52,0.0,0.9996,10.51,-90.6206758523009,Background
0.0,0.0,-90.33,0.0,0.9991,9.3,-90.3957380892249,Background
0.0,0.0,-90.36,0.0,0.9993,9.58,-90.43187973552978,Background
0.0,0.0,-90.47,0.0,0.9995,9.76,-90.56392938174238,Background
0.0,0.0,-90.64,0.0,0.9998,10.14,-90.76696644274895,Background
0.0,0.0,-85.93,0.0,0.9806,11.29,-85.48829458941736,Background
0.0,0.0,-90.59,0.0,0.9998,10.04,-90.71384897420543,Background
0.0,0.0,-85.45,0.0,0.9784,10.27,-85.00493460804395,Background
0.0,0.0,-79.05,0.0,0.9698,11.4,-78.50380128387833,Background
0.0,0.0,-89.5,0.0,0.9959,9.63,-89.40236379504243,Background
0.0,0.0,-78.54,0.0,0.9654,9.76,-77.84178329836985,Background
0.0,0.0,-90.59,0.0,0.9998,10.15,-90.70584066533871,Background
0.0,0.0,-90.58,0.0,0.9997,9.56,-90.69191450835444,Background
0.0,0.0,-90.51,0.0,0.9996,9.3,-90.61224986614386,Background
0.0,0.0,-88.87,0.0,0.9929,9.83,-88.72145616670431,Background
0.0,0.0,-90.46,0.0,0.9995,9.59,-90.55152410551949,Background
0.0,0.0,-88.93,0.0,0.993,9.55,-88.74419982299057,Background
0.0,0.0,-88.61,0.0,0.9922,10.12,-88.43758239021457,Background
0.0,0.0,-83.94,0.0,0.9767,9.55,-83.4424893472085,Background
0.0,0.0,-90.4,0.0,0.9993,10.31,-90.48461836381236,Background
0.0,0.0,-80.2,0.0,0.9691,9.73,-79.595250270297,Background
0.0,0.0,-85.75,0.0,0.9787,9.53,-85.3102811789929,Background
0.0,0.0,-89.0,0.0,0.9932,9.61,-88.86213866961937,Background
0.0,0.0,-88.61,0.0,0.9919,10.49,-88.42966018887279,Background
0.0,0.0,-83.79,0.0,0.9767,9.52,-83.35680105227961,Background
0.0,0.0,-84.4,0.0,0.9765,10.03,-83.91731434474653,Background
0.0,0.0,-80.39,0.0,0.9686,9.78,-79.715340521825,Background
0.0,0.0,-79.03,0.0,0.9684,9.72,-78.42065886299605,Background
0.0,0.0,-88.79,0.0,0.9932,9.88,-88.64509074048999,Background
0.0,0.0,-84.72,0.0,0.9761,9.57,-84.22361692209343,Background
0.0,0.0,-88.37,0.0,0.9904,9.44,-88.18018531310585,Background
0.0,0.0,-86.21,0.0,0.9813,9.94,-85.79405261124009,Background
0.0,0.0,-89.54,0.0,0.9964,9.6,-89.48624954956313,Background
0.0,0.0,-80.15,0.0,0.9704,10.22,-79.49116537373669,Background
0.0,0.0,-90.56,0.0,0.9997,10.84,-90.67194316496645,Background
0.0,0.0,-85.17,0.0,0.9792,9.77,-84.71518289628693,Background
0.0,0.0,-85.73,0.0,0.9808,9.58,-85.29402241659282,Background
0.0,0.0,-90.6,0.0,0.9998,10.64,-90.72196749541324,Background
0.0,0.0,-79.44,0.0,0.9689,9.66,-78.86596880141174,Background
0.0,0.0,-90.39,0.0,0.9993,9.4,-90.4645887160411,Background
0.0,0.0,-90.43,0.0,0.9994,10.4,-90.51622145624174,Background
0.0,0.0,-90.38,0.0,0.9993,10.52,-90.45548130338888,Background
0.0,0.0,-90.4,0.0,0.9993,9.18,-90.47977969153044,Background
0.0,0.0,-77.57,0.0,0.9693,8.96,-76.93658747677429,Background
0.0,0.0,-86.31,0.0,0.9826,9.74,-85.93642049549192,Background
0.0,0.0,-78.19,0.0,0.9673,10.37,-77.51150470116471,Background
0.0,0.0,-78.66,0.0,0.9686,9.81,-78.12084556982971,Background
0.0,0.0,-83.59,0.0,0.9762,10.05,-83.12886543890009,Background
0.0,0.0,-90.54,0.0,0.9996,10.32,-90.64124857956953,Background
0.0,0.0,-88.46,0.0,0.9912,10.86,-88.25366366247091,Background
0.0,0.0,-81.0,0.0,0.9705,9.65,-80.3802300456154,Background
0.0,0.0,-84.85,0.0,0.9786,10.03,-84.37965979843776,Background
0.0,0.0,-80.53,0.0,0.9695,9.89,-79.88368722512672,Background
0.0,0.0,-88.95,0.0,0.9936,10.84,-88.782084300832,Background
0.0,0.0,-77.25,0.0,0.9686,10.13,-76.62406400525924,Background
0.0,0.0,-90.6,0.0,0.9998,9.88,-90.71896182155646,Background
0.0,0.0,-77.73,0.0,0.9677,9.91,-77.07419824502367,Background
0.0,0.0,-90.44,0.0,0.9995,10.16,-90.52626349723407,Background
0.0,0.0,-90.61,0.0,0.9998,9.75,-90.72942740400488,Background
0.0,0.0,-88.38,0.0,0.9904,9.73,-88.14674450286748,Background
0.0,0.0,-78.04,0.0,0.9673,10.19,-77.42195939555495,Background
0.0,0.0,-89.17,0.0,0.9944,9.62,-89.0454213607572,Background
0.0,0.0,-88.67,0.0,0.9918,9.72,-88.47548021303732,Background
0.0,0.0,-85.64,0.0,0.9799,9.5,-85.21946277168308,Background
0.0,0.0,-78.19,0.0,0.9687,10.48,-77.5582491674262,Background
0.0,0.0,-79.71,0.0,0.9692,10.85,-79.10110995497763,Background
0.0,0.0,-85.05,0.0,0.9775,10.2,-84.57406822412567,Background
0.0,0.0,-88.91,0.0,0.9934,9.91,-88.74303944212816,Background
0.0,0.0,-90.41,0.0,0.9994,10.4,-90.47747377750936,Background
0.0,0.0,-89.23,0.0,0.9948,9.14,-89.12624683698395,Background
0.0,0.0,-90.53,0.0,0.9996,9.79,-90.62769596778146,Background
0.0,0.0,-88.32,0.0,0.9906,9.21,-88.09350130374521,Background
0.0,0.0,-89.2,0.0,0.9946,9.5,-89.09256164336321,Background
0.0,0.0,-84.12,0.0,0.9747,10.33,-83.59412149052415,Background
0.0,0.0,-90.63,0.0,0.9998,10.06,-90.7592519145613,Background
0.0,0.0,-85.77,0.0,0.9802,9.66,-85.33364281889374,Background
0.0,0.0,-78.82,0.0,0.9693,11.0,-78.21654581501446,Background
0.0,0.0,-79.69,0.0,0.9708,9.58,-79.12524101583216,Background
0.0,0.0,-86.14,0.0,0.9825,10.81,-85.70889895299393,Background
0.0,0.0,-90.51,0.0,0.9996,9.59,-90.61395347953975,Background
0.0,0.0,-90.61,0.0,0.9998,10.02,-90.73381329387502,Background
0.0,0.0,-90.35,0.0,0.9992,10.31,-90.42225948531373,Background
0.0,0.0,-79.32,0.0,0.9692,10.91,-78.76256118972901,Background
0.0,0.0,-85.77,0.0,0.9804,9.5,-85.33313040647104,Background
0.0,0.0,-84.19,0.0,0.9756,9.72,-83.65801692882914,Background
0.0,0.0,-77.39,0.0,0.9693,10.72,-76.8186949463961,Background
0.0,0.0,-88.19,0.0,0.9896,10.34,-87.95363627042252,Background
0.0,0.0,-89.39,0.0,0.9957,9.69,-89.31114103786234,Background
0.0,0.0,-77.98,0.0,0.9675,10.17,-77.42704194646116,Background
0.0,0.0,-84.56,0.0,0.978,9.87,-84.13514891445615,Background
0.0,0.0,-90.41,0.0,0.9993,10.84,-90.49475201667887,Background
0.0,0.0,-83.77,0.0,0.975,9.87,-83.22558728428292,Background
0.0,0.0,-89.25,0.0,0.9945,10.96,-89.12995850513943,Background
0.0,0.0,-88.39,0.0,0.9901,9.67,-88.16006508014635,Background
0.0,0.0,-83.75,0.0,0.9751,10.81,-83.22080559217838,Background
0.0,0.0,-77.67,0.0,0.9672,9.53,-77.00537120062111,Background
0.0,0.0,-84.69,0.0,0.9778,9.86,-84.20741441060426,Background
0.0,0.0,-88.97,0.0,0.9934,9.73,-88.81680987732275,Background
0.0,0.0,-86.01,0.0,0.9812,9.51,-85.5822635411134,Background
0.0,0.0,-86.05,0.0,0.9811,9.91,-85.61424050864571,Background
0.0,0.0,-83.98,0.0,0.9731,10.65,-83.40592704575084,Background
0.0,0.0,-89.44,0.0,0.9956,9.99,-89.35868765989434,Background
0.0,0.0,-84.27,0.0,0.9759,9.77,-83.76671970092701,Background
0.0,0.0,-78.02,0.0,0.9683,11.19,-77.419845170853,Background
0.0,0.0,-79.81,0.0,0.9666,11.22,-79.23193625648176,Background
0.0,0.0,-85.45,0.0,0.9802,9.59,-85.01385758992336,Background
0.0,0.0,-88.54,0.0,0.992,9.67,-88.36494014992283,Background
0.0,0.0,-89.5,0.0,0.9961,9.49,-89.41952736560476,Background
0.0,0.0,-84.92,0.0,0.979,9.58,-84.46239578637805,Background
0.0,0.0,-79.27,0.0,0.9687,11.01,-78.6310087131789,Background
0.0,0.0,-90.53,0.0,0.9996,9.7,-90.63751848919979,Background
0.0,0.0,-88.46,0.0,0.9911,9.91,-88.24980356197959,Background
0.0,0.0,-90.46,0.0,0.9995,10.4,-90.55890438253063,Background
0.0,0.0,-86.36,0.0,0.9828,9.66,-85.94862777894394,Background
0.0,0.0,-85.42,0.0,0.9787,10.27,-84.95927661635135,Background
0.0,0.0,-79.52,0.0,0.9684,9.85,-78.82745304238244,Background
0.0,0.0,-77.44,0.0,0.9667,9.62,-76.81189409322724,Background
0.0,0.0,-89.44,0.0,0.996,9.39,-89.38355313371287,Background
0.0,0.0,-84.42,0.0,0.9779,10.22,-83.88790120105824,Background
0.0,0.0,-89.05,0.0,0.9942,10.22,-88.89638982088263,Background
0.0,0.0,-84.34,0.0,0.9763,10.12,-83.83803262860059,Background
0.0,0.0,-90.57,0.0,0.9997,9.53,-90.6802246275552,Background
0.0,0.0,-88.74,0.0,0.9922,10.69,-88.56387978615743,Background
0.0,0.0,-78.54,0.0,0.9688,9.97,-77.98183002730224,Background
0.0,0.0,-85.43,0.0,0.9799,9.74,-85.0025312789566,Background
0.0,0.0,-79.81,0.0,0.968,10.47,-79.19752643490108,Background
0.0,0.0,-90.58,0.0,0.9997,9.7,-90.69684264712797,Background
0.0,0.0,-89.29,0.0,0.9948,10.62,-89.17686167790794,Background
0.0,0.0,-90.41,0.0,0.9993,10.28,-90.48481243400792,Background
0.0,0.0,-78.87,0.0,0.9669,10.55,-78.22249146532138,Background
0.0,0.0,-88.35,0.0,0.9915,9.25,-88.13788319384308,Background
0.0,0.0,-80.19,0.0,0.9688,9.99,-79.54840240922121,Background
0.0,0.0,-90.59,0.0,0.9998,11.39,-90.7199964427925,Background
0.0,0.0,-86.41,0.0,0.9817,9.39,-86.03490017711968,Background
0.0,0.0,-89.53,0.0,0.996,9.78,-89.43412294680269,Background
0.0,0.0,-78.64,0.0,0.9681,10.67,-78.00892312024952,Background
0.0,0.0,-89.34,0.0,0.9957,9.87,-89.24036828653597,Background
0.0,0.0,-89.35,0.0,0.9951,9.75,-89.25350957370837,Background
0.0,0.0,-77.41,0.0,0.9702,10.24,-76.82922840896408,Background
0.0,0.0,-80.49,0.0,0.9704,9.47,-79.87235827144985,Background
0.0,0.0,-85.53,0.0,0.9799,9.73,-85.06531634922749,Background
0.0,0.0,-79.85,0.0,0.9694,9.58,-79.30985829758086,Background
0.0,0.0,-90.44,0.0,0.9994,10.11,-90.53551785833929,Background
0.0,0.0,-88.83,0.0,0.9928,9.67,-88.67806643765279,Background
0.0,0.0,-88.66,0.0,0.9925,10.03,-88.50042250398401,Background
0.0,0.0,-77.27,0.0,0.9696,10.33,-76.6449100060619,Background
0.0,0.0,-83.93,0.0,0.9755,9.56,-83.44114253741154,Background
0.0,0.0,-85.06,0.0,0.9773,9.66,-84.5427430407243,Background
0.0,0.0,-89.3,0.0,0.9951,11.21,-89.21153124800993,Background
0.0,0.0,-90.63,0.0,0.9998,10.61,-90.75311520503115,Background
0.0,0.0,-89.13,0.0,0.9948,9.23,-89.02474491346004,Background
0.0,0.0,-88.27,0.0,0.9906,10.37,-88.02533776065205,Background
0.0,0.0,-90.33,0.0,0.9991,9.52,-90.39545314746564,Background
0.0,0.0,-85.93,0.0,0.9797,10.01,-85.47201526229968,Background
0.0,0.0,-83.77,0.0,0.9755,10.29,-83.30944482493655,Background
0.0,0.0,-88.35,0.0,0.991,10.69,-88.16637035527668,Background
0.0,0.0,-85.0,0.0,0.9771,9.19,-84.56184442355782,Background
0.0,0.0,-84.81,0.0,0.9779,9.58,-84.32480329196461,Background
0.0,0.0,-90.41,0.0,0.9994,9.9,-90.49521333372525,Background
0.0,0.0,-86.18,0.0,0.9816,9.94,-85.81611544533098,Background
0.0,0.0,-78.95,0.0,0.9681,10.55,-78.28818706665989,Background
0.0,0.0,-78.9,0.0,0.9686,9.57,-78.19841167949679,Background
0.0,0.0,-85.13,0.0,0.9789,10.61,-84.68355187447875,Background
0.0,0.0,-90.58,0.0,0.9997,10.18,-90.68963396826923,Background
0.0,0.0,-90.44,0.0,0.9994,9.88,-90.52036357611574,Background
0.0,0.0,-78.26,0.0,0.9679,10.26,-77.64550037277631,Background
0.0,0.0,-78.11,0.0,0.97,9.73,-77.51325859851231,Background
0.0,0.0,-80.13,0.0,0.9692,9.41,-79.4843422194479,Background
0.0,0.0,-84.36,0.0,0.9761,9.98,-83.87739795463888,Background
0.0,0.0,-85.2,0.0,0.9779,10.25,-84.70138473799014,Background
0.0,0.0,-89.12,0.0,0.994,10.38,-88.98530176520677,Background
0.0,0.0,-90.63,0.0,0.9998,10.31,-90.75383873309347,Background
0.0,0.0,-78.47,0.0,0.9686,11.12,-77.96215139197362,Background
0.0,0.0,-80.95,0.0,0.97,10.6,-80.33793132077012,Background
0.0,0.0,-88.25,0.0,0.9903,9.74,-87.99703371197087,Background
0.0,0.0,-78.72,0.0,0.9686,10.04,-78.10849086911232,Background
0.0,0.0,-90.56,0.0,0.9997,10.03,-90.6724818130096,Background
0.0,0.0,-88.68,0.0,0.9921,9.25,-88.48918432961919,Background
0.0,0.0,-79.22,0.0,0.9704,10.04,-78.58901681485551,Background
0.0,0.0,-90.55,0.0,0.9997,10.43,-90.66976602768895,Background
0.0,0.0,-79.55,0.0,0.9706,9.57,-78.96830857650554,Background
0.0,0.0,-90.43,0.0,0.9994,10.64,-90.52414900418204,Background
0.0,0.0,-90.44,0.0,0.9994,9.44,-90.53689567795769,Background
0.0,0.0,-90.37,0.0,0.9993,10.12,-90.44383449430288,Background
0.0,0.0,-79.93,0.0,0.9699,9.73,-79.43127125147859,Background
0.0,0.0,-90.64,0.0,0.9998,10.97,-90.75953682308722,Background
0.0,0.0,-90.58,0.0,0.9997,11.09,-90.6933641955747,Background
0.0,0.0,-77.81,0.0,0.9693,10.08,-77.18975882500143,Background
0.0,0.0,-78.67,0.0,0.9696,9.91,-78.05858142908254,Background
0.0,0.0,-77.98,0.0,0.9657,9.86,-77.32540587671711,Background
0.0,0.0,-88.24,0.0,0.9904,9.47,-88.03819381628756,Background
0.0,0.0,-83.67,0.0,0.9755,10.45,-83.15402017335711,Background
0.0,0.0,-83.96,0.0,0.975,10.16,-83.47625778972048,Background
0.0,0.0,-90.56,0.0,0.9997,9.87,-90.67798904879986,Background
0.0,0.0,-85.49,0.0,0.9792,9.83,-85.0257891068146,Background
0.0,0.0,-80.56,0.0,0.9695,9.78,-79.97035991528165,Background
0.0,0.0,-80.43,0.0,0.9696,10.23,-79.82710329651162,Background
0.0,0.0,-89.55,0.0,0.9961,9.53,-89.47211922620968,Background
0.0,0.0,-79.27,0.0,0.9675,9.81,-78.58084400571028,Background
0.0,0.0,-85.71,0.0,0.9798,10.19,-85.29084024758217,Background
0.0,0.0,-89.11,0.0,0.9943,10.27,-89.00843097508334,Background
0.0,0.0,-89.46,0.0,0.996,10.3,-89.40545244298606,Background
0.0,0.0,-90.62,0.0,0.9998,9.89,-90.74569736719855,Background
0.0,0.0,-84.11,0.0,0.9762,10.45,-83.5735012679391,Background
0.0,0.0,-84.68,0.0,0.9783,9.54,-84.19547575248066,Background
0.0,0.0,-88.48,0.0,0.9907,9.58,-88.24454082352227,Background
0.0,0.0,-88.9,0.0,0.9931,10.22,-88.74064359535646,Background
0.0,0.0,-90.5,0.0,0.9996,9.38,-90.60812750803939,Background
0.0,0.0,-84.35,0.0,0.9775,9.02,-83.8587326064287,Background
0.0,0.0,-88.89,0.0,0.9928,10.59,-88.73553831832633,Background
0.0,0.0,-88.97,0.0,0.9933,9.96,-88.82979366432426,Background
0.0,0.0,-89.21,0.0,0.9947,10.93,-89.09518252477918,Background
0.0,0.0,-78.41,0.0,0.9671,9.37,-77.82245086374292,Background
0.0,0.0,-85.29,0.0,0.9788,10.05,-84.81981184776095,Background
0.0,0.0,-79.62,0.0,0.9703,9.81,-79.00037452943344,Background
0.0,0.0,-88.98,0.0,0.9938,9.36,-88.83200583771881,Background
0.0,0.0,-88.87,0.0,0.9928,9.38,-88.7022285035081,Background
0.0,0.0,-77.99,0.0,0.9695,10.15,-77.51323621253043,Background
0.0,0.0,-86.48,0.0,0.9826,9.94,-86.07663465478112,Background
0.0,0.0,-89.58,0.0,0.9964,9.72,-89.52126500985868,Background
0.0,0.0,-83.94,0.0,0.9759,10.1,-83.44884274135,Background
0.0,0.0,-88.8,0.0,0.9928,9.99,-88.63282335306134,Background
0.0,0.0,-78.33,0.0,0.9687,11.0,-77.69768490910724,Background
0.0,0.0,-88.31,0.0,0.9913,9.51,-88.10664762436477,Background
0.0,0.0,-80.32,0.0,0.9699,10.69,-79.68312579045886,Background
0.0,0.0,-79.56,0.0,0.9686,10.19,-78.95233209846796,Background
0.0,0.0,-85.18,0.0,0.9797,9.81,-84.73016235286275,Background
0.0,0.0,-80.88,0.0,0.9707,9.9,-80.23277549692389,Background
0.0,0.0,-88.62,0.0,0.9926,9.69,-88.45790372889502,Background
0.0,0.0,-88.59,0.0,0.9916,10.79,-88.40469759602793,Background
0.0,0.0,-90.41,0.0,0.9994,10.51,-90.49838038091042,Background
0.0,0.0,-88.86,0.0,0.993,10.19,-88.68247793142933,Background
0.0,0.0,-90.53,0.0,0.9996,10.27,-90.64209511786954,Background
0.0,0.0,-79.53,0.0,0.9723,9.95,-78.98270595587012,Background
0.0,0.0,-83.68,0.0,0.9765,10.22,-83.17886001471072,Background
0.0,0.0,-88.49,0.0,0.9909,9.88,-88.2762283574111,Background
0.0,0.0,-89.19,0.0,0.9947,9.82,-89.072247884918,Background
0.0,0.0,-88.66,0.0,0.9922,11.0,-88.48822907269421,Background
0.0,0.0,-88.47,0.0,0.9913,11.12,-88.28637118518905,Background
0.0,0.0,-88.42,0.0,0.9916,10.51,-88.23823370345929,Background
0.0,0.0,-89.52,0.0,0.9961,10.32,-89.4311540807956,Background
0.0,0.0,-83.88,0.0,0.9747,10.09,-83.39142172387571,Background
0.0,0.0,-89.43,0.0,0.996,10.61,-89.34372200077615,Background
0.0,0.0,-90.37,0.0,0.9993,9.68,-90.45871658038044,Background
0.0,0.0,-90.5,0.0,0.9996,9.77,-90.6095935794669,Background
0.0,0.0,-85.98,0.0,0.982,9.54,-85.53687898614842,Background
0.0,0.0,-89.47,0.0,0.9961,10.03,-89.38821713354517,Background
0.0,0.0,-85.87,0.0,0.9808,10.3,-85.42761464255705,Background
0.0,0.0,-89.48,0.0,0.996,10.54,-89.42274817191972,Background
0.0,0.0,-83.97,0.0,0.9749,10.29,-83.45071161544847,Background
0.0,0.0,-85.2,0.0,0.9796,10.77,-84.80313872422094,Background
0.0,0.0,-88.74,0.0,0.9928,10.17,-88.54977111204795,Background
0.0,0.0,-90.52,0.0,0.9996,10.59,-90.62075575061763,Background
0.0,0.0,-90.51,0.0,0.9996,10.35,-90.60873406950147,Background
0.0,0.0,-85.23,0.0,0.979,10.66,-84.79461759619485,Background
0.0,0.0,-83.82,0.0,0.976,10.04,-83.27712361545777,Background
0.0,0.0,-90.48,0.0,0.9995,10.25,-90.57290905452258,Background
0.0,0.0,-89.39,0.0,0.9952,11.86,-89.29010419356908,Background
0.0,0.0,-89.38,0.0,0.9955,10.49,-89.31386254544176,Background
0.0,0.0,-78.2,0.0,0.97,9.83,-77.67842288402181,Background
0.0,0.0,-90.42,0.0,0.9994,9.89,-90.50516849876038,Background
0.0,0.0,-85.7,0.0,0.9815,9.11,-85.26777164994678,Background
0.0,0.0,-90.5,0.0,0.9996,9.45,-90.59872352627907,Background
0.0,0.0,-86.24,0.0,0.9817,9.62,-85.82082706854086,Background
0.0,0.0,-79.14,0.0,0.9661,10.25,-78.50034720550904,Background
0.0,0.0,-90.38,0.0,0.9993,11.37,-90.45801643638922,Background
0.0,0.0,-89.02,0.0,0.9937,9.61,-88.87028107978894,Background
0.0,0.0,-80.37,0.0,0.9699,9.31,-79.79073525837364,Background
0.0,0.0,-77.38,0.0,0.968,9.65,-76.76227938375118,Background
0.0,0.0,-90.31,0.0,0.9991,9.85,-90.37125097542712,Background
0.0,0.0,-90.42,0.0,0.9994,9.71,-90.50567946015335,Background
0.0,0.0,-88.78,0.0,0.9931,10.17,-88.6350552415943,Background
0.0,0.0,-83.72,0.0,0.9742,9.89,-83.20902520708287,Background
0.0,0.0,-90.5,0.0,0.9995,9.22,-90.59825732622953,Background
0.0,0.0,-80.05,0.0,0.9711,9.83,-79.51954748414622,Background
0.0,0.0,-84.4,0.0,0.9769,9.68,-83.90297724023843,Background
0.0,0.0,-85.73,0.0,0.9808,10.38,-85.26647506026586,Background
0.0,0.0,-79.34,0.0,0.9683,10.44,-78.6699930692682,Background
0.0,0.0,-88.89,0.0,0.9933,9.88,-88.73462656748245,Background
0.0,0.0,-79.45,0.0,0.9701,10.71,-78.87551665634805,Background
0.0,0.0,-90.46,0.0,0.9995,10.66,-90.55332691036615,Background
0.0,0.0,-85.31,0.0,0.9786,9.39,-84.83616904243989,Background
0.0,0.0,-85.19,0.0,0.979,9.68,-84.76871261318985,Background
0.0,0.0,-90.33,0.0,0.9992,9.85,-90.39446153877572,Background
0.0,0.0,-88.78,0.0,0.9929,10.1,-88.60955932193896,Background
0.0,0.0,-90.61,0.0,0.9998,9.96,-90.73683502045952,Background
0.0,0.0,-89.54,0.0,0.9962,10.09,-89.47081405772647,Background
0.0,0.0,-90.45,0.0,0.9994,9.89,-90.54167243059608,Background
0.0,0.0,-90.54,0.0,0.9997,9.93,-90.64575856299881,Background
0.0,0.0,-88.96,0.0,0.9934,9.39,-88.79357226729243,Background
0.0,0.0,-84.08,0.0,0.9762,9.9,-83.58255016978278,Background
0.0,0.0,-86.23,0.0,0.9819,10.45,-85.80174383912129,Background
0.0,0.0,-90.61,0.0,0.9998,9.33,-90.73106490091945,Background
0.0,0.0,-89.42,0.0,0.9956,9.78,-89.31726247482413,Background
0.0,0.0,-79.75,0.0,0.9686,9.97,-79.13335874407744,Background
0.0,0.0,-84.36,0.0,0.9755,10.25,-83.82020628726106,Background
0.0,0.0,-88.91,0.0,0.9935,10.03,-88.75536884646421,Background
0.0,0.0,-85.34,0.0,0.9788,10.77,-84.89315009206226,Background
0.0,0.0,-86.1,0.0,0.9806,10.1,-85.65147992533895,Background
0.0,0.0,-88.56,0.0,0.9914,9.69,-88.34704288555298,Background
0.0,0.0,-84.6,0.0,0.9766,9.71,-84.0952616207139,Background
0.0,0.0,-78.93,0.0,0.9701,9.64,-78.24573219443616,Background
0.0,0.0,-85.46,0.0,0.9809,9.67,-85.06484160589582,Background
0.0,0.0,-84.31,0.0,0.976,9.93,-83.79639740203628,Background
0.0,0.0,-90.37,0.0,0.9993,11.77,-90.43834810618233,Background
0.0,0.0,-90.48,0.0,0.9996,10.86,-90.58713352760086,Background
0.0,0.0,-90.64,0.0,0.9998,9.89,-90.76530019553742,Background
0.0,0.0,-89.38,0.0,0.9956,9.83,-89.30721478425264,Background
0.0,0.0,-85.95,0.0,0.9809,10.21,-85.54620377906055,Background
0.0,0.0,-78.68,0.0,0.9676,9.65,-78.02578977996998,Background
0.0,0.0,-90.51,0.0,0.9996,10.73,-90.60805522321127,Background
0.0,0.0,-77.61,0.0,0.9671,9.75,-77.03501357808938,Background
0.0,0.0,-85.45,0.0,0.9793,9.96,-85.0445956283927,Background
0.0,0.0,-85.43,0.0,0.9802,9.88,-84.97067371065745,Background
0.0,0.0,-90.64,0.0,0.9998,11.02,-90.77261735206116,Background
0.0,0.0,-90.61,0.0,0.9998,11.11,-90.73319638017495,Background
0.0,0.0,-80.75,0.0,0.9708,10.58,-80.17669947728515,Background
0.0,0.0,-90.5,0.0,0.9996,10.23,-90.60708460447597,Background
0.0,0.0,-85.3,0.0,0.9787,10.11,-84.87763885254395,Background
0.0,0.0,-84.44,0.0,0.9761,9.81,-83.94778881350643,Background
0.0,0.0,-90.62,0.0,0.9998,10.82,-90.75351331140828,Background
0.0,0.0,-80.65,0.0,0.9706,9.63,-80.03355935627947,Background
0.0,0.0,-90.45,0.0,0.9994,9.72,-90.53292471126764,Background
0.0,0.0,-89.46,0.0,0.9957,11.93,-89.37116047966548,Background
0.0,0.0,-80.02,0.0,0.9681,9.77,-79.42533479858291,Background
0.0,0.0,-84.68,0.0,0.9763,9.53,-84.1600076242259,Background
0.0,0.0,-80.79,0.0,0.972,10.74,-80.22956408360221,Background
0.0,0.0,-90.61,0.0,0.9998,10.03,-90.73444786024862,Background
0.0,0.0,-79.7,0.0,0.9696,10.16,-79.14237826999867,Background
0.0,0.0,-90.62,0.0,0.9998,9.42,-90.73634062527292,Background
0.0,0.0,-88.41,0.0,0.9909,9.6,-88.20840561634874,Background
0.0,0.0,-85.95,0.0,0.9821,9.67,-85.54006089980746,Background
0.0,0.0,-90.56,0.0,0.9997,9.35,-90.66449955544948,Background
0.0,0.0,-78.14,0.0,0.9685,11.0,-77.62049159948361,Background
0.0,0.0,-77.4,0.0,0.9668,10.36,-76.74299470809332,Background
0.0,0.0,-90.44,0.0,0.9995,9.07,-90.52227778126769,Background
0.0,0.0,-90.6,0.0,0.9998,9.96,-90.72450723778461,Background
0.0,0.0,-90.58,0.0,0.9998,11.13,-90.70277664987384,Background
0.0,0.0,-84.56,0.0,0.9779,9.79,-84.04758077912633,Background
0.0,0.0,-85.97,0.0,0.9814,10.71,-85.54675164361319,Background
0.0,0.0,-88.13,0.0,0.9905,9.53,-87.92010588645559,Background
0.0,0.0,-88.38,0.0,0.9908,10.06,-88.12033774921893,Background
0.0,0.0,-90.39,0.0,0.9993,10.12,-90.46908746840079,Background
0.0,0.0,-86.35,0.0,0.9826,10.07,-85.99889290528479,Background
0.0,0.0,-79.2,0.0,0.9685,10.58,-78.54954102677796,Background
0.0,0.0,-78.78,0.0,0.9676,10.47,-78.1030047009721,Background
0.0,0.0,-88.42,0.0,0.9902,10.01,-88.17939021917346,Background
0.0,0.0,-85.33,0.0,0.9783,9.77,-84.85885337273106,Background
0.0,0.0,-78.54,0.0,0.9686,10.51,-77.83862193559607,Background
0.0,0.0,-89.44,0.0,0.9957,9.88,-89.34950331892915,Background
0.0,0.0,-89.53,0.0,0.9962,9.5,-89.47000128295593,Background
0.0,0.0,-89.5,0.0,0.9959,10.13,-89.40282692236487,Background
0.0,0.0,-90.46,0.0,0.9995,10.25,-90.54423654069174,Background
0.0,0.0,-78.27,0.0,0.9711,9.76,-77.70229838568608,Background
0.0,0.0,-79.73,0.0,0.9682,9.88,-79.0856871231477,Background
0.0,0.0,-90.63,0.0,0.9998,10.15,-90.757406561131,Background
0.0,0.0,-89.55,0.0,0.9963,10.32,-89.49825654072288,Background
0.0,0.0,-77.92,0.0,0.9665,10.13,-77.23223819916345,Background
0.0,0.0,-79.91,0.0,0.9694,11.13,-79.22036713007722,Background
0.0,0.0,-79.22,0.0,0.9677,10.45,-78.53047671858842,Background
0.0,0.0,-80.32,0.0,0.9718,10.04,-79.69035215207319,Background
0.0,0.0,-84.16,0.0,0.9768,9.52,-83.73213860583115,Background
0.0,0.0,-88.68,0.0,0.9926,9.67,-88.51655356018989,Background
0.0,0.0,-85.25,0.0,0.9788,9.3,-84.84184442012946,Background
0.0,0.0,-89.07,0.0,0.9945,10.24,-88.94662762982722,Background
0.0,0.0,-79.4,0.0,0.9688,9.71,-78.80770722942275,Background
0.0,0.0,-84.79,0.0,0.9782,9.73,-84.33113590752386,Background
0.0,0.0,-85.54,0.0,0.981,10.14,-85.08072934170846,Background
0.0,0.0,-90.59,0.0,0.9998,10.66,-90.70335049402333,Background
0.0,0.0,-84.86,0.0,0.9778,11.11,-84.39501187305427,Background
0.0,0.0,-90.47,0.0,0.9995,9.71,-90.56893229571666,Background
0.0,0.0,-85.52,0.0,0.9786,9.86,-85.07410567779546,Background
0.0,0.0,-89.37,0.0,0.9957,9.85,-89.25677595546166,Background
0.0,0.0,-84.53,0.0,0.9762,10.01,-84.08455033355575,Background
0.0,0.0,-77.94,0.0,0.9685,10.88,-77.32403473625749,Background
0.0,0.0,-78.24,0.0,0.9665,10.51,-77.57730384730777,Background
0.0,0.0,-90.47,0.0,0.9995,9.73,-90.56779268706023,Background
0.0,0.0,-88.81,0.0,0.993,10.39,-88.65018527763833,Background
0.0,0.0,-78.42,0.0,0.9677,10.1,-77.8385615136508,Background
0.0,0.0,-86.05,0.0,0.9813,10.26,-85.59965654060075,Background
0.0,0.0,-86.2,0.0,0.981,10.07,-85.8113152894433,Background
0.0,0.0,-80.65,0.0,0.9678,9.47,-80.01092684313076,Background
0.0,0.0,-83.77,0.0,0.976,10.48,-83.24014381546216,Background
0.0,0.0,-83.96,0.0,0.9751,9.53,-83.46950912347074,Background
0.0,0.0,-85.65,0.0,0.98,9.82,-85.22650034092175,Background
0.0,0.0,-86.4,0.0,0.9822,10.48,-86.00071778576873,Background
0.0,0.0,-80.98,0.0,0.9692,10.9,-80.38308156298794,Background
0.0,0.0,-77.46,0.0,0.9682,10.0,-76.85881651148429,Background
0.0,0.0,-88.97,0.0,0.9934,9.89,-88.82198750321965,Background
0.0,0.0,-85.84,0.0,0.9805,10.31,-85.43125165835278,Background
0.0,0.0,-90.42,0.0,0.9993,10.08,-90.50038834945883,Background
0.0,0.0,-80.45,0.0,0.9686,9.72,-79.886516170047,Background
0.0,0.0,-88.96,0.0,0.9935,10.58,-88.81673849208433,Background
0.0,0.0,-77.62,0.0,0.9664,9.23,-76.94230500789708,Background
0.0,0.0,-84.88,0.0,0.9777,9.29,-84.38757487759342,Background
0.0,0.0,-88.42,0.0,0.9914,10.19,-88.20874929206144,Background
0.0,0.0,-84.62,0.0,0.9768,9.37,-84.11742151283522,Background
0.0,0.0,-78.66,0.0,0.9671,10.08,-78.02540973546394,Background
0.0,0.0,-86.14,0.0,0.983,10.22,-85.72768444710357,Background
0.0,0.0,-79.66,0.0,0.9687,9.81,-78.9625736132357,Background
0.0,0.0,-83.6,0.0,0.9749,9.48,-83.11385389891774,Background
0.0,0.0,-79.16,0.0,0.9703,9.68,-78.54914157146976,Background
0.0,0.0,-86.41,0.0,0.982,10.17,-85.99620605741944,Background
0.0,0.0,-80.68,0.0,0.9697,10.72,-80.1598773619899,Background
0.0,0.0,-88.48,0.0,0.9909,9.92,-88.2311607988836,Background
