timestamp,frequency,bandwidth,power,snr,duration,signal_type,environment,burst_interval,spectral_flatness,papr_db,noise_floor_dbm
2026-09-24T06:00:01.496,,,-89.59,0.0,0.0,Background,suburban,,0.9911,9.97,-93.36
2026-09-24T06:00:02.261,2462.979,21.041,-37.63,53.24,2.0,WiFi,quiet_rural,,0.0426,9.26,-100.68
2026-09-24T06:00:02.318,2461.877,21.082,-18.68,72.2,0.1853,WiFi,urban,0.289,0.0016,10.22,-85.04
2026-09-24T06:00:02.515,2444.71,1.887,-25.45,65.43,0.0058,UAV,suburban,0.0233,0.0007,8.57,-92.34
2026-09-24T06:00:03.276,2480.96,1.066,-26.56,64.31,0.8885,Generic,indoor_congested,0.432,0.0008,5.39,-76.01
2026-09-24T06:00:03.542,2456.302,2.912,-4.24,86.64,0.0187,UAV,suburban,0.0253,0.0,7.48,-90.16
2026-09-24T06:00:04.110,,,-85.62,0.0,0.0,Background,urban,,0.9554,10.87,-84.94
2026-09-24T06:00:04.728,2473.427,2.297,-16.44,74.44,2.0,UAV,indoor_congested,,0.0001,9.16,-79.82
2026-09-24T06:00:05.698,2412.549,21.164,-16.43,74.45,2.0,WiFi,quiet_rural,,0.0011,8.64,-99.49
2026-09-24T06:00:05.743,2476.683,4.225,-27.46,63.42,0.0103,UAV,indoor_congested,0.0232,0.0015,7.46,-77.41
2026-09-24T06:00:06.428,,,-85.54,0.0,0.0,Background,urban,,0.9542,9.94,-84.77
2026-09-24T06:00:06.432,2437.769,0.697,-37.25,53.62,2.0,Generic,suburban,,0.0094,6.66,-90.36
2026-09-24T06:00:07.179,2461.045,21.082,-31.48,59.4,0.2133,WiFi,quiet_rural,0.3197,0.0148,9.67,-98.98
2026-09-24T06:00:07.639,,,-84.98,0.0,0.0,Background,urban,,0.9485,10.06,-83.94
2026-09-24T06:00:07.664,2456.434,0.0,-72.53,6.18,0.0,Background,indoor_congested,,0.9338,9.92,-76.71
2026-09-24T06:00:08.569,2432.884,1.436,-30.98,59.9,0.76,Generic,suburban,1.734,0.0024,5.88,-91.87
2026-09-24T06:00:09.203,2472.306,0.82,-45.96,44.92,0.783,Generic,urban,0.807,0.0645,5.42,-83.17
2026-09-24T06:00:09.366,2462.411,41.057,-35.87,55.01,0.3943,WiFi,quiet_rural,0.805,0.1032,9.7,-100.78
2026-09-24T06:00:09.861,2466.165,1.518,-21.05,69.83,1.725,Generic,urban,,0.0003,8.45,-86.22
2026-09-24T06:00:10.713,2407.339,2.01,-10.16,80.72,0.0107,UAV,quiet_rural,0.0232,0.0,7.58,-100.84
2026-09-24T06:00:10.846,2416.072,33.592,-28.45,62.43,0.1977,WiFi,quiet_rural,0.6935,0.0244,10.38,-100.86
2026-09-24T06:00:11.105,2478.218,2.133,-22.89,67.99,0.0161,UAV,urban,0.0385,0.0004,10.83,-83.77
2026-09-24T06:00:11.259,2461.882,41.057,-28.34,62.54,0.1772,WiFi,urban,0.3336,0.0426,9.47,-86.46
2026-09-24T06:00:11.322,2470.269,2.133,-16.11,74.77,0.0066,UAV,quiet_rural,0.0454,0.0001,6.47,-98.63
2026-09-24T06:00:12.121,,,-90.46,0.0,0.0,Background,quiet_rural,,0.9985,9.66,-98.6
2026-09-24T06:00:12.250,2418.892,1.723,-24.35,66.53,0.0181,UAV,indoor_congested,0.0316,0.0006,7.6,-76.92
2026-09-24T06:00:12.808,2463.392,4.143,-23.28,67.6,0.0102,UAV,indoor_congested,0.0304,0.0006,10.56,-79.11
2026-09-24T06:00:15.184,2466.201,3.732,-27.16,63.72,0.0112,UAV,suburban,0.0278,0.0013,8.15,-90.61
2026-09-24T06:00:15.219,2437.751,21.041,-35.73,55.15,2.0,WiFi,suburban,,0.0307,8.81,-91.06
2026-09-24T06:00:17.984,2437.124,41.139,-15.73,75.14,0.0517,WiFi,suburban,0.6835,0.0097,9.43,-91.93
2026-09-24T06:00:19.427,2445.361,0.861,-27.14,63.73,0.9085,Generic,urban,0.776,0.0009,5.22,-83.66
2026-09-24T06:00:20.169,2474.166,3.445,-21.53,69.35,0.0173,UAV,urban,0.0293,0.0004,8.3,-85.49
2026-09-24T06:00:20.270,2414.949,31.91,-36.85,54.03,0.134,WiFi,suburban,0.426,0.0703,10.47,-92.24
2026-09-24T06:00:20.693,2410.22,1.395,-32.95,57.92,0.8525,Generic,suburban,0.923,0.0037,7.0,-92.34
2026-09-24T06:00:21.375,,,-89.73,0.0,0.0,Background,suburban,,0.9923,9.99,-93.83
2026-09-24T06:00:21.950,,,-89.66,0.0,0.0,Background,suburban,,0.9916,9.31,-93.46
2026-09-24T06:00:22.967,2415.702,1.518,-28.87,62.01,1.99,Generic,suburban,,0.0015,5.37,-93.78
2026-09-24T06:00:23.162,,,-84.39,0.0,0.0,Background,urban,,0.9461,9.88,-83.21
2026-09-24T06:00:23.312,2460.535,0.0,-71.69,6.76,0.0,Background,indoor_congested,,0.935,9.26,-76.53
2026-09-24T06:00:23.647,2467.862,1.107,-27.01,63.87,0.934,Generic,indoor_congested,1.189,0.0009,7.58,-77.6
2026-09-24T06:00:23.704,,,-79.43,0.0,0.0,Background,indoor_congested,,0.9377,9.1,-77.61
2026-09-24T06:00:23.785,2410.619,2.42,-6.29,84.59,0.011,UAV,indoor_congested,0.0267,0.0,8.36,-78.46
2026-09-24T06:00:25.644,2472.535,1.354,-24.25,66.63,0.977,Generic,indoor_congested,1.174,0.0005,5.61,-76.39
2026-09-24T06:00:25.852,2453.92,0.943,-35.86,55.02,0.9895,Generic,quiet_rural,1.938,0.0069,6.09,-98.41
2026-09-24T06:00:26.236,2406.805,0.0,-72.81,6.09,0.0,Background,indoor_congested,,0.9328,11.17,-76.84
2026-09-24T06:00:26.471,,,-90.59,0.0,0.0,Background,quiet_rural,,0.9992,9.51,-100.3
2026-09-24T06:00:26.477,2408.682,3.732,-15.91,74.97,0.0066,UAV,suburban,0.0102,0.0001,10.99,-90.36
2026-09-24T06:00:27.181,2417.743,1.271,-34.86,56.02,0.9735,Generic,quiet_rural,1.466,0.0057,7.0,-99.92
2026-09-24T06:00:27.622,,,-84.68,0.0,0.0,Background,urban,,0.9502,9.22,-83.58
2026-09-24T06:00:28.269,2461.906,21.041,-29.86,61.01,0.2948,WiFi,urban,0.485,0.0112,10.04,-84.55
2026-09-24T06:00:28.478,2464.099,1.148,-42.85,48.02,2.0,Generic,urban,,0.0333,6.46,-83.05
2026-09-24T06:00:28.872,2442.434,4.512,-8.18,82.7,0.013,UAV,suburban,0.0374,0.0,8.2,-93.6
2026-09-24T06:00:29.624,2439.444,0.82,-44.47,46.41,2.0,Generic,quiet_rural,,0.0477,6.39,-98.78
2026-09-24T06:00:30.033,2423.416,0.0,-71.99,6.28,0.0,Background,indoor_congested,,0.9329,9.95,-76.28
2026-09-24T06:00:30.889,2449.498,5.045,-7.49,83.39,0.0134,UAV,urban,0.0275,0.0,9.7,-84.15
2026-09-24T06:00:31.740,2464.36,3.486,-10.93,79.95,0.0131,UAV,urban,0.037,0.0,6.82,-86.22
2026-09-24T06:00:32.713,2423.906,3.076,-12.35,78.53,0.0094,UAV,suburban,0.018,0.0,8.15,-93.65
2026-09-24T06:00:33.749,,,-90.56,0.0,0.0,Background,quiet_rural,,0.9991,10.18,-99.8
2026-09-24T06:00:35.102,,,-86.16,0.0,0.0,Background,urban,,0.9582,10.63,-85.61
2026-09-24T06:00:35.162,2476.757,0.943,-39.66,51.22,0.8985,Generic,suburban,1.771,0.0165,7.01,-91.57
2026-09-24T06:00:37.868,2415.88,33.428,-16.78,74.09,0.416,WiFi,urban,0.6175,0.0048,10.14,-85.64
2026-09-24T06:00:39.001,2447.205,0.0,-72.73,6.09,0.0,Background,indoor_congested,,0.9315,9.74,-76.92
2026-09-24T06:00:40.816,2414.475,0.0,-72.81,6.38,0.0,Background,indoor_congested,,0.9327,9.7,-77.27
2026-09-24T06:00:41.242,2422.522,3.076,-8.26,82.61,0.0059,UAV,quiet_rural,0.0381,0.0,7.53,-100.07
2026-09-24T06:00:41.305,2468.795,0.574,-44.63,46.25,0.7085,Generic,urban,1.375,0.0485,5.38,-84.93
2026-09-24T06:00:41.654,,,-89.26,0.0,0.0,Background,suburban,,0.9873,10.5,-92.09
2026-09-24T06:00:41.901,2476.818,0.984,-24.54,66.34,2.0,Generic,urban,,0.0005,5.01,-86.27
2026-09-24T06:00:42.772,2451.413,0.287,-43.23,47.65,0.77,Generic,suburban,0.798,0.0351,5.81,-93.19
2026-09-24T06:00:44.590,2404.44,1.148,-28.36,62.52,1.95,Generic,quiet_rural,,0.0013,6.42,-98.94
2026-09-24T06:00:46.836,2461.425,21.123,-19.82,71.06,0.108,WiFi,urban,0.573,0.002,9.83,-85.04
2026-09-24T06:00:46.843,2437.736,21.082,-28.59,62.29,0.1043,WiFi,quiet_rural,0.5665,0.009,9.19,-99.99
2026-09-24T06:00:47.179,2415.535,32.402,-37.54,53.34,0.168,WiFi,suburban,0.3424,0.0798,10.88,-92.48
2026-09-24T06:00:47.292,2458.109,1.271,-21.18,69.7,0.93,Generic,suburban,1.626,0.0002,6.32,-92.0
2026-09-24T06:00:48.365,2459.401,4.512,-15.57,75.31,0.0382,UAV,suburban,0.0397,0.0001,7.9,-90.74
2026-09-24T06:00:49.596,2411.935,21.164,-12.42,78.45,0.2936,WiFi,indoor_congested,0.4635,0.0006,9.93,-76.78
2026-09-24T06:00:50.391,2460.933,21.123,-21.64,69.24,0.077,WiFi,urban,0.833,0.0027,9.23,-86.0
2026-09-24T06:00:50.737,2430.347,1.354,-22.61,68.26,0.914,Generic,indoor_congested,1.301,0.0003,6.88,-77.02
2026-09-24T06:00:51.929,2462.242,21.164,-12.94,77.94,0.1782,WiFi,suburban,0.3925,0.0006,9.95,-91.69
2026-09-24T06:00:52.259,2432.324,2.666,-13.0,77.88,0.0046,UAV,indoor_congested,0.0167,0.0001,7.32,-76.44
2026-09-24T06:00:52.318,2480.51,0.0,-71.95,6.57,0.0,Background,indoor_congested,,0.9309,10.15,-76.6
2026-09-24T06:00:53.533,2436.837,41.098,-20.91,69.96,0.2828,WiFi,suburban,0.4557,0.0177,10.03,-92.63
2026-09-24T06:00:53.765,2437.682,1.189,-20.95,69.93,2.0,Generic,urban,,0.0002,5.3,-84.01
2026-09-24T06:00:54.358,2433.613,2.051,-3.83,87.05,0.0104,UAV,quiet_rural,0.0121,0.0,7.24,-101.16
2026-09-24T06:00:54.827,2407.863,1.477,-34.73,56.15,0.9425,Generic,quiet_rural,0.942,0.0056,7.22,-101.58
2026-09-24T06:00:55.449,2415.346,31.869,-17.42,73.46,0.1965,WiFi,suburban,0.5283,0.0044,9.63,-93.47
2026-09-24T06:00:55.565,,,-85.6,0.0,0.0,Background,urban,,0.9521,9.48,-84.81
2026-09-24T06:00:56.186,2437.336,41.057,-26.49,64.39,0.2993,WiFi,suburban,0.3526,0.0343,9.22,-91.64
2026-09-24T06:00:56.523,2422.163,0.41,-46.81,44.07,0.796,Generic,quiet_rural,0.437,0.0769,5.22,-100.23
2026-09-24T06:00:57.250,2441.084,1.395,-38.16,52.72,0.8085,Generic,indoor_congested,0.836,0.012,6.22,-77.86
2026-09-24T06:00:58.660,2417.076,4.717,-19.0,71.88,0.0065,UAV,quiet_rural,0.0386,0.0003,7.96,-99.81
2026-09-24T06:00:59.099,,,-89.51,0.0,0.0,Background,suburban,,0.9897,8.87,-92.95
2026-09-24T06:01:00.636,2462.324,41.057,-33.66,57.21,0.2703,WiFi,suburban,0.6575,0.0797,10.05,-91.93
2026-09-24T06:01:00.676,2415.642,33.059,-34.85,56.03,2.0,WiFi,suburban,,0.0568,9.52,-93.45
2026-09-24T06:01:01.221,2411.565,21.082,-20.84,70.03,2.0,WiFi,quiet_rural,,0.0024,9.36,-101.26
2026-09-24T06:01:02.453,,,-85.85,0.0,0.0,Background,urban,,0.9578,9.49,-85.32
2026-09-24T06:01:03.649,2437.274,21.082,-32.23,58.65,0.3153,WiFi,indoor_congested,0.93,0.0168,9.23,-76.01
2026-09-24T06:01:03.878,2415.267,32.197,-18.56,72.31,2.0,WiFi,quiet_rural,,0.0054,9.7,-99.83
2026-09-24T06:01:04.272,2417.242,1.354,-44.61,46.26,2.0,Generic,indoor_congested,,0.0503,7.75,-79.01
2026-09-24T06:01:04.410,2471.035,0.0,-78.16,6.24,0.0,Background,urban,,0.9469,9.34,-83.26
2026-09-24T06:01:05.048,,,-90.51,0.0,0.0,Background,quiet_rural,,0.9988,8.84,-99.02
2026-09-24T06:01:05.850,2417.2,1.518,-21.03,69.85,2.0,Generic,quiet_rural,,0.0003,6.91,-100.99
2026-09-24T06:01:07.115,,,-86.93,0.0,0.0,Background,urban,,0.9644,9.09,-86.94
2026-09-24T06:01:08.294,2479.956,1.271,-26.75,64.13,0.828,Generic,quiet_rural,1.958,0.0009,6.19,-100.42
2026-09-24T06:01:08.370,,,-89.6,0.0,0.0,Background,suburban,,0.9911,9.85,-93.37
2026-09-24T06:01:13.011,,,-84.4,0.0,0.0,Background,urban,,0.9477,9.73,-83.28
2026-09-24T06:01:14.254,2458.157,0.984,-42.89,47.99,1.932,Generic,quiet_rural,,0.0341,6.68,-101.76
2026-09-24T06:01:14.716,,,-84.71,0.0,0.0,Background,urban,,0.9489,9.2,-83.78
2026-09-24T06:01:15.342,2460.039,0.369,-46.01,44.86,0.823,Generic,suburban,1.264,0.0649,4.06,-93.91
2026-09-24T06:01:15.989,2415.578,32.895,-21.02,69.86,0.174,WiFi,indoor_congested,0.848,0.0081,9.88,-79.24
2026-09-24T06:01:17.047,2437.761,4.512,-15.81,75.07,0.0102,UAV,quiet_rural,0.041,0.0001,8.35,-99.88
2026-09-24T06:01:17.215,2451.554,0.41,-45.31,45.57,0.7585,Generic,quiet_rural,0.532,0.0559,6.38,-99.52
2026-09-24T06:01:17.251,2424.07,1.23,-36.75,54.13,0.976,Generic,indoor_congested,0.568,0.0085,7.03,-76.94
2026-09-24T06:01:17.790,2415.259,32.156,-37.39,53.49,0.0643,WiFi,suburban,0.6775,0.0771,9.72,-93.29
2026-09-24T06:01:17.989,,,-86.84,0.0,0.0,Background,urban,,0.9642,9.3,-86.8
2026-09-24T06:01:18.347,2475.157,4.102,-4.32,86.55,0.0169,UAV,quiet_rural,0.0287,0.0,9.21,-101.95
2026-09-24T06:01:19.612,2414.023,0.0,-72.22,6.47,0.0,Background,indoor_congested,,0.9349,9.66,-76.71
2026-09-24T06:01:19.694,2404.308,0.287,-38.2,52.68,1.9,Generic,quiet_rural,,0.0113,5.3,-98.71
2026-09-24T06:01:20.123,2417.051,3.445,-24.85,66.03,0.0131,UAV,suburban,0.0171,0.0008,8.57,-91.87
2026-09-24T06:01:20.762,2447.786,4.061,-11.04,79.84,0.0097,UAV,quiet_rural,0.0142,0.0,8.59,-98.93
2026-09-24T06:01:22.253,2444.462,3.896,-3.99,86.89,0.018,UAV,urban,0.032,0.0,8.02,-84.37
2026-09-24T06:01:24.337,2460.175,1.312,-29.97,60.91,0.9465,Generic,indoor_congested,0.663,0.0019,6.07,-76.94
2026-09-24T06:01:24.453,2437.081,41.016,-41.92,48.96,0.0642,WiFi,urban,0.355,0.2075,9.44,-85.56
2026-09-24T06:01:26.465,2418.494,1.066,-23.15,67.73,0.764,Generic,urban,0.962,0.0004,5.15,-86.97
2026-09-24T06:01:26.751,2438.621,2.133,-24.07,66.81,0.0178,UAV,suburban,0.02,0.0006,7.71,-93.62
2026-09-24T06:01:27.438,2415.825,33.264,-19.23,71.65,0.1027,WiFi,indoor_congested,0.843,0.0066,9.78,-77.72
2026-09-24T06:01:27.780,2425.874,4.225,-14.71,76.17,0.0034,UAV,quiet_rural,0.0122,0.0001,9.28,-99.62
2026-09-24T06:01:28.580,2412.638,21.164,-19.8,71.08,0.432,WiFi,indoor_congested,0.936,0.002,9.65,-78.33
2026-09-24T06:01:29.632,2405.365,3.486,-27.54,63.34,0.011,UAV,quiet_rural,0.0188,0.0014,9.73,-100.78
2026-09-24T06:01:29.960,2447.879,1.107,-34.03,56.84,2.0,Generic,indoor_congested,,0.0045,5.94,-76.12
2026-09-24T06:01:30.000,2408.814,0.0,-72.74,6.81,0.0,Background,indoor_congested,,0.9349,9.43,-77.71
2026-09-24T06:01:30.678,2437.277,21.123,-19.39,71.49,0.2395,WiFi,indoor_congested,0.2627,0.0018,9.45,-78.95
2026-09-24T06:01:31.042,2436.035,1.395,-29.42,61.46,0.972,Generic,suburban,1.244,0.0016,5.76,-93.03
2026-09-24T06:01:31.762,,,-89.44,0.0,0.0,Background,suburban,,0.9898,11.43,-92.72
2026-09-24T06:01:32.688,2415.877,33.756,-24.28,66.6,0.1757,WiFi,quiet_rural,0.8235,0.0139,9.89,-98.92
2026-09-24T06:01:32.959,2411.222,21.082,-34.96,55.92,2.0,WiFi,suburban,,0.0268,8.95,-90.97
2026-09-24T06:01:33.053,,,-85.11,0.0,0.0,Background,urban,,0.9529,10.68,-84.22
2026-09-24T06:01:33.834,2428.402,4.184,-25.85,65.03,0.0118,UAV,indoor_congested,0.04,0.0011,7.64,-78.12
2026-09-24T06:01:34.717,,,-88.95,0.0,0.0,Background,suburban,,0.984,9.3,-91.22
2026-09-24T06:01:34.760,2454.732,1.723,-26.67,64.21,0.0071,UAV,indoor_congested,0.0416,0.0009,8.26,-77.67
2026-09-24T06:01:34.970,2461.379,41.139,-16.23,74.65,0.059,WiFi,quiet_rural,0.881,0.0102,10.51,-101.73
2026-09-24T06:01:37.694,2474.678,1.354,-29.34,61.54,2.0,Generic,indoor_congested,,0.0016,7.54,-77.97
2026-09-24T06:01:38.046,2425.862,1.312,-24.62,66.25,0.9955,Generic,quiet_rural,1.484,0.0005,6.9,-101.84
2026-09-24T06:01:39.395,2441.83,1.436,-28.51,62.37,0.7805,Generic,urban,0.587,0.0014,7.98,-86.06
2026-09-24T06:01:41.778,,,-90.42,0.0,0.0,Background,quiet_rural,,0.9984,9.05,-98.22
2026-09-24T06:01:43.597,,,-89.62,0.0,0.0,Background,suburban,,0.9916,9.1,-93.39
2026-09-24T06:01:43.730,2479.287,1.354,-28.27,62.61,1.894,Generic,suburban,,0.0013,7.33,-93.65
2026-09-24T06:01:45.318,2428.166,3.527,-25.72,65.16,0.0045,UAV,urban,0.0316,0.001,7.84,-83.36
2026-09-24T06:01:47.149,2427.764,0.0,-79.15,6.04,0.0,Background,urban,,0.9515,9.95,-84.25
2026-09-24T06:01:47.455,2412.402,21.082,-32.72,58.16,0.2313,WiFi,suburban,0.8975,0.0183,9.4,-92.28
2026-09-24T06:01:48.265,2437.647,41.139,-13.36,77.52,0.1867,WiFi,suburban,0.771,0.0073,9.46,-91.09
2026-09-24T06:01:49.023,2416.932,2.01,-31.26,59.62,0.0196,UAV,urban,0.0347,0.0027,9.18,-86.39
2026-09-24T06:01:49.862,2407.48,0.943,-43.45,47.43,0.7465,Generic,suburban,0.812,0.0386,6.26,-93.08
2026-09-24T06:01:50.114,2441.017,2.01,-26.02,64.86,0.0026,UAV,suburban,0.0406,0.0008,8.59,-90.59
2026-09-24T06:01:50.882,2455.382,2.297,-25.68,65.2,0.0052,UAV,indoor_congested,0.0482,0.0008,8.72,-79.11
2026-09-24T06:01:53.121,2411.778,21.082,-23.97,66.91,0.2548,WiFi,urban,0.65,0.0041,8.97,-83.53
2026-09-24T06:01:53.602,,,-90.56,0.0,0.0,Background,quiet_rural,,0.9991,9.59,-99.92
2026-09-24T06:01:53.827,,,-90.44,0.0,0.0,Background,quiet_rural,,0.9986,9.41,-98.49
2026-09-24T06:01:55.553,2432.58,1.477,-18.55,72.33,0.6033,Generic,indoor_congested,0.977,0.0001,8.79,-76.06
2026-09-24T06:01:55.629,2436.6,21.082,-21.57,69.31,0.3514,WiFi,urban,0.4338,0.0027,9.25,-85.15
2026-09-24T06:01:56.334,,,-90.65,0.0,0.0,Background,quiet_rural,,0.9995,9.85,-101.28
2026-09-24T06:01:56.409,2436.676,21.082,-28.71,62.17,0.3293,WiFi,suburban,0.906,0.0092,9.96,-92.43
2026-09-24T06:01:56.770,2474.175,4.553,-10.55,80.33,0.0042,UAV,urban,0.0146,0.0,7.25,-84.23
2026-09-24T06:01:57.437,2462.158,21.082,-30.84,60.04,0.2213,WiFi,indoor_congested,0.7915,0.0133,8.49,-77.09
2026-09-24T06:01:58.224,2411.21,21.082,-29.68,61.19,0.189,WiFi,suburban,0.792,0.0109,9.37,-93.35
2026-09-24T06:01:58.974,2414.889,31.746,-42.77,48.1,0.2675,WiFi,quiet_rural,0.5487,0.1601,9.71,-98.41
2026-09-24T06:01:59.608,2462.533,41.098,-29.83,61.05,0.086,WiFi,indoor_congested,0.64,0.0505,9.78,-79.05
2026-09-24T06:01:59.891,2413.71,3.855,-30.89,59.99,0.0173,UAV,suburban,0.0367,0.0031,9.47,-93.8
2026-09-24T06:02:01.130,2435.118,2.297,-11.59,79.29,0.013,UAV,quiet_rural,0.0377,0.0,7.67,-101.8
2026-09-24T06:02:01.186,2462.232,21.0,-39.41,51.47,0.1275,WiFi,suburban,0.399,0.0576,9.64,-90.13
2026-09-24T06:02:01.374,2407.171,3.24,-28.7,62.18,0.0174,UAV,indoor_congested,0.0231,0.0018,7.31,-76.63
2026-09-24T06:02:01.645,2412.194,21.082,-27.8,63.07,0.2753,WiFi,suburban,0.9405,0.0079,10.98,-91.55
2026-09-24T06:02:02.196,2447.745,3.938,-4.11,86.77,0.013,UAV,urban,0.0298,0.0,8.97,-85.96
2026-09-24T06:02:03.266,2420.451,2.584,-26.32,64.55,0.0041,UAV,suburban,0.0286,0.001,8.04,-90.47
2026-09-24T06:02:04.203,2437.032,41.057,-31.67,59.21,2.0,WiFi,suburban,,0.0631,9.47,-90.8
2026-09-24T06:02:04.497,,,-84.82,0.0,0.0,Background,urban,,0.952,10.62,-83.84
2026-09-24T06:02:04.594,,,-84.82,0.0,0.0,Background,urban,,0.9495,9.61,-83.93
2026-09-24T06:02:05.487,2459.538,3.732,-31.34,59.54,0.0052,UAV,urban,0.0232,0.0034,8.89,-85.63
2026-09-24T06:02:06.713,2440.253,1.354,-20.54,70.33,2.0,Generic,indoor_congested,,0.0002,7.07,-76.81
2026-09-24T06:02:07.402,2416.141,33.469,-26.01,64.87,0.3165,WiFi,indoor_congested,0.596,0.0172,9.84,-76.29
2026-09-24T06:02:08.190,2429.82,1.477,-38.6,52.28,0.9925,Generic,urban,0.075,0.0134,7.69,-83.8
2026-09-24T06:02:08.584,,,-89.13,0.0,0.0,Background,suburban,,0.9851,10.02,-91.72
2026-09-24T06:02:08.801,2461.771,4.102,-22.61,68.27,0.0026,UAV,quiet_rural,0.0266,0.0005,10.06,-98.54
2026-09-24T06:02:08.879,2436.571,41.057,-36.52,54.36,2.0,WiFi,indoor_congested,,0.1113,9.25,-76.68
2026-09-24T06:02:10.762,,,-90.49,0.0,0.0,Background,quiet_rural,,0.9987,9.38,-98.8
2026-09-24T06:02:12.143,2460.686,1.312,-23.87,67.0,0.964,Generic,suburban,0.612,0.0005,7.82,-93.24
2026-09-24T06:02:13.651,2432.597,1.148,-43.88,47.0,0.922,Generic,suburban,1.245,0.0427,6.28,-93.18
2026-09-24T06:02:13.830,2415.647,31.951,-42.51,48.37,0.287,WiFi,quiet_rural,0.628,0.1563,9.79,-100.67
2026-09-24T06:02:14.138,,,-86.36,0.0,0.0,Background,urban,,0.9586,9.62,-85.89
2026-09-24T06:02:14.763,2423.677,2.133,-28.65,62.22,0.0192,UAV,indoor_congested,0.0323,0.0016,8.86,-77.32
2026-09-24T06:02:17.059,,,-86.26,0.0,0.0,Background,urban,,0.9613,10.4,-85.92
2026-09-24T06:02:18.928,2415.629,2.83,-5.19,85.68,0.0375,UAV,urban,0.0375,0.0,8.25,-84.7
2026-09-24T06:02:19.889,2435.731,0.492,-29.0,61.88,0.7275,Generic,quiet_rural,1.512,0.0014,5.25,-101.58
2026-09-24T06:02:20.391,2459.096,1.271,-30.75,60.13,0.7565,Generic,urban,1.162,0.0022,6.86,-85.75
2026-09-24T06:02:20.899,2457.932,0.328,-37.29,53.59,0.8385,Generic,suburban,1.059,0.0092,4.71,-93.63
2026-09-24T06:02:22.477,2422.045,0.574,-41.79,49.09,2.0,Generic,suburban,,0.026,5.14,-93.43
2026-09-24T06:02:23.219,2404.355,3.24,-21.43,69.45,0.0103,UAV,urban,0.0168,0.0004,8.96,-85.19
2026-09-24T06:02:23.713,2459.198,0.369,-30.0,60.88,0.982,Generic,suburban,1.856,0.0017,5.64,-91.97
2026-09-24T06:02:24.940,2415.682,32.895,-31.49,59.39,0.203,WiFi,indoor_congested,0.833,0.0353,8.73,-79.05
2026-09-24T06:02:26.390,2437.059,21.041,-36.99,53.89,0.317,WiFi,indoor_congested,0.7655,0.0381,8.85,-77.73
2026-09-24T06:02:26.482,2436.723,21.123,-17.65,73.23,0.1073,WiFi,quiet_rural,0.927,0.0014,8.9,-99.63
2026-09-24T06:02:27.311,2424.975,0.0,-74.3,6.17,0.0,Background,indoor_congested,,0.9385,9.75,-78.69
2026-09-24T06:02:28.670,,,-90.66,0.0,0.0,Background,quiet_rural,,0.9996,9.92,-101.64
2026-09-24T06:02:28.974,2460.874,41.057,-30.5,60.38,2.0,WiFi,quiet_rural,,0.0548,10.47,-98.97
2026-09-24T06:02:30.479,2437.342,41.18,-12.52,78.36,0.312,WiFi,urban,0.6505,0.0066,9.34,-83.33
2026-09-24T06:02:30.745,2479.887,0.574,-30.7,60.18,2.0,Generic,urban,,0.0021,6.24,-86.75
2026-09-24T06:02:30.897,2462.379,41.098,-20.84,70.04,0.1928,WiFi,quiet_rural,0.4657,0.0176,10.03,-101.06
2026-09-24T06:02:31.012,2432.557,5.004,-7.02,83.85,0.0048,UAV,suburban,0.0499,0.0,9.44,-93.25
2026-09-24T06:02:32.324,2473.123,1.436,-17.43,73.45,0.966,Generic,quiet_rural,1.419,0.0001,5.57,-99.41
2026-09-24T06:02:32.713,2457.362,4.922,-13.52,77.36,0.0102,UAV,indoor_congested,0.027,0.0001,8.96,-76.43
2026-09-24T06:02:33.345,2448.148,1.189,-39.62,51.25,1.911,Generic,suburban,,0.0166,6.89,-93.26
2026-09-24T06:02:34.393,2440.386,0.984,-30.14,60.74,0.7595,Generic,urban,1.502,0.0019,6.8,-86.87
2026-09-24T06:02:34.458,2408.261,4.717,-29.59,61.29,0.0107,UAV,urban,0.0397,0.0025,7.93,-85.14
2026-09-24T06:02:34.780,2473.754,3.445,-31.76,59.11,0.0102,UAV,urban,0.0462,0.0036,7.62,-84.55
2026-09-24T06:02:35.021,2436.498,21.082,-21.44,69.44,0.2389,WiFi,urban,0.3248,0.0026,9.56,-83.16
2026-09-24T06:02:35.585,2461.328,41.098,-17.91,72.97,0.3107,WiFi,indoor_congested,0.3524,0.0124,9.56,-77.69
2026-09-24T06:02:35.716,2461.368,41.016,-41.67,49.21,0.0995,WiFi,urban,0.2573,0.2017,9.05,-85.99
2026-09-24T06:02:35.870,,,-80.34,0.0,0.0,Background,indoor_congested,,0.9379,10.85,-78.52
2026-09-24T06:02:37.155,,,-89.24,0.0,0.0,Background,suburban,,0.9878,10.27,-92.06
2026-09-24T06:02:38.020,2412.886,21.123,-17.16,73.72,0.3338,WiFi,quiet_rural,0.4265,0.0013,8.97,-100.63
2026-09-24T06:02:38.427,2462.549,21.123,-23.03,67.85,2.0,WiFi,suburban,,0.0035,9.18,-93.16
2026-09-24T06:02:39.032,2477.341,4.84,-25.1,65.77,0.0142,UAV,urban,0.0255,0.001,9.68,-85.09
2026-09-24T06:02:41.030,2437.58,1.436,-17.84,73.04,2.0,Generic,indoor_congested,,0.0001,6.67,-79.95
2026-09-24T06:02:41.879,2475.792,1.395,-37.54,53.33,2.0,Generic,urban,,0.0105,7.22,-83.18
2026-09-24T06:02:42.779,,,-79.95,0.0,0.0,Background,indoor_congested,,0.9385,11.08,-78.16
2026-09-24T06:02:43.673,2416.904,0.902,-26.24,64.64,0.955,Generic,suburban,1.559,0.0008,4.53,-91.06
2026-09-24T06:02:43.692,2409.793,1.928,-18.71,72.16,0.006,UAV,quiet_rural,0.0213,0.0002,7.23,-101.95
2026-09-24T06:02:43.765,2473.865,0.574,-28.88,61.99,0.9695,Generic,quiet_rural,0.146,0.0014,5.1,-101.77
2026-09-24T06:02:45.966,2462.128,21.123,-15.39,75.49,2.0,WiFi,suburban,,0.0009,8.94,-92.5
2026-09-24T06:02:46.027,2423.907,3.281,-4.94,85.94,0.0157,UAV,indoor_congested,0.0229,0.0,7.95,-76.31
2026-09-24T06:02:48.139,2438.162,41.18,-13.48,77.39,0.1693,WiFi,quiet_rural,0.4963,0.0075,10.13,-100.47
2026-09-24T06:02:49.144,2412.729,1.436,-40.54,50.33,1.712,Generic,indoor_congested,,0.0204,7.36,-79.29
2026-09-24T06:02:49.145,2407.592,4.307,-8.72,82.16,0.0023,UAV,quiet_rural,0.0299,0.0,8.79,-101.86
2026-09-24T06:02:49.393,,,-90.53,0.0,0.0,Background,quiet_rural,,0.9989,9.53,-99.34
2026-09-24T06:02:50.607,2443.035,1.436,-32.11,58.77,0.891,Generic,urban,0.549,0.0031,7.36,-83.38
2026-09-24T06:02:50.963,2478.763,1.395,-32.76,58.11,0.8155,Generic,quiet_rural,1.297,0.0036,6.64,-99.84
2026-09-24T06:02:51.763,,,-85.96,0.0,0.0,Background,urban,,0.9553,10.46,-85.4
2026-09-24T06:02:53.299,,,-90.6,0.0,0.0,Background,quiet_rural,,0.9994,9.74,-100.54
2026-09-24T06:02:53.469,2437.616,41.098,-22.78,68.09,0.1196,WiFi,urban,0.1319,0.0221,8.98,-86.68
2026-09-24T06:02:54.265,2401.145,0.0,-71.85,6.41,0.0,Background,indoor_congested,,0.9358,10.14,-76.41
2026-09-24T06:02:54.483,2436.71,0.615,-45.56,45.32,0.9935,Generic,urban,0.017,0.0592,5.77,-85.05
2026-09-24T06:02:54.514,2462.51,41.139,-26.2,64.68,0.4253,WiFi,indoor_congested,0.5043,0.0331,9.51,-79.75
2026-09-24T06:02:56.147,2461.042,21.041,-35.96,54.91,0.3215,WiFi,quiet_rural,0.5707,0.032,9.3,-100.65
2026-09-24T06:02:56.918,2406.865,1.395,-32.46,58.42,0.995,Generic,suburban,0.181,0.0033,5.84,-91.04
2026-09-24T06:02:58.361,2410.638,21.164,-15.15,75.73,2.0,WiFi,suburban,,0.0009,10.47,-91.19
2026-09-24T06:02:59.432,2411.357,21.0,-40.4,50.48,0.1412,WiFi,quiet_rural,0.4035,0.0678,9.83,-98.73
2026-09-24T06:03:00.151,2447.925,1.148,-21.72,69.16,0.802,Generic,indoor_congested,1.25,0.0003,4.12,-78.7
2026-09-24T06:03:00.849,2423.81,4.266,-27.05,63.83,0.0088,UAV,urban,0.0166,0.0014,9.54,-86.75
2026-09-24T06:03:02.353,,,-89.71,0.0,0.0,Background,suburban,,0.9916,9.44,-93.6
2026-09-24T06:03:04.097,2440.685,1.066,-41.23,49.65,0.637,Generic,indoor_congested,0.7465,0.023,5.07,-76.89
2026-09-24T06:03:04.250,2437.447,21.041,-37.68,53.2,0.1334,WiFi,indoor_congested,0.4753,0.043,9.81,-77.23
2026-09-24T06:03:04.465,2461.991,21.082,-23.42,67.45,0.3912,WiFi,quiet_rural,0.4128,0.0037,9.97,-99.61
2026-09-24T06:03:04.561,2411.956,21.082,-28.38,62.49,2.0,WiFi,quiet_rural,,0.0087,9.36,-98.05
2026-09-24T06:03:04.829,2439.663,0.533,-27.05,63.83,0.9895,Generic,suburban,1.739,0.0009,5.2,-91.26
2026-09-24T06:03:05.597,2407.543,0.0,-74.6,6.21,0.0,Background,indoor_congested,,0.9359,9.52,-78.99
2026-09-24T06:03:05.811,2461.108,21.082,-37.47,53.41,0.0532,WiFi,indoor_congested,0.5503,0.0414,9.66,-79.83
2026-09-24T06:03:06.127,2460.576,0.0,-73.44,6.09,0.0,Background,indoor_congested,,0.9376,9.61,-77.63
2026-09-24T06:03:07.956,,,-88.8,0.0,0.0,Background,suburban,,0.9848,10.15,-91.01
2026-09-24T06:03:08.465,2408.984,1.436,-20.76,70.11,0.906,Generic,suburban,1.943,0.0002,6.37,-90.88
2026-09-24T06:03:08.923,2410.783,0.0,-75.41,6.15,0.0,Background,indoor_congested,,0.9368,9.16,-79.78
2026-09-24T06:03:09.409,,,-88.59,0.0,0.0,Background,suburban,,0.9802,9.82,-90.29
2026-09-24T06:03:09.899,2483.422,0.0,-73.66,6.76,0.0,Background,indoor_congested,,0.9315,8.7,-78.51
2026-09-24T06:03:11.425,2479.583,2.256,-27.86,63.01,2.0,UAV,suburban,,0.0013,6.83,-91.47
2026-09-24T06:03:11.574,2436.554,41.098,-24.08,66.8,0.4,WiFi,indoor_congested,0.6745,0.0259,9.42,-78.33
2026-09-24T06:03:12.622,2470.152,3.486,-2.17,88.71,0.0123,UAV,suburban,0.0432,0.0,8.19,-93.65
2026-09-24T06:03:13.077,,,-89.52,0.0,0.0,Background,suburban,,0.9904,9.49,-93.01
2026-09-24T06:03:13.639,2462.702,21.082,-29.74,61.14,0.07,WiFi,suburban,0.992,0.011,9.2,-90.43
2026-09-24T06:03:13.649,2466.041,1.395,-33.27,57.61,0.9395,Generic,indoor_congested,1.342,0.004,7.45,-77.88
2026-09-24T06:03:14.621,2412.499,2.707,-12.9,77.97,0.0036,UAV,indoor_congested,0.0292,0.0,8.99,-76.2
2026-09-24T06:03:14.622,2437.805,41.057,-36.66,54.22,0.4423,WiFi,quiet_rural,0.664,0.1128,10.12,-98.09
2026-09-24T06:03:15.307,2456.892,3.445,-23.26,67.62,0.0155,UAV,quiet_rural,0.0379,0.0006,7.05,-100.46
2026-09-24T06:03:17.058,2415.69,33.018,-20.92,69.95,0.0745,WiFi,suburban,0.951,0.0082,10.16,-90.85
2026-09-24T06:03:18.246,2437.159,41.098,-31.19,59.69,0.2973,WiFi,quiet_rural,0.7345,0.0595,10.43,-100.47
2026-09-24T06:03:19.365,2415.666,32.895,-21.06,69.82,0.389,WiFi,suburban,0.884,0.0082,10.0,-90.07
2026-09-24T06:03:19.922,2442.019,0.615,-45.3,45.58,2.0,Generic,suburban,,0.0564,6.42,-92.72
2026-09-24T06:03:22.979,2462.386,41.18,-28.66,62.22,0.216,WiFi,quiet_rural,0.706,0.0443,9.67,-100.12
2026-09-24T06:03:24.702,,,-90.65,0.0,0.0,Background,quiet_rural,,0.9995,9.46,-101.25
2026-09-24T06:03:25.251,2424.499,1.148,-43.46,47.42,0.931,Generic,quiet_rural,1.433,0.039,6.65,-101.68
2026-09-24T06:03:26.040,,,-89.2,0.0,0.0,Background,suburban,,0.9874,10.41,-91.92
2026-09-24T06:03:26.208,2461.994,21.082,-28.08,62.8,0.2337,WiFi,urban,0.756,0.0082,9.99,-85.33
2026-09-24T06:03:26.524,2420.575,5.004,-12.68,78.19,0.0094,UAV,quiet_rural,0.0237,0.0001,8.13,-98.51
2026-09-24T06:03:26.796,2474.213,1.271,-23.99,66.88,2.0,Generic,indoor_congested,,0.0005,5.85,-78.17
2026-09-24T06:03:27.063,,,-90.66,0.0,0.0,Background,quiet_rural,,0.9995,9.25,-101.41
2026-09-24T06:03:28.329,2444.627,0.328,-41.76,49.11,1.643,Generic,suburban,,0.0255,6.17,-91.53
2026-09-24T06:03:28.363,,,-89.51,0.0,0.0,Background,suburban,,0.9904,9.51,-93.05
2026-09-24T06:03:28.491,2437.057,2.871,-25.62,65.25,0.0147,UAV,urban,0.0366,0.0009,8.83,-84.7
2026-09-24T06:03:28.981,2414.919,2.789,-4.2,86.68,0.0091,UAV,indoor_congested,0.0299,0.0,10.45,-77.84
2026-09-24T06:03:31.776,2445.535,1.312,-27.78,63.1,0.926,Generic,urban,0.524,0.0011,6.77,-86.38
2026-09-24T06:03:32.682,2459.945,4.84,-22.01,68.87,0.004,UAV,suburban,0.0291,0.0005,8.78,-90.8
2026-09-24T06:03:33.383,2469.513,0.533,-44.23,46.65,0.9865,Generic,quiet_rural,0.945,0.0445,6.91,-100.77
2026-09-24T06:03:34.548,,,-88.79,0.0,0.0,Background,suburban,,0.9829,10.42,-90.87
2026-09-24T06:03:34.854,2437.331,0.902,-44.76,46.12,2.0,Generic,suburban,,0.0509,7.14,-93.91
2026-09-24T06:03:35.201,2430.677,2.215,-6.2,84.67,0.0086,UAV,quiet_rural,0.0248,0.0,6.33,-98.37
2026-09-24T06:03:36.511,2460.313,1.312,-18.12,72.76,0.799,Generic,indoor_congested,1.247,0.0001,9.66,-76.5
2026-09-24T06:03:36.838,2436.419,21.082,-37.64,53.24,0.1865,WiFi,indoor_congested,0.99,0.0427,8.99,-77.09
2026-09-24T06:03:36.956,2434.578,4.84,-19.82,71.06,0.012,UAV,indoor_congested,0.0384,0.0003,8.04,-79.65
2026-09-24T06:03:37.229,,,-88.8,0.0,0.0,Background,suburban,,0.9828,9.86,-90.67
2026-09-24T06:03:37.231,2469.037,1.23,-29.99,60.89,2.0,Generic,indoor_congested,,0.0018,7.91,-79.83
2026-09-24T06:03:39.130,2452.876,3.814,-28.36,62.52,0.0138,UAV,urban,0.0215,0.0018,8.14,-85.8
2026-09-24T06:03:40.287,,,-89.74,0.0,0.0,Background,suburban,,0.9924,9.6,-93.89
2026-09-24T06:03:40.342,2453.357,0.0,-71.75,6.4,0.0,Background,indoor_congested,,0.9261,9.4,-76.02
2026-09-24T06:03:41.009,2442.734,0.0,-79.4,6.04,0.0,Background,urban,,0.953,9.36,-84.68
2026-09-24T06:03:41.526,,,-85.26,0.0,0.0,Background,urban,,0.9532,10.84,-84.49
2026-09-24T06:03:42.472,2402.432,0.615,-29.52,61.36,2.0,Generic,quiet_rural,,0.0016,5.38,-100.51
2026-09-24T06:03:44.675,2423.639,3.24,-4.85,86.03,0.0083,UAV,urban,0.0216,0.0,9.45,-86.35
2026-09-24T06:03:45.599,2408.712,1.436,-30.62,60.25,1.624,Generic,suburban,,0.0022,8.11,-90.93
2026-09-24T06:03:46.557,,,-86.17,0.0,0.0,Background,urban,,0.9611,9.55,-85.91
2026-09-24T06:03:47.251,,,-86.75,0.0,0.0,Background,urban,,0.9626,10.14,-86.62
2026-09-24T06:03:47.385,2443.205,2.953,-17.29,73.58,0.008,UAV,suburban,0.0463,0.0001,8.42,-93.95
2026-09-24T06:03:48.653,,,-88.79,0.0,0.0,Background,suburban,,0.9808,10.04,-90.67
2026-09-24T06:03:48.773,2410.511,0.287,-46.56,44.32,0.913,Generic,quiet_rural,1.495,0.0723,3.53,-100.33
2026-09-24T06:03:48.974,2463.227,1.23,-25.57,65.31,0.9925,Generic,indoor_congested,0.632,0.0007,6.37,-76.44
2026-09-24T06:03:48.990,2426.425,2.502,-2.36,88.51,0.0096,UAV,suburban,0.0404,0.0,8.68,-91.25
2026-09-24T06:03:49.223,2411.463,21.123,-18.43,72.45,2.0,WiFi,indoor_congested,,0.0016,10.38,-76.97
2026-09-24T06:03:49.231,,,-90.62,0.0,0.0,Background,quiet_rural,,0.9994,9.73,-100.79
2026-09-24T06:03:51.253,,,-90.48,0.0,0.0,Background,quiet_rural,,0.9987,9.06,-98.87
2026-09-24T06:03:51.946,2455.661,0.287,-42.7,48.18,0.8135,Generic,suburban,1.571,0.0311,4.84,-91.65
2026-09-24T06:03:51.958,2441.817,4.143,-24.8,66.08,0.0122,UAV,urban,0.0139,0.0008,8.76,-86.36
2026-09-24T06:03:53.983,2414.986,0.861,-47.23,43.65,0.8185,Generic,suburban,0.396,0.0868,7.71,-91.14
2026-09-24T06:03:54.189,2461.687,21.041,-36.67,54.21,0.1908,WiFi,indoor_congested,0.418,0.0361,9.32,-78.53
2026-09-24T06:03:55.214,2438.935,0.943,-32.22,58.66,0.9095,Generic,quiet_rural,1.736,0.003,7.26,-98.95
2026-09-24T06:03:55.860,2415.36,32.566,-25.11,65.77,0.1905,WiFi,quiet_rural,0.978,0.014,9.4,-100.69
2026-09-24T06:03:55.870,2470.821,1.559,-22.91,67.97,1.543,Generic,urban,,0.0004,7.91,-83.06
2026-09-24T06:03:58.908,2433.493,3.527,-11.73,79.14,0.0042,UAV,indoor_congested,0.0258,0.0,9.1,-77.31
2026-09-24T06:03:59.941,2428.615,1.395,-17.55,73.33,0.969,Generic,suburban,0.804,0.0001,8.6,-93.74
2026-09-24T06:04:00.820,2462.99,3.814,-9.33,81.54,0.0163,UAV,urban,0.0477,0.0,6.9,-83.94
2026-09-24T06:04:01.393,2404.877,0.0,-71.71,6.34,0.0,Background,indoor_congested,,0.9313,9.24,-76.05
2026-09-24T06:04:01.437,2421.42,1.271,-27.71,63.17,0.966,Generic,suburban,1.351,0.0011,5.98,-90.93
2026-09-24T06:04:02.579,2415.606,0.984,-36.82,54.06,0.5657,Generic,quiet_rural,0.8665,0.0087,6.46,-100.01
2026-09-24T06:04:02.759,2476.509,0.041,-69.17,9.55,0.0,Background,indoor_congested,,0.9367,9.38,-76.83
2026-09-24T06:04:03.210,2428.984,1.477,-30.9,59.98,1.967,Generic,indoor_congested,,0.0023,7.45,-78.04
2026-09-24T06:04:03.499,2437.585,41.057,-28.45,62.42,0.065,WiFi,quiet_rural,0.601,0.043,10.05,-100.47
2026-09-24T06:04:04.424,2459.341,0.656,-43.62,47.26,0.831,Generic,suburban,0.638,0.0392,7.22,-92.03
2026-09-24T06:04:05.587,2415.83,32.812,-35.03,55.84,0.23,WiFi,indoor_congested,0.3806,0.0575,9.9,-78.1
2026-09-24T06:04:07.363,2404.236,1.846,-7.13,83.75,0.0083,UAV,urban,0.0397,0.0,6.05,-85.72
2026-09-24T06:04:07.662,2481.861,0.861,-44.92,45.96,2.0,Generic,urban,,0.0522,6.95,-85.48
2026-09-24T06:04:07.716,,,-90.43,0.0,0.0,Background,quiet_rural,,0.9983,9.91,-98.36
2026-09-24T06:04:08.154,2444.886,0.533,-27.52,63.36,0.8945,Generic,urban,0.918,0.001,5.49,-86.54
2026-09-24T06:04:08.238,2481.345,0.697,-35.12,55.76,0.857,Generic,quiet_rural,0.698,0.0058,8.34,-99.22
2026-09-24T06:04:09.045,2462.58,41.016,-37.24,53.63,0.185,WiFi,suburban,0.972,0.1207,9.24,-92.66
2026-09-24T06:04:09.659,,,-90.46,0.0,0.0,Background,quiet_rural,,0.9986,8.81,-98.64
2026-09-24T06:04:10.350,2447.753,1.477,-28.03,62.84,0.7605,Generic,urban,0.754,0.0012,7.52,-85.94
2026-09-24T06:04:10.912,2462.137,41.057,-29.37,61.5,2.0,WiFi,urban,,0.0482,10.48,-85.91
2026-09-24T06:04:11.071,2444.917,2.297,-20.17,70.71,0.0133,UAV,urban,0.0281,0.0002,7.74,-85.27
2026-09-24T06:04:11.321,2443.018,2.256,-17.0,73.88,0.0139,UAV,quiet_rural,0.043,0.0001,6.91,-99.49
2026-09-24T06:04:12.481,2405.876,1.148,-33.67,57.2,0.9395,Generic,indoor_congested,1.022,0.0042,6.53,-76.26
2026-09-24T06:04:12.621,2475.266,1.395,-21.37,69.51,2.0,Generic,indoor_congested,,0.0003,4.79,-78.36
2026-09-24T06:04:13.079,2416.649,0.738,-22.32,68.56,0.884,Generic,suburban,0.743,0.0003,8.84,-92.38
2026-09-24T06:04:13.114,2403.389,1.189,-39.29,51.59,0.8625,Generic,quiet_rural,0.842,0.0154,8.55,-101.19
2026-09-24T06:04:13.160,,,-78.79,0.0,0.0,Background,indoor_congested,,0.9319,9.48,-76.87
2026-09-24T06:04:13.443,,,-90.61,0.0,0.0,Background,quiet_rural,,0.9994,9.29,-100.74
2026-09-24T06:04:13.564,2430.615,0.779,-44.02,46.85,0.7645,Generic,quiet_rural,0.855,0.0433,6.0,-98.4
2026-09-24T06:04:14.113,2410.811,1.354,-29.78,61.1,0.8065,Generic,quiet_rural,1.609,0.0018,8.58,-99.72
2026-09-24T06:04:14.328,2416.31,33.346,-33.08,57.8,0.2668,WiFi,quiet_rural,0.451,0.0453,11.43,-101.05
2026-09-24T06:04:14.703,2415.534,32.115,-29.95,60.93,0.1643,WiFi,indoor_congested,0.6305,0.0269,9.2,-79.13
2026-09-24T06:04:15.710,2456.655,1.559,-20.86,70.02,1.547,Generic,quiet_rural,,0.0002,7.0,-100.73
2026-09-24T06:04:16.006,2461.005,21.082,-21.65,69.23,2.0,WiFi,urban,,0.0027,9.64,-86.92
2026-09-24T06:04:19.059,2461.316,21.123,-16.62,74.26,0.225,WiFi,urban,0.919,0.0012,8.7,-83.39
2026-09-24T06:04:19.364,2476.42,4.266,-23.4,67.48,2.0,UAV,urban,,0.0006,7.74,-85.8
2026-09-24T06:04:19.688,2423.796,1.969,-8.71,82.17,0.0109,UAV,indoor_congested,0.0395,0.0,7.34,-76.84
2026-09-24T06:04:21.031,2467.237,4.594,-11.08,79.8,0.0111,UAV,indoor_congested,0.0241,0.0,8.95,-76.49
2026-09-24T06:04:21.053,,,-85.76,0.0,0.0,Background,urban,,0.9568,9.26,-85.19
2026-09-24T06:04:21.739,2437.124,0.738,-47.27,43.61,0.95,Generic,quiet_rural,1.275,0.0866,7.5,-99.43
2026-09-24T06:04:22.998,2480.034,1.477,-24.2,66.67,0.788,Generic,quiet_rural,1.097,0.0005,7.81,-101.37
2026-09-24T06:04:23.068,2471.478,2.051,-26.99,63.88,0.0126,UAV,urban,0.023,0.0011,6.56,-85.19
2026-09-24T06:04:23.901,2477.951,1.271,-39.55,51.32,1.617,Generic,urban,,0.0164,9.3,-86.27
2026-09-24T06:04:26.825,,,-88.71,0.0,0.0,Background,suburban,,0.981,9.68,-90.37
2026-09-24T06:04:26.974,2469.752,1.805,-13.38,77.5,0.0127,UAV,suburban,0.016,0.0,7.4,-92.95
2026-09-24T06:04:27.571,,,-90.68,0.0,0.0,Background,quiet_rural,,0.9996,8.94,-101.94
2026-09-24T06:04:28.669,2419.283,1.107,-18.74,72.14,2.0,Generic,indoor_congested,,0.0001,4.78,-76.69
2026-09-24T06:04:29.089,2470.107,3.896,-2.47,88.41,0.0071,UAV,indoor_congested,0.0371,0.0,8.39,-79.48
2026-09-24T06:04:32.077,,,-89.74,0.0,0.0,Background,suburban,,0.9919,9.48,-93.88
2026-09-24T06:04:32.389,2474.188,2.994,-11.46,79.41,0.0596,UAV,suburban,0.0618,0.0,8.65,-91.53
2026-09-24T06:04:32.713,2458.736,1.436,-39.03,51.85,2.0,Generic,indoor_congested,,0.0146,7.03,-77.25
2026-09-24T06:04:33.603,2438.237,21.041,-42.1,48.78,0.2652,WiFi,suburban,0.443,0.0907,9.04,-92.12
2026-09-24T06:04:34.259,,,-88.54,0.0,0.0,Background,suburban,,0.9804,10.11,-90.13
2026-09-24T06:04:34.382,2462.155,41.139,-15.85,75.03,0.1094,WiFi,suburban,0.3855,0.0099,10.44,-92.96
2026-09-24T06:04:35.141,2415.432,32.812,-20.69,70.19,2.0,WiFi,quiet_rural,,0.0078,9.78,-100.75
2026-09-24T06:04:37.191,2437.681,41.057,-20.15,70.72,0.271,WiFi,urban,0.955,0.0162,9.49,-84.93
2026-09-24T06:04:41.462,2419.734,1.025,-38.81,52.07,0.8235,Generic,indoor_congested,1.098,0.0132,3.34,-79.79
2026-09-24T06:04:41.568,2458.784,1.23,-31.89,58.99,1.62,Generic,indoor_congested,,0.0028,7.16,-79.84
2026-09-24T06:04:41.759,2469.062,1.436,-22.69,68.19,0.859,Generic,quiet_rural,0.815,0.0004,6.05,-101.19
2026-09-24T06:04:41.780,2447.398,3.035,-29.65,61.23,0.0158,UAV,quiet_rural,0.0371,0.0022,7.78,-99.9
2026-09-24T06:04:42.642,2478.511,1.025,-42.19,48.68,0.98,Generic,quiet_rural,0.576,0.0293,6.4,-100.42
2026-09-24T06:04:44.998,2436.923,21.082,-32.36,58.52,0.0693,WiFi,indoor_congested,0.66,0.0172,9.58,-77.49
2026-09-24T06:04:45.038,,,-89.55,0.0,0.0,Background,suburban,,0.9903,9.64,-93.15
2026-09-24T06:04:47.721,2406.757,1.436,-35.6,55.28,0.9005,Generic,urban,1.169,0.0068,7.24,-85.71
2026-09-24T06:04:49.251,,,-81.35,0.0,0.0,Background,indoor_congested,,0.9401,10.12,-79.64
2026-09-24T06:04:49.548,2436.506,21.041,-38.68,52.2,0.2708,WiFi,suburban,0.4893,0.0506,8.78,-92.45
2026-09-24T06:04:49.988,2412.798,21.082,-27.63,63.24,0.3358,WiFi,suburban,0.4545,0.0076,9.56,-92.56
2026-09-24T06:04:50.823,2461.515,41.057,-38.69,52.19,0.281,WiFi,indoor_congested,0.976,0.1427,9.89,-76.76
2026-09-24T06:04:51.109,2453.76,0.328,-32.78,58.1,0.9805,Generic,suburban,0.625,0.0033,4.79,-90.28
2026-09-24T06:04:51.685,2421.25,0.82,-29.49,61.39,1.795,Generic,suburban,,0.0016,6.07,-91.26
2026-09-24T06:04:52.185,2401.35,0.0,-73.25,6.95,0.0,Background,indoor_congested,,0.9337,9.79,-78.35
2026-09-24T06:04:52.889,,,-86.11,0.0,0.0,Background,urban,,0.9575,9.64,-85.58
2026-09-24T06:04:53.756,,,-90.66,0.0,0.0,Background,quiet_rural,,0.9996,9.33,-101.54
2026-09-24T06:04:54.889,2404.701,1.025,-26.55,64.33,0.9215,Generic,suburban,1.25,0.0008,6.91,-90.86
2026-09-24T06:04:55.784,2436.632,21.041,-35.8,55.07,0.0855,WiFi,indoor_congested,0.984,0.0312,10.44,-77.5
2026-09-24T06:04:58.485,2411.634,21.041,-37.01,53.87,0.2647,WiFi,indoor_congested,0.723,0.0382,8.82,-77.86
2026-09-24T06:04:58.558,2451.27,1.436,-18.08,72.8,0.8315,Generic,indoor_congested,0.897,0.0001,6.76,-78.79
2026-09-24T06:04:58.653,,,-89.73,0.0,0.0,Background,suburban,,0.9924,9.69,-93.94
2026-09-24T06:05:00.216,2403.214,0.656,-43.06,47.82,0.9395,Generic,quiet_rural,0.296,0.0346,6.82,-99.22
2026-09-24T06:05:00.687,2413.078,0.574,-43.7,47.18,0.7745,Generic,suburban,1.184,0.0397,7.55,-93.66
2026-09-24T06:05:00.774,2436.912,21.041,-33.47,57.41,0.3764,WiFi,indoor_congested,0.415,0.0208,9.71,-78.11
2026-09-24T06:05:02.964,2437.539,41.057,-39.95,50.93,0.2123,WiFi,indoor_congested,0.562,0.1664,10.23,-76.08
2026-09-24T06:05:03.014,2418.8,0.041,-71.44,9.47,0.0,Background,indoor_congested,,0.9334,10.31,-79.07
2026-09-24T06:05:05.251,2406.165,1.477,-34.81,56.06,0.8815,Generic,quiet_rural,1.264,0.0057,6.42,-100.31
2026-09-24T06:05:05.960,2436.655,2.256,-10.39,80.49,0.0104,UAV,urban,0.0275,0.0,8.26,-85.21
2026-09-24T06:05:06.391,2459.257,1.271,-21.16,69.72,2.0,Generic,urban,,0.0002,6.88,-83.31
2026-09-24T06:05:06.527,2415.272,33.059,-22.3,68.58,0.0887,WiFi,urban,0.535,0.0099,10.01,-83.82
2026-09-24T06:05:08.230,2435.058,5.086,-22.99,67.89,0.0058,UAV,indoor_congested,0.0119,0.0006,7.9,-79.6
2026-09-24T06:05:08.435,2415.796,4.635,-17.16,73.72,0.0164,UAV,urban,0.0235,0.0002,8.87,-84.29
2026-09-24T06:05:12.484,,,-89.24,0.0,0.0,Background,suburban,,0.9872,9.79,-92.05
2026-09-24T06:05:12.572,2446.372,1.518,-21.49,69.38,0.7815,Generic,urban,1.788,0.0003,8.54,-83.92
2026-09-24T06:05:13.033,,,-90.43,0.0,0.0,Background,quiet_rural,,0.9984,10.61,-98.29
2026-09-24T06:05:13.694,2480.422,1.436,-28.52,62.36,2.0,Generic,indoor_congested,,0.0014,5.8,-76.15
2026-09-24T06:05:14.246,2411.363,2.297,-21.19,69.69,0.0151,UAV,quiet_rural,0.0383,0.0003,8.45,-101.33
2026-09-24T06:05:14.608,,,-90.65,0.0,0.0,Background,quiet_rural,,0.9995,9.32,-101.38
2026-09-24T06:05:14.878,2415.62,32.689,-19.91,70.97,0.053,WiFi,suburban,0.851,0.0069,11.52,-93.51
2026-09-24T06:05:15.316,2437.178,41.057,-31.4,59.48,2.0,WiFi,suburban,,0.061,9.33,-93.66
2026-09-24T06:05:17.619,2475.845,1.518,-18.62,72.26,0.871,Generic,suburban,0.945,0.0001,5.76,-93.45
2026-09-24T06:05:17.762,2402.776,4.635,-3.73,87.15,0.0035,UAV,indoor_congested,0.0226,0.0,7.85,-79.42
2026-09-24T06:05:18.626,2412.157,21.164,-15.26,75.62,0.076,WiFi,quiet_rural,0.6685,0.0009,9.19,-100.43
2026-09-24T06:05:20.030,2472.43,4.266,-6.05,84.83,0.0148,UAV,urban,0.0225,0.0,7.97,-85.32
2026-09-24T06:05:21.779,2437.473,2.338,-15.78,75.1,0.016,UAV,suburban,0.0361,0.0001,7.89,-91.2
2026-09-24T06:05:23.482,2431.947,0.0,-72.17,6.77,0.0,Background,indoor_congested,,0.9316,9.3,-76.9
2026-09-24T06:05:23.560,2428.546,4.225,-9.82,81.06,0.0043,UAV,quiet_rural,0.0497,0.0,8.08,-101.85
2026-09-24T06:05:24.691,,,-85.6,0.0,0.0,Background,urban,,0.9546,10.86,-84.91
2026-09-24T06:05:25.745,2462.188,21.164,-17.35,73.53,0.1865,WiFi,suburban,0.4807,0.0013,10.81,-93.91
2026-09-24T06:05:25.749,2461.592,21.123,-19.6,71.28,0.3756,WiFi,urban,0.432,0.0019,9.68,-85.96
2026-09-24T06:05:26.642,2462.966,21.082,-31.83,59.04,0.171,WiFi,urban,0.8065,0.0158,8.82,-83.07
2026-09-24T06:05:28.052,2411.232,21.123,-17.58,73.29,2.0,WiFi,indoor_congested,,0.0014,8.97,-77.92
2026-09-24T06:05:28.707,2435.77,2.01,-25.67,65.21,0.0034,UAV,quiet_rural,0.0371,0.0008,8.73,-101.63
2026-09-24T06:05:29.139,2448.403,4.061,-2.1,88.77,0.0144,UAV,indoor_congested,0.0479,0.0,8.53,-76.51
2026-09-24T06:05:29.247,,,-89.67,0.0,0.0,Background,suburban,,0.9908,8.85,-93.42
2026-09-24T06:05:29.902,2462.021,21.082,-21.49,69.39,2.0,WiFi,indoor_congested,,0.0026,8.91,-79.48
2026-09-24T06:05:33.673,2436.228,41.057,-25.09,65.78,0.068,WiFi,quiet_rural,0.238,0.029,8.89,-99.59
2026-09-24T06:05:33.939,2412.663,21.123,-18.86,72.02,0.24,WiFi,urban,0.943,0.0017,9.42,-85.82
2026-09-24T06:05:34.476,,,-88.76,0.0,0.0,Background,suburban,,0.9819,10.36,-90.72
2026-09-24T06:05:34.532,,,-90.57,0.0,0.0,Background,quiet_rural,,0.9991,8.83,-99.81
2026-09-24T06:05:35.277,2461.78,41.139,-15.21,75.66,0.2992,WiFi,quiet_rural,0.4328,0.0091,9.29,-100.33
2026-09-24T06:05:36.150,2438.658,3.199,-18.49,72.38,0.0175,UAV,suburban,0.023,0.0002,8.13,-91.98
2026-09-24T06:05:36.224,2473.6,2.789,-30.65,60.23,0.0139,UAV,indoor_congested,0.0276,0.0026,9.71,-78.45
2026-09-24T06:05:36.395,2447.458,4.512,-10.85,80.03,0.012,UAV,suburban,0.0149,0.0,8.69,-91.17
2026-09-24T06:05:39.020,2443.526,4.266,-17.12,73.76,0.0023,UAV,quiet_rural,0.0363,0.0002,8.69,-98.17
2026-09-24T06:05:39.245,,,-84.79,0.0,0.0,Background,urban,,0.9512,10.15,-83.85
2026-09-24T06:05:39.404,2462.506,41.098,-24.51,66.36,0.271,WiFi,indoor_congested,0.941,0.0271,10.02,-79.66
2026-09-24T06:05:39.640,2436.749,21.041,-38.81,52.06,0.0829,WiFi,quiet_rural,0.2469,0.052,9.97,-98.56
2026-09-24T06:05:39.923,2477.728,3.938,-30.4,60.48,2.0,UAV,quiet_rural,,0.0028,9.18,-101.38
2026-09-24T06:05:40.349,,,-90.61,0.0,0.0,Background,quiet_rural,,0.9994,9.01,-100.72
2026-09-24T06:05:40.917,2474.31,0.41,-39.32,51.56,2.0,Generic,urban,,0.0147,5.89,-85.97
2026-09-24T06:05:42.878,2426.927,1.312,-44.63,46.25,0.993,Generic,indoor_congested,0.767,0.0503,6.92,-76.2
2026-09-24T06:05:43.350,2462.303,21.123,-19.4,71.47,2.0,WiFi,quiet_rural,,0.0019,9.32,-100.92
2026-09-24T06:05:43.831,2411.69,21.123,-18.81,72.06,0.2398,WiFi,suburban,0.4815,0.0017,10.0,-90.87
2026-09-24T06:05:46.429,,,-90.47,0.0,0.0,Background,quiet_rural,,0.9986,10.57,-98.75
2026-09-24T06:05:47.907,2415.091,31.787,-34.89,55.99,0.163,WiFi,urban,0.712,0.053,9.74,-84.39
2026-09-24T06:05:48.012,2461.399,21.123,-20.1,70.78,0.2773,WiFi,suburban,0.3414,0.0021,10.58,-91.66
2026-09-24T06:05:50.338,2481.422,4.635,-25.78,65.09,0.0111,UAV,suburban,0.0421,0.0011,8.7,-91.1
2026-09-24T06:05:50.657,2458.285,2.625,-12.08,78.79,0.0078,UAV,urban,0.0184,0.0,7.32,-83.08
2026-09-24T06:05:51.629,2402.126,3.445,-5.02,85.86,0.014,UAV,suburban,0.0265,0.0,8.18,-91.41
2026-09-24T06:05:52.867,2461.15,0.0,-73.48,6.18,0.0,Background,indoor_congested,,0.9349,9.7,-77.85
2026-09-24T06:05:53.023,2461.658,21.082,-31.67,59.2,0.315,WiFi,quiet_rural,0.694,0.0154,8.9,-99.85
2026-09-24T06:05:54.011,2431.454,2.215,-31.63,59.25,0.0153,UAV,quiet_rural,0.0403,0.0031,8.2,-101.5
2026-09-24T06:05:54.275,2450.787,2.789,-10.64,80.24,0.0062,UAV,suburban,0.0298,0.0,8.35,-93.64
2026-09-24T06:05:57.596,,,-89.78,0.0,0.0,Background,suburban,,0.9925,10.19,-93.97
2026-09-24T06:05:58.335,2437.402,41.016,-36.82,54.06,0.137,WiFi,indoor_congested,0.765,0.1152,10.07,-79.56
2026-09-24T06:05:59.555,2406.298,0.574,-29.65,61.23,0.943,Generic,suburban,0.776,0.0016,5.15,-93.74
2026-09-24T06:05:59.574,,,-88.73,0.0,0.0,Background,suburban,,0.982,11.28,-90.61
2026-09-24T06:06:01.291,,,-85.22,0.0,0.0,Background,urban,,0.9494,9.73,-84.28
2026-09-24T06:06:01.547,2477.859,0.574,-18.48,72.4,1.981,Generic,quiet_rural,,0.0001,4.32,-98.25
2026-09-24T06:06:01.945,2462.474,21.041,-40.46,50.42,0.413,WiFi,indoor_congested,0.5183,0.0689,10.26,-78.02
2026-09-24T06:06:02.089,2462.488,21.205,-12.92,77.96,2.0,WiFi,urban,,0.0006,9.18,-86.67
2026-09-24T06:06:02.874,,,-86.79,0.0,0.0,Background,urban,,0.9648,8.99,-86.75
2026-09-24T06:06:03.092,2466.24,3.773,-13.26,77.61,0.008,UAV,quiet_rural,0.02,0.0001,8.3,-100.08
2026-09-24T06:06:03.172,2467.4,3.404,-25.06,65.82,0.003,UAV,urban,0.034,0.0008,9.26,-83.67
2026-09-24T06:06:03.244,2450.302,0.041,-70.33,9.18,0.0,Background,indoor_congested,,0.9326,10.35,-77.68
2026-09-24T06:06:03.999,2436.371,21.123,-18.72,72.16,0.063,WiFi,quiet_rural,0.8,0.0016,9.88,-98.33
2026-09-24T06:06:04.211,2446.597,1.148,-35.14,55.74,0.976,Generic,indoor_congested,0.933,0.0058,8.17,-79.74
2026-09-24T06:06:04.529,2437.522,21.082,-32.15,58.73,0.3503,WiFi,quiet_rural,0.622,0.0166,9.43,-100.19
2026-09-24T06:06:04.539,,,-89.65,0.0,0.0,Background,suburban,,0.9916,9.89,-93.57
2026-09-24T06:06:05.009,2412.875,21.082,-23.22,67.66,0.1658,WiFi,quiet_rural,0.479,0.0036,9.23,-99.63
2026-09-24T06:06:05.710,2415.261,31.91,-25.66,65.22,0.1958,WiFi,suburban,0.605,0.0143,9.23,-93.45
2026-09-24T06:06:05.758,2426.561,2.83,-21.15,69.72,0.0021,UAV,suburban,0.0335,0.0003,10.42,-93.41
2026-09-24T06:06:05.932,,,-90.59,0.0,0.0,Background,quiet_rural,,0.9993,10.66,-100.31
2026-09-24T06:06:06.875,2415.826,33.346,-37.19,53.69,0.2323,WiFi,suburban,0.723,0.08,9.84,-91.44
2026-09-24T06:06:06.878,2414.227,1.312,-23.48,67.4,2.0,Generic,urban,,0.0004,7.03,-84.54
2026-09-24T06:06:07.255,2418.381,1.312,-23.88,67.0,0.7965,Generic,suburban,0.631,0.0005,5.77,-91.23
2026-09-24T06:06:07.428,2430.578,1.025,-45.66,45.22,2.0,Generic,indoor_congested,,0.061,5.77,-79.26
2026-09-24T06:06:07.452,,,-86.82,0.0,0.0,Background,urban,,0.9651,9.94,-86.82
2026-09-24T06:06:07.650,,,-89.46,0.0,0.0,Background,suburban,,0.9898,11.36,-92.86
2026-09-24T06:06:07.667,2428.967,3.486,-26.69,64.19,0.0024,UAV,urban,0.0437,0.0012,8.33,-84.12
2026-09-24T06:06:08.532,2410.067,1.436,-38.29,52.59,0.94,Generic,suburban,0.814,0.0124,8.63,-92.48
2026-09-24T06:06:08.907,2407.233,2.256,-4.28,86.6,0.0161,UAV,indoor_congested,0.0176,0.0,7.43,-76.49
2026-09-24T06:06:09.225,2404.774,1.354,-41.93,48.95,0.866,Generic,indoor_congested,0.473,0.0278,5.91,-76.09
2026-09-24T06:06:10.453,2411.302,1.066,-28.94,61.94,0.878,Generic,quiet_rural,0.645,0.0014,5.67,-99.48
2026-09-24T06:06:11.450,2472.91,1.271,-35.62,55.26,2.0,Generic,quiet_rural,,0.0067,6.35,-101.33
2026-09-24T06:06:11.996,2465.375,0.0,-72.1,6.95,0.0,Background,indoor_congested,,0.9359,10.15,-77.14
2026-09-24T06:06:12.210,2465.41,1.025,-41.13,49.75,1.745,Generic,urban,,0.023,5.94,-84.68
2026-09-24T06:06:12.280,2447.552,1.436,-35.68,55.2,2.0,Generic,suburban,,0.0069,8.58,-92.78
2026-09-24T06:06:12.647,2420.28,1.723,-16.61,74.27,0.0081,UAV,indoor_congested,0.0281,0.0001,6.24,-77.92
2026-09-24T06:06:13.032,,,-80.54,0.0,0.0,Background,indoor_congested,,0.9343,10.09,-78.73
2026-09-24T06:06:13.097,2437.239,41.139,-15.19,75.68,0.1605,WiFi,suburban,0.5513,0.0091,9.39,-92.23
2026-09-24T06:06:13.386,2406.815,1.025,-40.54,50.34,0.951,Generic,urban,1.001,0.0194,6.69,-83.29
2026-09-24T06:06:14.127,,,-86.51,0.0,0.0,Background,urban,,0.9627,10.51,-86.24
2026-09-24T06:06:15.244,,,-88.5,0.0,0.0,Background,suburban,,0.9781,10.05,-90.01
2026-09-24T06:06:16.096,2436.442,41.139,-18.7,72.18,0.232,WiFi,urban,0.465,0.0137,11.13,-86.97
2026-09-24T06:06:19.724,2436.09,0.0,-73.17,6.22,0.0,Background,indoor_congested,,0.9325,9.56,-77.38
2026-09-24T06:06:20.230,2459.945,0.451,-39.71,51.16,0.8535,Generic,suburban,0.986,0.0161,6.01,-90.54
2026-09-24T06:06:21.763,2408.779,4.635,-19.39,71.48,0.0187,UAV,indoor_congested,0.0266,0.0003,7.8,-78.64
2026-09-24T06:06:22.096,2447.916,2.215,-3.71,87.17,0.0022,UAV,quiet_rural,0.0424,0.0,7.84,-100.5
2026-09-24T06:06:22.122,2461.749,4.389,-11.5,79.38,0.0074,UAV,indoor_congested,0.0335,0.0,8.71,-78.3
2026-09-24T06:06:22.289,2436.826,41.139,-12.76,78.12,0.142,WiFi,suburban,0.4513,0.0068,9.4,-93.39
2026-09-24T06:06:23.690,2453.084,0.492,-42.35,48.53,2.0,Generic,quiet_rural,,0.0292,6.78,-100.68
2026-09-24T06:06:24.175,2417.845,4.84,-20.77,70.11,0.0057,UAV,indoor_congested,0.0216,0.0004,10.06,-79.89
2026-09-24T06:06:24.695,2471.072,0.902,-41.98,48.9,0.9725,Generic,urban,0.808,0.0273,6.18,-84.93
2026-09-24T06:06:24.834,2417.828,1.312,-37.94,52.93,0.7955,Generic,quiet_rural,1.684,0.0114,7.88,-100.44
2026-09-24T06:06:25.392,,,-85.48,0.0,0.0,Background,urban,,0.9507,10.59,-84.65
2026-09-24T06:06:27.321,2402.623,2.051,-30.08,60.8,0.0092,UAV,indoor_congested,0.0423,0.0021,7.77,-78.9
2026-09-24T06:06:28.316,2447.757,4.184,-23.47,67.41,0.0177,UAV,indoor_congested,0.0283,0.0006,8.84,-78.16
2026-09-24T06:06:28.705,2470.268,1.025,-41.98,48.89,2.0,Generic,urban,,0.0274,6.86,-85.44
2026-09-24T06:06:29.322,2409.518,4.02,-30.61,60.26,2.0,UAV,suburban,,0.003,8.1,-91.21
2026-09-24T06:06:29.386,2418.718,1.312,-16.82,74.05,1.98,Generic,quiet_rural,,0.0001,6.2,-99.21
2026-09-24T06:06:30.334,2436.941,21.082,-34.7,56.18,0.2678,WiFi,quiet_rural,0.5037,0.0257,8.8,-99.98
2026-09-24T06:06:31.430,,,-80.18,0.0,0.0,Background,indoor_congested,,0.9399,9.29,-78.48
2026-09-24T06:06:31.487,2402.868,2.133,-4.51,86.37,0.0079,UAV,suburban,0.0399,0.0,6.92,-92.41
2026-09-24T06:06:31.948,,,-88.97,0.0,0.0,Background,suburban,,0.9835,11.17,-91.15
2026-09-24T06:06:32.095,2411.473,21.123,-24.0,66.87,0.1207,WiFi,indoor_congested,0.2118,0.0041,9.86,-76.72
2026-09-24T06:06:33.050,2430.19,0.328,-45.57,45.3,0.8315,Generic,quiet_rural,1.53,0.0587,5.46,-99.29
2026-09-24T06:06:34.965,2436.732,21.041,-40.8,50.07,0.196,WiFi,quiet_rural,0.2716,0.0729,9.75,-100.44
2026-09-24T06:06:36.677,2436.043,21.082,-32.15,58.73,0.1067,WiFi,suburban,0.702,0.0166,9.34,-93.63
2026-09-24T06:06:38.855,2442.725,1.436,-37.54,53.34,0.711,Generic,suburban,0.56,0.0104,7.85,-91.1
2026-09-24T06:06:39.249,2411.633,2.297,-21.71,69.17,0.0051,UAV,indoor_congested,0.0261,0.0003,9.08,-76.24
2026-09-24T06:06:40.417,2423.69,1.312,-45.6,45.28,1.957,Generic,indoor_congested,,0.0618,7.95,-79.12
2026-09-24T06:06:40.810,2412.692,21.082,-34.58,56.3,0.0928,WiFi,indoor_congested,0.392,0.0252,9.74,-76.07
2026-09-24T06:06:41.561,2473.057,1.066,-21.4,69.48,2.0,Generic,suburban,,0.0003,4.56,-92.67
2026-09-24T06:06:43.377,2419.947,1.395,-17.15,73.73,0.942,Generic,indoor_congested,1.412,0.0001,5.81,-78.47
2026-09-24T06:06:43.560,2437.342,21.041,-40.45,50.43,0.2088,WiFi,urban,0.356,0.0687,9.44,-86.05
2026-09-24T06:06:44.594,,,-90.63,0.0,0.0,Background,quiet_rural,,0.9995,9.69,-101.05
2026-09-24T06:06:45.429,2436.441,41.057,-22.9,67.98,0.364,WiFi,indoor_congested,0.569,0.0225,10.56,-77.04
2026-09-24T06:06:48.993,2420.202,4.143,-21.82,69.06,0.0057,UAV,urban,0.0122,0.0004,8.47,-84.0
2026-09-24T06:06:49.377,,,-89.07,0.0,0.0,Background,suburban,,0.9854,9.37,-91.57
2026-09-24T06:06:51.605,2406.266,1.354,-18.4,72.48,0.987,Generic,urban,0.029,0.0001,6.42,-86.27
2026-09-24T06:06:51.904,2449.147,4.717,-4.09,86.78,0.0062,UAV,suburban,0.0131,0.0,10.61,-93.63
2026-09-24T06:06:53.120,2415.551,32.977,-34.46,56.41,0.185,WiFi,suburban,0.6113,0.0538,9.62,-93.02
2026-09-24T06:06:53.476,,,-90.41,0.0,0.0,Background,quiet_rural,,0.9983,9.58,-98.2
2026-09-24T06:06:53.861,2436.97,41.057,-19.41,71.47,0.4027,WiFi,indoor_congested,0.8065,0.0148,9.71,-79.33
2026-09-24T06:06:55.897,,,-90.49,0.0,0.0,Background,quiet_rural,,0.9988,10.66,-98.96
2026-09-24T06:06:56.221,2432.023,0.615,-38.15,52.73,0.8595,Generic,suburban,1.03,0.0114,7.28,-91.79
2026-09-24T06:06:58.204,,,-80.87,0.0,0.0,Background,indoor_congested,,0.9387,10.08,-79.22
2026-09-24T06:06:58.577,2441.82,4.184,-17.24,73.64,0.0187,UAV,quiet_rural,0.0476,0.0002,8.07,-101.95
2026-09-24T06:07:02.085,2457.746,0.0,-74.45,6.09,0.0,Background,indoor_congested,,0.9379,9.53,-78.77
2026-09-24T06:07:02.116,,,-90.59,0.0,0.0,Background,quiet_rural,,0.9993,9.08,-100.36
2026-09-24T06:07:02.783,,,-90.6,0.0,0.0,Background,quiet_rural,,0.9993,9.84,-100.46
2026-09-24T06:07:03.151,2478.122,4.43,-9.41,81.47,0.0083,UAV,suburban,0.0384,0.0,7.95,-90.95
2026-09-24T06:07:04.053,2460.965,0.369,-45.87,45.01,0.797,Generic,quiet_rural,1.887,0.0628,6.07,-99.4
2026-09-24T06:07:04.540,,,-89.51,0.0,0.0,Background,suburban,,0.9905,9.39,-92.95
2026-09-24T06:07:04.945,2461.941,21.0,-41.86,49.02,0.397,WiFi,suburban,0.68,0.0868,10.2,-92.98
2026-09-24T06:07:05.805,2417.005,3.24,-7.0,83.87,0.0066,UAV,quiet_rural,0.0221,0.0,9.04,-99.93
2026-09-24T06:07:07.082,2460.447,4.471,-4.37,86.5,2.0,UAV,indoor_congested,,0.0,8.75,-77.66
2026-09-24T06:07:07.164,2415.805,33.674,-21.98,68.9,0.0529,WiFi,suburban,0.2516,0.01,9.48,-92.92
2026-09-24T06:07:07.325,2461.704,41.057,-36.74,54.14,0.17,WiFi,indoor_congested,0.6615,0.1139,8.84,-77.9
2026-09-24T06:07:09.185,2416.133,0.246,-41.08,49.8,2.0,Generic,quiet_rural,,0.0215,2.69,-100.2
2026-09-24T06:07:09.209,2461.102,21.041,-39.59,51.29,0.0871,WiFi,indoor_congested,0.2108,0.0593,8.9,-78.24
2026-09-24T06:07:10.103,,,-89.26,0.0,0.0,Background,suburban,,0.9871,10.36,-92.09
2026-09-24T06:07:11.358,2423.186,5.086,-12.26,78.62,2.0,UAV,quiet_rural,,0.0001,9.39,-101.96
2026-09-24T06:07:11.729,2480.462,4.512,-4.18,86.7,0.0104,UAV,indoor_congested,0.0234,0.0,7.86,-77.59
2026-09-24T06:07:13.087,2431.824,0.0,-77.8,6.38,0.0,Background,urban,,0.9473,9.13,-83.0
2026-09-24T06:07:14.045,2405.648,1.025,-36.92,53.96,0.975,Generic,urban,1.393,0.0087,5.53,-84.34
2026-09-24T06:07:14.973,2416.076,33.551,-14.48,76.4,2.0,WiFi,suburban,,0.0035,9.61,-93.9
2026-09-24T06:07:15.288,2461.467,41.057,-40.75,50.12,2.0,WiFi,indoor_congested,,0.1821,9.37,-77.94
2026-09-24T06:07:15.818,2471.486,0.0,-74.36,6.42,0.0,Background,indoor_congested,,0.9364,9.14,-79.07
2026-09-24T06:07:18.056,,,-90.61,0.0,0.0,Background,quiet_rural,,0.9994,10.59,-100.61
2026-09-24T06:07:19.613,2408.404,0.0,-71.8,6.25,0.0,Background,indoor_congested,,0.93,10.23,-76.05
2026-09-24T06:07:20.175,2425.308,2.256,-27.73,63.15,0.0114,UAV,quiet_rural,0.0329,0.0013,8.41,-99.06
2026-09-24T06:07:22.657,2468.801,1.6,-16.9,73.98,0.8015,Generic,suburban,1.582,0.0001,6.74,-92.01
2026-09-24T06:07:23.663,2418.241,1.436,-27.46,63.42,0.978,Generic,indoor_congested,1.135,0.0011,6.12,-77.35
2026-09-24T06:07:23.768,2437.721,41.016,-35.61,55.27,0.166,WiFi,suburban,0.5287,0.0998,9.43,-90.28
2026-09-24T06:07:25.828,2441.102,1.312,-37.29,53.59,0.944,Generic,suburban,1.547,0.0098,6.66,-90.31
2026-09-24T06:07:26.207,,,-90.53,0.0,0.0,Background,quiet_rural,,0.999,9.11,-99.42
2026-09-24T06:07:27.437,2460.781,0.0,-72.78,6.47,0.0,Background,indoor_congested,,0.9369,9.91,-77.38
2026-09-24T06:07:28.529,2415.222,32.279,-39.69,51.19,0.09,WiFi,indoor_congested,0.7665,0.1072,9.66,-76.77
2026-09-24T06:07:28.697,2426.529,0.861,-24.9,65.97,0.9225,Generic,quiet_rural,0.683,0.0006,7.69,-99.71
2026-09-24T06:07:28.898,2430.737,1.395,-23.16,67.72,0.87,Generic,indoor_congested,1.012,0.0004,5.89,-76.08
2026-09-24T06:07:29.024,2436.382,41.139,-17.05,73.82,0.2728,WiFi,indoor_congested,0.51,0.0113,8.83,-79.96
2026-09-24T06:07:30.436,2481.697,0.656,-16.69,74.19,0.8235,Generic,quiet_rural,1.351,0.0001,4.22,-99.6
2026-09-24T06:07:32.615,2478.792,1.887,-7.66,83.22,0.0048,UAV,indoor_congested,0.0387,0.0,7.27,-78.83
2026-09-24T06:07:33.477,2471.513,0.451,-32.1,58.78,0.891,Generic,suburban,1.407,0.0028,7.15,-91.2
2026-09-24T06:07:34.077,2445.585,2.871,-11.83,79.04,0.0195,UAV,suburban,0.04,0.0,8.54,-90.04
2026-09-24T06:07:36.129,,,-86.34,0.0,0.0,Background,urban,,0.9597,10.15,-85.87
2026-09-24T06:07:36.979,2427.801,4.635,-6.16,84.72,0.003,UAV,indoor_congested,0.0474,0.0,8.81,-79.61
2026-09-24T06:07:37.339,2436.658,21.041,-36.07,54.81,2.0,WiFi,suburban,,0.0326,8.62,-92.23
2026-09-24T06:07:37.853,2415.344,32.525,-22.81,68.07,0.1196,WiFi,quiet_rural,0.1466,0.0102,9.61,-99.29
2026-09-24T06:07:37.954,2442.989,2.83,-18.99,71.89,0.0047,UAV,quiet_rural,0.0389,0.0002,6.99,-101.53
2026-09-24T06:07:38.814,2456.687,5.045,-12.38,78.5,0.0088,UAV,indoor_congested,0.0377,0.0001,8.48,-78.05
2026-09-24T06:07:39.698,2461.648,41.098,-31.05,59.83,0.0969,WiFi,indoor_congested,0.1666,0.0586,9.98,-76.54
2026-09-24T06:07:40.378,,,-89.78,0.0,0.0,Background,suburban,,0.992,8.74,-93.91
2026-09-24T06:07:41.056,2465.74,1.148,-31.99,58.89,2.0,Generic,indoor_congested,,0.0028,4.91,-78.91
2026-09-24T06:07:42.417,2458.656,4.717,-15.84,75.03,0.0092,UAV,quiet_rural,0.038,0.0001,8.66,-100.7
2026-09-24T06:07:43.869,2429.117,0.0,-75.16,6.3,0.0,Background,indoor_congested,,0.9381,10.15,-79.74
2026-09-24T06:07:44.343,2454.666,0.574,-21.33,69.55,1.819,Generic,quiet_rural,,0.0002,6.22,-98.99
2026-09-24T06:07:47.470,2412.263,2.338,-27.23,63.64,0.0121,UAV,urban,0.044,0.0012,7.68,-86.51
2026-09-24T06:07:48.056,2435.462,1.354,-47.36,43.51,0.925,Generic,urban,0.179,0.0904,5.95,-85.55
2026-09-24T06:07:48.527,2410.332,0.0,-79.15,6.06,0.0,Background,urban,,0.9553,10.03,-84.36
2026-09-24T06:07:49.898,2481.361,1.271,-31.06,59.81,2.0,Generic,indoor_congested,,0.0023,5.46,-77.22
2026-09-24T06:07:50.158,2413.242,4.635,-25.55,65.32,0.0044,UAV,suburban,0.0321,0.001,7.77,-93.85
2026-09-24T06:07:50.601,2432.124,1.477,-34.91,55.97,0.979,Generic,indoor_congested,1.538,0.0058,7.19,-79.7
2026-09-24T06:07:51.458,2460.698,1.559,-26.7,64.18,0.952,Generic,suburban,0.866,0.0009,7.14,-91.86
2026-09-24T06:07:51.591,,,-89.38,0.0,0.0,Background,suburban,,0.9885,9.27,-92.32
2026-09-24T06:07:52.409,2461.643,41.057,-38.1,52.78,0.0897,WiFi,indoor_congested,0.5807,0.1338,9.82,-78.48
2026-09-24T06:07:52.610,2412.95,1.354,-38.53,52.35,0.9755,Generic,urban,0.086,0.013,6.5,-83.36
2026-09-24T06:07:52.953,2411.839,3.568,-5.59,85.29,0.0125,UAV,quiet_rural,0.0422,0.0,9.07,-98.87
2026-09-24T06:07:54.035,2474.082,0.984,-18.53,72.35,2.0,Generic,urban,,0.0001,4.66,-84.79
2026-09-24T06:07:54.144,2437.854,0.0,-73.83,6.15,0.0,Background,indoor_congested,,0.936,9.93,-78.09
2026-09-24T06:07:55.143,,,-90.52,0.0,0.0,Background,quiet_rural,,0.9989,9.53,-99.25
2026-09-24T06:07:56.050,2462.493,21.164,-14.71,76.17,0.2538,WiFi,suburban,0.3658,0.0008,9.11,-93.43
2026-09-24T06:07:58.324,2416.419,5.209,-8.22,82.66,0.0109,UAV,indoor_congested,0.0209,0.0,8.38,-77.17
2026-09-24T06:07:58.543,2415.968,33.715,-19.83,71.04,0.3195,WiFi,suburban,0.6543,0.0075,9.4,-92.78
2026-09-24T06:07:58.591,,,-90.65,0.0,0.0,Background,quiet_rural,,0.9995,9.97,-101.34
2026-09-24T06:07:59.113,2441.181,4.881,-3.3,87.58,0.0096,UAV,urban,0.0303,0.0,9.31,-84.78
2026-09-24T06:08:00.188,2461.24,21.082,-20.95,69.93,0.303,WiFi,quiet_rural,0.6805,0.0024,11.48,-100.38
2026-09-24T06:08:00.229,2412.207,21.0,-37.05,53.82,0.1955,WiFi,quiet_rural,0.2114,0.0384,9.63,-99.57
2026-09-24T06:08:00.330,2437.743,41.139,-14.79,76.09,0.1487,WiFi,indoor_congested,0.5853,0.0087,10.64,-78.48
2026-09-24T06:08:00.576,,,-85.73,0.0,0.0,Background,urban,,0.9538,9.36,-85.07
2026-09-24T06:08:00.605,2447.222,2.338,-22.9,67.98,0.0188,UAV,quiet_rural,0.0357,0.0004,8.46,-99.05
2026-09-24T06:08:02.114,2419.725,0.0,-72.28,6.09,0.0,Background,indoor_congested,,0.9333,9.99,-76.43
2026-09-24T06:08:02.878,,,-90.61,0.0,0.0,Background,quiet_rural,,0.9993,10.2,-100.58
2026-09-24T06:08:02.969,,,-86.24,0.0,0.0,Background,urban,,0.9591,10.03,-85.81
2026-09-24T06:08:03.103,2416.806,2.83,-28.93,61.95,0.0108,UAV,urban,0.0133,0.0018,8.42,-83.44
2026-09-24T06:08:04.884,2463.713,0.574,-32.93,57.95,0.5417,Generic,quiet_rural,0.9935,0.0035,6.04,-98.35
2026-09-24T06:08:06.520,2437.578,41.057,-37.27,53.61,0.174,WiFi,urban,0.4467,0.1214,9.22,-86.57
2026-09-24T06:08:06.788,,,-89.66,0.0,0.0,Background,suburban,,0.992,10.86,-93.56
2026-09-24T06:08:07.035,2474.428,0.369,-40.91,49.97,0.88,Generic,suburban,1.412,0.021,4.53,-92.42
2026-09-24T06:08:07.583,2403.523,0.0,-73.63,6.33,0.0,Background,indoor_congested,,0.9322,9.57,-78.04
2026-09-24T06:08:08.739,,,-89.39,0.0,0.0,Background,suburban,,0.9893,8.99,-92.7
2026-09-24T06:08:08.874,2475.314,4.553,-20.49,70.39,0.004,UAV,indoor_congested,0.0143,0.0003,9.27,-77.99
2026-09-24T06:08:09.140,2415.18,31.869,-30.36,60.51,2.0,WiFi,quiet_rural,,0.0281,9.6,-98.93
2026-09-24T06:08:13.268,2413.418,0.779,-39.48,51.39,1.677,Generic,quiet_rural,,0.0157,5.1,-98.96
2026-09-24T06:08:13.983,2436.288,21.123,-21.25,69.63,2.0,WiFi,suburban,,0.0026,9.43,-91.33
2026-09-24T06:08:14.097,,,-89.51,0.0,0.0,Background,suburban,,0.9907,10.04,-93.08
2026-09-24T06:08:14.692,2412.921,0.246,-40.54,50.34,0.784,Generic,quiet_rural,1.364,0.0191,3.76,-100.9
2026-09-24T06:08:15.136,,,-89.54,0.0,0.0,Background,suburban,,0.9909,9.88,-93.11
2026-09-24T06:08:15.445,2453.167,2.625,-23.74,67.14,0.0071,UAV,quiet_rural,0.024,0.0006,9.06,-99.96
2026-09-24T06:08:15.896,2454.82,0.533,-38.44,52.44,0.5733,Generic,quiet_rural,0.796,0.0121,5.99,-101.27
2026-09-24T06:08:16.218,2425.804,0.82,-46.25,44.63,0.862,Generic,urban,0.377,0.0686,6.55,-83.21
2026-09-24T06:08:16.308,2448.879,3.732,-25.26,65.62,0.0069,UAV,urban,0.0333,0.0009,8.27,-84.03
2026-09-24T06:08:19.069,,,-90.68,0.0,0.0,Background,quiet_rural,,0.9996,9.61,-101.84
2026-09-24T06:08:19.542,,,-89.56,0.0,0.0,Background,suburban,,0.9905,10.02,-93.23
2026-09-24T06:08:20.174,,,-90.67,0.0,0.0,Background,quiet_rural,,0.9996,10.23,-101.7
2026-09-24T06:08:20.689,,,-86.24,0.0,0.0,Background,urban,,0.9584,9.69,-85.79
2026-09-24T06:08:22.186,2411.399,0.902,-25.69,65.19,0.7775,Generic,suburban,0.496,0.0007,5.97,-91.87
2026-09-24T06:08:22.746,2437.609,4.307,-4.8,86.08,0.0032,UAV,urban,0.0268,0.0,8.21,-83.42
2026-09-24T06:08:22.915,2437.232,21.082,-33.57,57.31,2.0,WiFi,quiet_rural,,0.0212,9.68,-101.33
2026-09-24T06:08:23.311,2444.375,3.363,-29.72,61.15,0.0099,UAV,indoor_congested,0.0304,0.0023,7.99,-78.02
2026-09-24T06:08:23.872,2411.139,21.082,-24.52,66.36,0.054,WiFi,urban,0.936,0.0045,9.45,-86.17
2026-09-24T06:08:24.071,,,-86.21,0.0,0.0,Background,urban,,0.9583,9.47,-85.79
2026-09-24T06:08:26.167,2404.723,0.82,-45.68,45.2,0.6173,Generic,urban,0.982,0.0609,6.99,-84.79
2026-09-24T06:08:26.968,2412.121,21.164,-12.56,78.31,0.1272,WiFi,urban,0.1913,0.0006,10.95,-83.51
2026-09-24T06:08:29.310,,,-86.25,0.0,0.0,Background,urban,,0.9575,10.48,-85.7
2026-09-24T06:08:29.508,2434.438,3.732,-22.34,68.54,0.0031,UAV,urban,0.0426,0.0005,8.63,-84.11
2026-09-24T06:08:30.603,2444.76,1.559,-23.33,67.54,2.0,Generic,urban,,0.0004,6.92,-86.29
2026-09-24T06:08:31.923,2437.835,21.164,-17.71,73.17,0.1492,WiFi,indoor_congested,0.3418,0.0014,10.08,-76.22
2026-09-24T06:08:32.086,2420.375,4.184,-20.87,70.01,2.0,UAV,indoor_congested,,0.0004,9.71,-79.38
2026-09-24T06:08:32.487,2460.448,0.697,-46.14,44.74,2.0,Generic,suburban,,0.0682,7.23,-93.24
2026-09-24T06:08:33.525,2407.744,2.543,-4.7,86.18,2.0,UAV,suburban,,0.0,8.41,-93.72
2026-09-24T06:08:33.754,2432.065,1.723,-7.31,83.57,0.0157,UAV,quiet_rural,0.0358,0.0,7.58,-99.59
2026-09-24T06:08:35.118,2476.604,3.855,-8.24,82.64,0.002,UAV,quiet_rural,0.0417,0.0,8.76,-100.93
2026-09-24T06:08:35.641,,,-90.63,0.0,0.0,Background,quiet_rural,,0.9995,9.72,-101.19
2026-09-24T06:08:35.659,2436.78,21.041,-34.83,56.05,0.2461,WiFi,indoor_congested,0.31,0.0263,8.97,-76.74
2026-09-24T06:08:35.940,,,-90.66,0.0,0.0,Background,quiet_rural,,0.9996,10.22,-101.59
2026-09-24T06:08:36.863,2415.058,31.828,-31.59,59.29,0.2043,WiFi,indoor_congested,0.358,0.0332,9.11,-79.43
2026-09-24T06:08:38.882,2415.231,32.238,-32.39,58.49,2.0,WiFi,quiet_rural,,0.0383,10.0,-100.03
2026-09-24T06:08:39.169,2415.247,32.648,-25.02,65.86,2.0,WiFi,quiet_rural,,0.014,10.31,-99.58
2026-09-24T06:08:39.233,2410.151,4.963,-12.11,78.77,0.0189,UAV,urban,0.0424,0.0001,8.22,-85.61
2026-09-24T06:08:39.754,2412.68,21.082,-32.7,58.18,0.2257,WiFi,quiet_rural,0.7495,0.0182,8.39,-98.55
2026-09-24T06:08:40.200,,,-90.66,0.0,0.0,Background,quiet_rural,,0.9996,9.43,-101.55
2026-09-24T06:08:43.085,2411.381,1.395,-36.32,54.56,0.8765,Generic,urban,1.318,0.0079,6.07,-86.42
2026-09-24T06:08:43.700,2476.111,0.943,-30.96,59.92,2.0,Generic,urban,,0.0023,7.11,-86.45
2026-09-24T06:08:43.713,2462.461,21.082,-21.2,69.67,2.0,WiFi,suburban,,0.0025,9.75,-92.46
2026-09-24T06:08:44.207,2415.261,31.91,-32.25,58.63,0.3953,WiFi,indoor_congested,0.745,0.0366,9.8,-76.17
2026-09-24T06:08:44.228,2467.833,1.764,-27.86,63.01,0.0191,UAV,indoor_congested,0.0379,0.0012,8.32,-79.03
2026-09-24T06:08:45.195,2425.057,0.0,-73.8,6.44,0.0,Background,indoor_congested,,0.9364,10.06,-78.51
2026-09-24T06:08:45.916,,,-90.57,0.0,0.0,Background,quiet_rural,,0.9992,9.75,-100.09
2026-09-24T06:08:46.280,,,-89.69,0.0,0.0,Background,suburban,,0.9926,9.32,-93.88
2026-09-24T06:08:46.879,2402.926,4.553,-19.53,71.35,0.0157,UAV,quiet_rural,0.0287,0.0003,10.76,-101.02
2026-09-24T06:08:47.702,2437.192,1.066,-47.33,43.55,2.0,Generic,urban,,0.0886,7.35,-85.12
2026-09-24T06:08:47.711,,,-89.28,0.0,0.0,Background,suburban,,0.9876,9.4,-91.99
2026-09-24T06:08:47.847,2437.19,41.139,-14.65,76.23,0.2163,WiFi,indoor_congested,0.7385,0.0085,10.2,-77.28
2026-09-24T06:08:50.898,,,-90.57,0.0,0.0,Background,quiet_rural,,0.9991,9.26,-99.91
2026-09-24T06:08:51.307,,,-88.94,0.0,0.0,Background,suburban,,0.9826,10.15,-91.03
2026-09-24T06:08:52.712,2412.573,21.164,-17.76,73.12,0.2202,WiFi,quiet_rural,0.333,0.0014,9.31,-101.12
2026-09-24T06:08:53.039,2435.56,0.451,-43.58,47.3,0.909,Generic,suburban,0.591,0.0383,6.96,-93.78
2026-09-24T06:08:53.663,,,-89.49,0.0,0.0,Background,suburban,,0.9901,10.9,-92.87
2026-09-24T06:08:53.734,2402.824,4.758,-26.45,64.43,0.0056,UAV,quiet_rural,0.0472,0.0013,8.07,-101.15
2026-09-24T06:08:54.983,,,-90.55,0.0,0.0,Background,quiet_rural,,0.999,9.62,-99.75
2026-09-24T06:08:55.062,,,-90.67,0.0,0.0,Background,quiet_rural,,0.9996,10.31,-101.81
2026-09-24T06:08:55.173,2437.578,41.057,-27.21,63.67,0.1594,WiFi,urban,0.4115,0.0373,10.09,-86.97
2026-09-24T06:08:56.987,,,-90.62,0.0,0.0,Background,quiet_rural,,0.9994,10.21,-100.67
2026-09-24T06:08:58.181,,,-90.57,0.0,0.0,Background,quiet_rural,,0.9992,9.12,-99.99
2026-09-24T06:08:58.259,2436.913,21.082,-33.63,57.25,0.1182,WiFi,quiet_rural,0.5167,0.0215,10.12,-99.65
2026-09-24T06:08:59.577,,,-88.68,0.0,0.0,Background,suburban,,0.9819,10.28,-90.46
2026-09-24T06:08:59.911,2414.89,5.045,-16.63,74.25,0.0151,UAV,suburban,0.0361,0.0002,9.86,-90.92
2026-09-24T06:09:00.269,,,-89.43,0.0,0.0,Background,suburban,,0.9889,9.3,-92.64
2026-09-24T06:09:00.938,2462.441,41.098,-34.84,56.04,0.3823,WiFi,indoor_congested,0.646,0.0916,9.62,-79.84
2026-09-24T06:09:01.491,2403.204,4.266,-22.9,67.98,0.0176,UAV,indoor_congested,0.0419,0.0006,7.97,-79.61
2026-09-24T06:09:02.673,2414.147,1.189,-35.96,54.92,2.0,Generic,indoor_congested,,0.007,5.69,-78.75
2026-09-24T06:09:02.706,2437.653,41.098,-22.73,68.15,0.1024,WiFi,urban,0.2116,0.0221,8.95,-83.06
2026-09-24T06:09:03.080,2470.227,4.758,-28.26,62.62,0.0086,UAV,urban,0.0438,0.0019,8.08,-85.4
2026-09-24T06:09:03.305,2472.336,1.395,-28.36,62.52,0.839,Generic,indoor_congested,0.615,0.0013,6.92,-77.98
2026-09-24T06:09:04.190,2410.321,2.953,-14.95,75.92,0.0171,UAV,quiet_rural,0.0188,0.0001,9.49,-101.38
2026-09-24T06:09:05.013,,,-85.86,0.0,0.0,Background,urban,,0.9582,9.93,-85.14
2026-09-24T06:09:05.066,2416.288,2.092,-3.09,87.78,0.0091,UAV,indoor_congested,0.0273,0.0,7.42,-79.56
2026-09-24T06:09:05.574,2458.241,1.066,-38.38,52.5,2.0,Generic,urban,,0.0123,6.25,-83.01
2026-09-24T06:09:05.599,,,-89.41,0.0,0.0,Background,suburban,,0.9903,9.08,-92.72
2026-09-24T06:09:06.039,2437.545,41.057,-35.65,55.22,2.0,WiFi,indoor_congested,,0.1001,9.26,-79.75
2026-09-24T06:09:06.634,2414.908,32.074,-31.09,59.79,0.184,WiFi,urban,0.741,0.0314,9.94,-84.46
2026-09-24T06:09:08.911,2406.277,4.717,-19.19,71.68,0.0192,UAV,urban,0.0218,0.0003,8.85,-86.26
2026-09-24T06:09:08.919,2456.825,2.215,-11.24,79.64,0.0084,UAV,indoor_congested,0.0377,0.0,8.23,-78.1
2026-09-24T06:09:09.987,2451.223,1.271,-18.36,72.52,0.765,Generic,suburban,1.066,0.0001,8.36,-93.69
2026-09-24T06:09:10.231,2473.307,4.922,-17.05,73.83,0.0077,UAV,urban,0.0417,0.0002,7.9,-86.94
2026-09-24T06:09:11.326,2477.042,4.717,-13.08,77.8,0.0135,UAV,quiet_rural,0.0331,0.0001,8.65,-98.05
2026-09-24T06:09:13.809,2462.508,41.016,-35.73,55.14,0.127,WiFi,suburban,0.272,0.1015,9.73,-92.32
2026-09-24T06:09:14.296,2474.093,1.354,-20.67,70.2,0.4333,Generic,urban,0.956,0.0002,6.76,-83.74
2026-09-24T06:09:15.705,2479.566,0.0,-74.34,6.1,0.0,Background,indoor_congested,,0.9344,9.68,-78.59
2026-09-24T06:09:16.864,2415.664,0.0,-73.42,6.35,0.0,Background,indoor_congested,,0.9361,9.87,-77.91
2026-09-24T06:09:17.726,2436.75,21.082,-25.75,65.12,0.1235,WiFi,quiet_rural,0.4923,0.0055,9.42,-98.29
2026-09-24T06:09:18.695,2416.279,0.0,-73.0,6.37,0.0,Background,indoor_congested,,0.9365,10.78,-77.46
2026-09-24T06:09:19.809,2409.468,1.395,-28.16,62.72,2.0,Generic,quiet_rural,,0.0012,6.36,-98.02
2026-09-24T06:09:20.451,2462.164,21.082,-22.23,68.64,2.0,WiFi,quiet_rural,,0.003,9.34,-99.47
2026-09-24T06:09:20.958,,,-90.64,0.0,0.0,Background,quiet_rural,,0.9995,9.45,-101.22
2026-09-24T06:09:22.652,2437.176,41.016,-41.96,48.92,0.2064,WiFi,quiet_rural,0.2873,0.2083,9.59,-100.6
2026-09-24T06:09:23.027,2437.257,21.164,-15.32,75.56,2.0,WiFi,urban,,0.0009,9.08,-85.77
2026-09-24T06:09:24.438,2481.931,1.066,-17.62,73.26,0.952,Generic,urban,1.754,0.0001,5.16,-85.66
2026-09-24T06:09:25.247,2434.49,0.0,-74.47,6.83,0.0,Background,indoor_congested,,0.9352,9.02,-79.48
2026-09-24T06:09:25.935,2437.206,41.016,-35.27,55.61,2.0,WiFi,suburban,,0.0954,10.65,-92.39
2026-09-24T06:09:26.395,2422.22,1.354,-18.55,72.32,2.0,Generic,indoor_congested,,0.0001,7.27,-76.63
2026-09-24T06:09:27.379,,,-89.75,0.0,0.0,Background,suburban,,0.9918,10.08,-93.89
2026-09-24T06:09:28.224,2404.099,4.389,-2.53,88.34,0.0133,UAV,quiet_rural,0.041,0.0,8.59,-99.71
2026-09-24T06:09:28.482,2421.005,1.477,-23.93,66.94,0.8075,Generic,suburban,1.202,0.0005,7.66,-92.81
2026-09-24T06:09:28.747,2448.216,0.41,-32.95,57.93,2.0,Generic,suburban,,0.0034,5.67,-91.49
2026-09-24T06:09:29.293,,,-89.65,0.0,0.0,Background,suburban,,0.9919,9.6,-93.63
2026-09-24T06:09:29.479,2437.443,0.0,-78.1,6.41,0.0,Background,urban,,0.9496,10.41,-83.35
2026-09-24T06:09:29.497,,,-90.57,0.0,0.0,Background,quiet_rural,,0.9991,10.31,-100.04
2026-09-24T06:09:29.655,2461.318,41.098,-30.91,59.97,0.191,WiFi,quiet_rural,0.918,0.0573,9.64,-100.05
2026-09-24T06:09:33.881,2454.401,4.061,-6.59,84.29,0.0041,UAV,quiet_rural,0.0237,0.0,9.6,-98.39
2026-09-24T06:09:34.013,2460.985,4.84,-26.36,64.52,0.0025,UAV,quiet_rural,0.0109,0.0013,8.37,-101.37
2026-09-24T06:09:34.539,2427.69,0.656,-24.84,66.04,0.765,Generic,urban,1.713,0.0006,6.76,-86.54
2026-09-24T06:09:34.710,2445.858,2.707,-9.55,81.33,0.0109,UAV,quiet_rural,0.0305,0.0,6.95,-100.61
2026-09-24T06:09:34.855,2459.474,1.189,-43.86,47.02,0.802,Generic,suburban,1.972,0.0426,9.22,-93.21
2026-09-24T06:09:35.603,2472.938,1.312,-24.47,66.41,0.796,Generic,suburban,1.267,0.0005,6.37,-90.18
2026-09-24T06:09:36.025,2436.631,21.082,-28.74,62.14,0.3253,WiFi,indoor_congested,0.841,0.0092,9.87,-79.2
2026-09-24T06:09:36.122,,,-85.94,0.0,0.0,Background,urban,,0.9573,10.14,-85.41
2026-09-24T06:09:36.130,2420.983,0.451,-36.95,53.93,0.9635,Generic,urban,1.246,0.0087,6.71,-85.28
2026-09-24T06:09:36.321,2447.242,0.533,-40.15,50.72,0.9835,Generic,quiet_rural,1.353,0.0179,6.22,-99.13
2026-09-24T06:09:36.581,,,-89.65,0.0,0.0,Background,suburban,,0.9917,9.86,-93.59
2026-09-24T06:09:37.126,2453.389,4.061,-19.25,71.63,0.0166,UAV,quiet_rural,0.0179,0.0002,8.86,-99.7
2026-09-24T06:09:37.395,2436.434,40.975,-37.07,53.81,0.1642,WiFi,quiet_rural,0.4445,0.1184,9.59,-98.04
2026-09-24T06:09:38.223,2469.601,1.312,-19.91,70.96,2.0,Generic,quiet_rural,,0.0002,7.06,-98.35
2026-09-24T06:09:39.415,2468.031,3.035,-23.19,67.69,0.0077,UAV,quiet_rural,0.0238,0.0005,9.05,-100.12
2026-09-24T06:09:39.814,2427.928,0.0,-72.06,7.43,0.0,Background,indoor_congested,,0.9301,10.78,-77.55
2026-09-24T06:09:41.211,2453.009,4.963,-6.81,84.06,2.0,UAV,indoor_congested,,0.0,8.87,-78.03
2026-09-24T06:09:41.579,2427.663,4.102,-19.03,71.85,0.0051,UAV,suburban,0.0176,0.0002,7.73,-93.58
2026-09-24T06:09:41.899,2422.163,0.943,-43.66,47.22,2.0,Generic,quiet_rural,,0.0403,5.39,-98.26
2026-09-24T06:09:43.649,2415.559,2.051,-18.33,72.55,0.0043,UAV,indoor_congested,0.0445,0.0002,7.93,-78.92
2026-09-24T06:09:44.531,2413.613,0.0,-72.67,6.75,0.0,Background,indoor_congested,,0.9355,9.73,-77.45
2026-09-24T06:09:44.812,2454.639,5.045,-22.45,68.42,0.015,UAV,suburban,0.019,0.0006,8.9,-91.69
2026-09-24T06:09:45.358,2420.753,1.354,-21.8,69.07,2.0,Generic,quiet_rural,,0.0003,7.58,-100.59
2026-09-24T06:09:45.958,2419.261,4.43,-26.53,64.35,0.0039,UAV,suburban,0.0183,0.0013,7.9,-93.95
2026-09-24T06:09:46.320,2438.012,0.574,-32.1,58.77,1.656,Generic,urban,,0.0029,5.18,-83.96
2026-09-24T06:09:46.896,2418.084,0.0,-71.52,7.0,0.0,Background,indoor_congested,,0.9315,9.13,-76.53
2026-09-24T06:09:47.157,,,-80.92,0.0,0.0,Background,indoor_congested,,0.9396,9.12,-79.25
2026-09-24T06:09:47.651,2462.229,21.082,-28.49,62.39,0.09,WiFi,suburban,0.1989,0.0089,9.96,-91.25
2026-09-24T06:09:47.781,2454.674,3.199,-23.82,67.06,2.0,UAV,urban,,0.0006,9.34,-86.89
2026-09-24T06:09:47.825,2475.998,0.0,-73.75,6.04,0.0,Background,indoor_congested,,0.9362,9.67,-77.97
2026-09-24T06:09:48.083,2432.178,1.436,-40.97,49.91,0.9525,Generic,urban,1.064,0.0226,6.27,-85.52
2026-09-24T06:09:48.768,2410.71,1.764,-24.63,66.24,0.004,UAV,indoor_congested,0.0146,0.0006,6.12,-77.93
2026-09-24T06:09:49.828,2410.019,2.42,-13.23,77.65,0.0148,UAV,suburban,0.0256,0.0001,7.17,-93.74
2026-09-24T06:09:49.991,2417.589,1.395,-26.23,64.65,0.928,Generic,urban,1.823,0.0008,9.53,-85.02
2026-09-24T06:09:50.477,2457.055,1.189,-26.56,64.31,2.0,Generic,indoor_congested,,0.0008,4.7,-77.04
2026-09-24T06:09:50.485,2402.706,1.559,-20.39,70.49,0.9575,Generic,quiet_rural,0.671,0.0002,7.61,-99.34
2026-09-24T06:09:54.203,2448.437,3.281,-24.59,66.29,0.004,UAV,urban,0.0428,0.0007,7.92,-83.12
2026-09-24T06:09:54.349,,,-89.17,0.0,0.0,Background,suburban,,0.9873,10.75,-91.9
2026-09-24T06:09:55.220,2410.0,4.43,-22.04,68.84,0.0108,UAV,suburban,0.024,0.0005,7.51,-90.9
2026-09-24T06:09:57.080,2403.074,2.871,-10.58,80.3,0.018,UAV,urban,0.041,0.0,8.43,-85.54
2026-09-24T06:09:58.006,2405.164,0.0,-75.14,6.15,0.0,Background,indoor_congested,,0.9392,9.67,-79.55
2026-09-24T06:09:58.958,2434.563,2.543,-2.39,88.49,0.0084,UAV,quiet_rural,0.0112,0.0,7.71,-101.41
2026-09-24T06:10:00.794,2460.692,41.098,-23.1,67.77,0.4845,WiFi,indoor_congested,0.89,0.023,9.75,-78.56
2026-09-24T06:10:03.118,2415.278,1.477,-36.46,54.42,0.9175,Generic,indoor_congested,1.919,0.0083,6.97,-76.05
2026-09-24T06:10:04.377,2415.54,32.977,-18.02,72.86,0.0747,WiFi,urban,0.816,0.0054,9.33,-85.76
2026-09-24T06:10:05.250,2412.104,21.082,-28.31,62.56,0.118,WiFi,urban,0.97,0.0086,9.46,-85.85
2026-09-24T06:10:05.786,2407.133,2.666,-18.62,72.26,0.0058,UAV,urban,0.0429,0.0002,7.12,-85.05
2026-09-24T06:10:06.662,2454.52,1.559,-24.78,66.1,0.0083,UAV,quiet_rural,0.0213,0.0006,8.22,-100.28
2026-09-24T06:10:07.661,,,-88.56,0.0,0.0,Background,suburban,,0.9798,10.15,-90.19
2026-09-24T06:10:08.997,2448.706,0.287,-40.07,50.8,0.882,Generic,suburban,1.306,0.0173,5.94,-90.02
2026-09-24T06:10:11.723,2446.508,0.0,-73.65,6.37,0.0,Background,indoor_congested,,0.9384,10.23,-78.31
2026-09-24T06:10:13.746,,,-90.45,0.0,0.0,Background,quiet_rural,,0.9984,9.1,-98.43
2026-09-24T06:10:14.177,2472.379,1.312,-42.86,48.02,1.962,Generic,urban,,0.0341,8.12,-86.31
2026-09-24T06:10:14.296,2415.131,32.402,-26.73,64.15,0.219,WiFi,suburban,0.888,0.0173,9.07,-92.8
2026-09-24T06:10:14.791,2442.023,4.02,-21.46,69.42,0.0084,UAV,indoor_congested,0.0287,0.0004,9.25,-77.22
2026-09-24T06:10:14.900,2462.578,1.025,-38.31,52.57,0.939,Generic,quiet_rural,1.369,0.0122,7.69,-98.17
2026-09-24T06:10:14.970,2436.3,21.082,-28.43,62.45,0.3473,WiFi,urban,0.566,0.0087,9.93,-86.79
2026-09-24T06:10:15.021,2428.175,0.82,-37.86,53.02,2.0,Generic,urban,,0.0106,5.35,-83.68
2026-09-24T06:10:15.155,2442.97,3.814,-3.17,87.71,0.0045,UAV,quiet_rural,0.0458,0.0,8.95,-99.19
2026-09-24T06:10:16.851,2476.383,4.512,-13.49,77.38,0.0056,UAV,urban,0.0127,0.0001,8.67,-84.12
2026-09-24T06:10:17.380,2410.226,1.682,-16.41,74.47,0.009,UAV,quiet_rural,0.047,0.0001,7.79,-101.01
2026-09-24T06:10:17.833,2445.553,1.395,-27.1,63.78,0.785,Generic,suburban,1.837,0.001,7.31,-90.72
2026-09-24T06:10:18.106,2462.402,21.082,-26.96,63.92,2.0,WiFi,quiet_rural,,0.0068,9.5,-101.26
2026-09-24T06:10:18.548,2441.21,3.979,-20.52,70.36,2.0,UAV,quiet_rural,,0.0003,9.24,-98.16
2026-09-24T06:10:19.019,2432.744,0.697,-46.07,44.81,0.837,Generic,quiet_rural,0.62,0.067,7.06,-100.87
2026-09-24T06:10:19.578,2439.22,4.143,-23.95,66.92,0.0195,UAV,urban,0.0243,0.0007,7.96,-83.15
2026-09-24T06:10:20.071,2442.819,0.697,-42.41,48.47,0.836,Generic,urban,1.498,0.0297,5.83,-83.39
2026-09-24T06:10:21.221,,,-89.47,0.0,0.0,Background,suburban,,0.9901,8.89,-92.89
2026-09-24T06:10:23.319,2415.936,33.633,-31.58,59.3,0.263,WiFi,urban,0.693,0.0376,9.43,-83.31
2026-09-24T06:10:24.848,2427.752,4.963,-21.79,69.08,0.0131,UAV,urban,0.0261,0.0005,8.42,-86.48
2026-09-24T06:10:26.118,2461.509,41.057,-32.45,58.43,0.1543,WiFi,suburban,0.7945,0.0688,9.26,-93.07
2026-09-24T06:10:26.215,2416.051,33.264,-20.36,70.51,2.0,WiFi,quiet_rural,,0.0078,10.09,-98.4
2026-09-24T06:10:26.330,2452.453,0.246,-41.61,49.27,0.973,Generic,quiet_rural,1.405,0.0243,5.86,-100.23
2026-09-24T06:10:27.578,2436.716,41.016,-35.4,55.48,0.3146,WiFi,suburban,0.426,0.0975,10.23,-93.22
2026-09-24T06:10:27.998,2455.487,0.615,-22.95,67.93,2.0,Generic,quiet_rural,,0.0004,7.05,-99.67
2026-09-24T06:10:29.404,2479.055,1.312,-31.36,59.51,2.0,Generic,quiet_rural,,0.0026,6.38,-100.64
2026-09-24T06:10:30.078,2470.535,1.395,-34.18,56.69,0.844,Generic,urban,0.619,0.0049,8.22,-85.57
2026-09-24T06:10:30.361,,,-88.84,0.0,0.0,Background,suburban,,0.983,10.02,-90.87
2026-09-24T06:10:30.757,2406.049,3.486,-31.23,59.65,0.0167,UAV,quiet_rural,0.0216,0.0032,9.26,-100.01
2026-09-24T06:10:31.312,2479.909,0.41,-29.46,61.41,1.665,Generic,urban,,0.0016,4.18,-86.73
2026-09-24T06:10:31.338,2445.409,4.799,-14.59,76.29,0.0185,UAV,indoor_congested,0.0494,0.0001,8.59,-77.53
2026-09-24T06:10:32.209,2437.663,21.041,-37.91,52.96,0.296,WiFi,indoor_congested,0.7605,0.0446,8.25,-78.96
2026-09-24T06:10:34.329,2412.626,21.082,-31.93,58.94,0.082,WiFi,quiet_rural,0.4747,0.016,10.26,-101.06
2026-09-24T06:10:34.618,2423.548,1.641,-31.07,59.81,0.0112,UAV,indoor_congested,0.036,0.0025,6.97,-76.21
2026-09-24T06:10:35.689,2464.017,1.436,-30.93,59.95,0.6585,Generic,suburban,0.526,0.0023,6.86,-93.91
2026-09-24T06:10:36.850,2452.25,0.0,-75.33,6.15,0.0,Background,indoor_congested,,0.9374,8.93,-79.79
2026-09-24T06:10:37.022,2437.065,21.041,-29.12,61.76,0.313,WiFi,suburban,0.8035,0.0098,9.71,-92.28
2026-09-24T06:10:37.694,2411.527,21.041,-35.39,55.48,0.262,WiFi,indoor_congested,0.8995,0.029,9.44,-76.33
2026-09-24T06:10:37.924,,,-90.46,0.0,0.0,Background,quiet_rural,,0.9985,10.0,-98.51
2026-09-24T06:10:38.201,2415.722,0.287,-36.1,54.78,0.836,Generic,quiet_rural,1.387,0.007,5.27,-101.69
2026-09-24T06:10:38.554,2412.155,21.041,-34.63,56.24,0.2757,WiFi,indoor_congested,0.5453,0.0255,9.16,-78.09
2026-09-24T06:10:39.178,2437.803,41.098,-16.15,74.73,0.16,WiFi,suburban,0.904,0.0101,9.65,-92.23
2026-09-24T06:10:42.159,2473.652,4.143,-13.48,77.4,0.007,UAV,quiet_rural,0.0181,0.0001,8.75,-101.78
2026-09-24T06:10:42.624,2461.344,41.098,-20.44,70.44,2.0,WiFi,suburban,,0.0168,9.16,-92.78
2026-09-24T06:10:42.673,2403.676,4.512,-23.92,66.96,0.0126,UAV,indoor_congested,0.022,0.0007,7.85,-76.19
2026-09-24T06:10:44.262,2401.432,0.0,-73.31,6.41,0.0,Background,indoor_congested,,0.9385,8.96,-78.02
2026-09-24T06:10:45.414,2431.927,1.395,-30.78,60.1,1.829,Generic,indoor_congested,,0.0022,6.4,-78.22
2026-09-24T06:10:45.436,2428.405,1.066,-39.01,51.87,2.0,Generic,quiet_rural,,0.0144,7.01,-98.36
2026-09-24T06:10:47.592,2464.254,4.963,-9.56,81.32,0.0164,UAV,indoor_congested,0.0321,0.0,8.96,-76.54
2026-09-24T06:10:47.705,2461.787,41.057,-37.23,53.65,0.221,WiFi,urban,0.771,0.1202,9.09,-83.57
2026-09-24T06:10:47.737,2423.375,1.518,-23.51,67.36,0.926,Generic,quiet_rural,1.664,0.0004,8.23,-100.88
2026-09-24T06:10:48.598,,,-86.0,0.0,0.0,Background,urban,,0.9586,9.61,-85.55
2026-09-24T06:10:49.270,,,-90.66,0.0,0.0,Background,quiet_rural,,0.9996,10.06,-101.5
2026-09-24T06:10:50.758,2411.936,21.082,-29.13,61.75,0.26,WiFi,urban,0.97,0.0099,8.84,-83.66
2026-09-24T06:10:50.997,2407.498,1.518,-30.45,60.43,1.647,Generic,suburban,,0.0021,6.79,-92.37
2026-09-24T06:10:51.028,2436.215,21.041,-37.87,53.01,2.0,WiFi,urban,,0.0443,10.16,-85.96
2026-09-24T06:10:51.936,2459.468,1.066,-25.06,65.82,0.935,Generic,indoor_congested,0.964,0.0006,3.22,-77.68
2026-09-24T06:10:52.118,2420.12,0.41,-31.68,59.2,0.972,Generic,urban,1.14,0.0026,4.73,-84.84
2026-09-24T06:10:52.476,2456.132,1.805,-18.96,71.92,0.007,UAV,urban,0.011,0.0002,7.28,-83.68
2026-09-24T06:10:52.606,2431.665,4.922,-23.25,67.63,0.0026,UAV,indoor_congested,0.0247,0.0007,9.0,-76.41
2026-09-24T06:10:54.856,2418.8,2.789,-10.48,80.4,0.0151,UAV,quiet_rural,0.0414,0.0,6.71,-101.58
2026-09-24T06:10:57.049,2404.632,4.143,-21.0,69.88,2.0,UAV,indoor_congested,,0.0004,9.91,-76.68
2026-09-24T06:10:58.329,2452.372,1.354,-31.23,59.64,0.97,Generic,suburban,0.614,0.0025,5.87,-91.74
2026-09-24T06:10:59.613,2443.314,2.666,-26.1,64.77,0.0123,UAV,indoor_congested,0.0464,0.0009,9.59,-77.36
2026-09-24T06:10:59.679,2437.417,21.123,-21.52,69.36,0.25,WiFi,urban,0.962,0.0027,9.4,-86.08
2026-09-24T06:10:59.786,2453.978,3.773,-18.46,72.41,0.0095,UAV,quiet_rural,0.0328,0.0002,8.67,-98.34
2026-09-24T06:10:59.854,2448.65,0.328,-38.68,52.2,0.928,Generic,suburban,1.904,0.0127,6.36,-90.89
2026-09-24T06:10:59.983,2414.721,0.0,-73.46,6.41,0.0,Background,indoor_congested,,0.9377,10.91,-77.98
2026-09-24T06:11:01.168,2456.722,0.082,-68.18,11.28,0.0,Background,indoor_congested,,0.9295,9.17,-77.47
2026-09-24T06:11:01.276,2410.824,0.656,-30.12,60.76,0.571,Generic,suburban,1.527,0.0018,4.93,-90.49
2026-09-24T06:11:01.626,2412.402,21.082,-38.3,52.57,0.3123,WiFi,quiet_rural,0.927,0.0478,9.37,-98.66
2026-09-24T06:11:01.717,2424.907,1.271,-22.34,68.53,0.916,Generic,indoor_congested,0.835,0.0003,5.68,-77.21
2026-09-24T06:11:03.745,,,-90.66,0.0,0.0,Background,quiet_rural,,0.9996,9.52,-101.7
2026-09-24T06:11:04.542,2414.27,0.0,-72.12,6.12,0.0,Background,indoor_congested,,0.9334,9.53,-76.36
2026-09-24T06:11:04.612,2439.95,2.051,-26.48,64.39,0.0158,UAV,indoor_congested,0.0467,0.0009,7.74,-78.84
2026-09-24T06:11:06.929,2437.497,41.057,-30.81,60.07,0.2095,WiFi,quiet_rural,0.558,0.0569,9.08,-99.63
2026-09-24T06:11:06.963,2436.494,41.057,-33.6,57.27,0.223,WiFi,quiet_rural,0.7815,0.0787,9.29,-101.07
2026-09-24T06:11:07.497,2472.673,0.615,-36.24,54.64,0.9585,Generic,suburban,1.564,0.0074,4.57,-92.28
2026-09-24T06:11:07.619,2424.945,5.045,-2.42,88.46,0.0154,UAV,suburban,0.047,0.0,7.82,-90.46
2026-09-24T06:11:07.792,2462.581,21.082,-24.34,66.54,0.068,WiFi,suburban,0.902,0.0043,9.76,-91.79
2026-09-24T06:11:09.215,2417.534,1.518,-30.14,60.74,0.7205,Generic,indoor_congested,0.704,0.002,9.45,-76.67
2026-09-24T06:11:09.332,2475.919,1.148,-20.26,70.62,2.0,Generic,urban,,0.0002,5.41,-83.33
2026-09-24T06:11:09.431,,,-85.08,0.0,0.0,Background,urban,,0.9498,9.06,-84.07
2026-09-24T06:11:10.495,2461.198,2.338,-30.0,60.88,0.0048,UAV,urban,0.0234,0.0022,6.81,-83.79
2026-09-24T06:11:11.969,2476.377,1.312,-18.54,72.33,0.8015,Generic,quiet_rural,1.813,0.0001,7.77,-99.17
2026-09-24T06:11:12.758,,,-90.43,0.0,0.0,Background,quiet_rural,,0.9983,10.25,-98.2
2026-09-24T06:11:13.816,2437.68,21.123,-22.12,68.76,0.1578,WiFi,suburban,0.2364,0.003,10.02,-93.45
2026-09-24T06:11:14.622,,,-86.6,0.0,0.0,Background,urban,,0.9625,9.09,-86.47
2026-09-24T06:11:14.654,2462.527,21.082,-29.31,61.56,0.271,WiFi,quiet_rural,0.65,0.0102,9.78,-98.2
2026-09-24T06:11:14.865,2462.202,41.057,-27.69,63.18,2.0,WiFi,urban,,0.0395,10.27,-84.55
2026-09-24T06:11:17.501,2437.812,41.098,-24.24,66.63,0.274,WiFi,urban,0.35,0.0263,9.57,-84.33
2026-09-24T06:11:17.842,2421.129,1.107,-41.2,49.68,0.761,Generic,urban,1.109,0.0229,7.08,-85.32
2026-09-24T06:11:18.117,2440.433,1.436,-32.1,58.78,2.0,Generic,indoor_congested,,0.0031,7.28,-77.18
2026-09-24T06:11:18.584,2405.947,1.066,-39.14,51.74,2.0,Generic,suburban,,0.0148,7.93,-90.44
2026-09-24T06:11:18.784,2440.576,1.189,-28.04,62.84,0.6513,Generic,indoor_congested,0.964,0.0012,5.13,-78.96
2026-09-24T06:11:19.994,,,-89.2,0.0,0.0,Background,suburban,,0.9855,8.76,-91.86
2026-09-24T06:11:20.069,2427.866,0.738,-45.98,44.9,0.8195,Generic,quiet_rural,0.754,0.0658,7.15,-98.21
2026-09-24T06:11:20.206,2463.001,3.65,-12.28,78.59,0.0113,UAV,urban,0.0244,0.0,8.03,-83.35
2026-09-24T06:11:22.457,2420.27,4.594,-4.69,86.19,0.0079,UAV,indoor_congested,0.0186,0.0,8.06,-76.56
2026-09-24T06:11:23.582,,,-90.46,0.0,0.0,Background,quiet_rural,,0.9986,9.66,-98.62
2026-09-24T06:11:23.610,2404.462,0.369,-46.53,44.35,0.8425,Generic,quiet_rural,1.398,0.0725,6.24,-99.99
2026-09-24T06:11:24.172,2437.189,21.123,-17.74,73.14,0.3793,WiFi,quiet_rural,0.8425,0.0014,9.45,-98.75
2026-09-24T06:11:25.596,2445.127,1.354,-44.05,46.83,2.0,Generic,indoor_congested,,0.0446,6.35,-79.92
2026-09-24T06:11:26.039,2464.062,0.0,-78.54,6.31,0.0,Background,urban,,0.951,10.41,-83.86
2026-09-24T06:11:26.240,2438.486,2.01,-3.09,87.79,0.0121,UAV,quiet_rural,0.0249,0.0,7.41,-100.79
2026-09-24T06:11:26.640,2440.337,4.84,-16.12,74.75,0.0064,UAV,indoor_congested,0.0107,0.0001,9.12,-77.76
2026-09-24T06:11:27.159,2461.169,21.082,-25.02,65.86,0.061,WiFi,urban,0.794,0.0049,9.03,-83.95
2026-09-24T06:11:27.697,2428.325,4.635,-2.78,88.1,0.0037,UAV,quiet_rural,0.0168,0.0,8.01,-99.43
2026-09-24T06:11:28.241,2469.304,1.354,-21.78,69.1,2.0,Generic,suburban,,0.0003,5.09,-93.66
2026-09-24T06:11:29.179,2428.832,2.092,-22.37,68.51,0.0121,UAV,indoor_congested,0.0263,0.0004,6.9,-78.75
2026-09-24T06:11:33.121,2454.155,1.23,-25.43,65.45,0.8715,Generic,indoor_congested,0.355,0.0006,6.36,-77.82
2026-09-24T06:11:33.297,2435.837,1.805,-28.01,62.87,0.0022,UAV,quiet_rural,0.0308,0.0013,9.24,-98.32
2026-09-24T06:11:33.705,2414.933,1.354,-32.53,58.35,0.8125,Generic,quiet_rural,1.392,0.0033,8.39,-101.84
2026-09-24T06:11:33.827,2437.399,41.098,-26.49,64.39,0.2438,WiFi,urban,0.378,0.0342,9.49,-86.53
2026-09-24T06:11:38.282,2461.547,41.057,-28.06,62.82,0.1446,WiFi,suburban,0.3972,0.041,9.61,-90.79
2026-09-24T06:11:38.287,2458.902,3.24,-22.62,68.25,0.0052,UAV,suburban,0.0288,0.0005,8.2,-93.34
2026-09-24T06:11:38.366,,,-89.54,0.0,0.0,Background,suburban,,0.9909,9.88,-93.2
2026-09-24T06:11:39.159,2439.183,1.107,-36.58,54.3,0.86,Generic,indoor_congested,1.18,0.008,4.06,-78.68
2026-09-24T06:11:40.534,,,-89.47,0.0,0.0,Background,suburban,,0.9901,10.01,-92.9
2026-09-24T06:11:40.598,2451.913,1.23,-39.34,51.54,0.8645,Generic,indoor_congested,0.85,0.0153,7.94,-77.66
2026-09-24T06:11:40.984,2419.168,2.256,-15.42,75.46,0.0043,UAV,suburban,0.0309,0.0001,7.75,-93.59
2026-09-24T06:11:41.180,2460.658,3.979,-4.79,86.09,0.0057,UAV,urban,0.0101,0.0,7.89,-83.13
2026-09-24T06:11:41.696,,,-89.59,0.0,0.0,Background,suburban,,0.9911,9.44,-93.43
2026-09-24T06:11:42.251,2405.237,0.984,-33.53,57.35,2.0,Generic,quiet_rural,,0.0041,5.95,-100.71
2026-09-24T06:11:42.316,2433.302,4.43,-10.97,79.91,0.0084,UAV,quiet_rural,0.0436,0.0,8.12,-101.04
2026-09-24T06:11:43.561,2468.932,1.436,-22.09,68.79,2.0,Generic,suburban,,0.0003,7.12,-90.18
2026-09-24T06:11:44.604,2436.573,2.789,-31.32,59.56,0.0086,UAV,quiet_rural,0.0286,0.003,9.11,-99.77
2026-09-24T06:11:44.778,2476.025,0.451,-35.55,55.33,1.977,Generic,suburban,,0.0063,4.32,-91.53
2026-09-24T06:11:45.525,2415.602,32.936,-40.07,50.81,0.1856,WiFi,urban,0.3285,0.1164,10.55,-84.9
2026-09-24T06:11:46.346,,,-90.53,0.0,0.0,Background,quiet_rural,,0.9989,9.2,-99.41
2026-09-24T06:11:48.446,2457.314,2.543,-13.12,77.76,0.0195,UAV,indoor_congested,0.0429,0.0001,9.05,-79.82
2026-09-24T06:11:50.243,2472.307,1.395,-22.27,68.6,2.0,Generic,indoor_congested,,0.0003,9.58,-78.04
2026-09-24T06:11:50.399,,,-88.99,0.0,0.0,Background,suburban,,0.9845,9.46,-91.18
2026-09-24T06:11:50.659,2468.324,2.01,-18.76,72.11,0.0147,UAV,suburban,0.0226,0.0002,8.93,-93.67
2026-09-24T06:11:54.090,2428.127,1.436,-20.05,70.83,2.0,Generic,suburban,,0.0002,7.38,-91.38
2026-09-24T06:11:54.160,2461.729,21.041,-40.2,50.68,0.296,WiFi,urban,0.451,0.0658,9.19,-84.93
2026-09-24T06:11:54.910,2480.92,0.0,-74.58,7.0,0.0,Background,indoor_congested,,0.9366,9.18,-79.82
2026-09-24T06:11:56.009,2408.486,0.0,-74.88,6.31,0.0,Background,indoor_congested,,0.9337,9.58,-79.31
2026-09-24T06:11:56.083,2410.602,1.148,-21.65,69.22,0.9785,Generic,quiet_rural,0.23,0.0003,6.3,-100.76
2026-09-24T06:11:56.155,,,-90.65,0.0,0.0,Background,quiet_rural,,0.9995,9.33,-101.27
2026-09-24T06:11:57.186,2463.522,1.395,-40.22,50.66,2.0,Generic,urban,,0.0189,5.82,-84.64
2026-09-24T06:11:57.567,2477.838,1.518,-24.85,66.03,2.0,Generic,suburban,,0.0006,7.76,-92.77
2026-09-24T06:11:57.688,,,-86.5,0.0,0.0,Background,urban,,0.9613,9.95,-86.29
2026-09-24T06:11:57.766,2468.441,2.543,-25.93,64.95,0.026,UAV,urban,0.0272,0.0009,8.05,-85.34
2026-09-24T06:11:58.470,2437.286,41.139,-17.34,73.54,2.0,WiFi,urban,,0.0117,10.8,-84.69
2026-09-24T06:11:58.659,,,-89.16,0.0,0.0,Background,suburban,,0.9873,9.01,-91.85
2026-09-24T06:11:59.924,2466.455,4.389,-25.76,65.12,0.0144,UAV,indoor_congested,0.0302,0.0011,9.56,-78.61
2026-09-24T06:12:00.440,2415.018,32.279,-35.41,55.46,0.3198,WiFi,quiet_rural,0.4763,0.0587,9.88,-99.95
2026-09-24T06:12:02.068,2431.552,2.994,-14.44,76.44,0.0026,UAV,indoor_congested,0.038,0.0001,7.68,-77.65
2026-09-24T06:12:02.701,2428.405,1.189,-41.39,49.48,2.0,Generic,quiet_rural,,0.0247,5.35,-101.36
2026-09-24T06:12:03.436,2461.708,41.098,-20.32,70.56,0.2303,WiFi,quiet_rural,0.2808,0.0166,8.77,-100.24
2026-09-24T06:12:04.626,2436.262,21.123,-19.4,71.47,0.3194,WiFi,indoor_congested,0.4978,0.0019,10.29,-77.29
2026-09-24T06:12:07.499,2415.387,32.854,-16.47,74.41,0.3573,WiFi,indoor_congested,0.8545,0.0043,10.39,-77.63
2026-09-24T06:12:07.990,2428.441,5.25,-2.87,88.01,0.0076,UAV,suburban,0.0406,0.0,7.55,-93.48
2026-09-24T06:12:08.850,,,-89.29,0.0,0.0,Background,suburban,,0.9878,9.37,-92.16
2026-09-24T06:12:09.137,,,-88.64,0.0,0.0,Background,suburban,,0.981,9.7,-90.47
2026-09-24T06:12:09.141,2436.58,0.861,-42.34,48.54,0.861,Generic,quiet_rural,1.057,0.03,6.45,-101.26
2026-09-24T06:12:10.121,2437.15,41.098,-21.23,69.65,0.461,WiFi,suburban,0.7015,0.0186,8.91,-92.62
2026-09-24T06:12:11.769,2477.235,0.697,-37.21,53.67,0.929,Generic,quiet_rural,0.786,0.0093,5.59,-100.45
2026-09-24T06:12:11.984,2429.689,4.184,-3.02,87.86,0.0025,UAV,indoor_congested,0.0454,0.0,8.71,-77.86
2026-09-24T06:12:12.174,2415.512,33.018,-15.63,75.25,2.0,WiFi,urban,,0.0039,9.24,-85.64
2026-09-24T06:12:12.416,2432.526,2.215,-27.36,63.52,0.0077,UAV,indoor_congested,0.037,0.0012,6.98,-79.63
2026-09-24T06:12:13.269,2433.685,3.404,-28.77,62.1,0.0165,UAV,indoor_congested,0.0239,0.0019,8.39,-79.28
2026-09-24T06:12:15.843,2426.997,1.312,-35.48,55.39,0.515,Generic,indoor_congested,0.9665,0.0065,6.83,-76.79
2026-09-24T06:12:16.400,2406.35,3.24,-9.81,81.07,0.004,UAV,indoor_congested,0.0423,0.0,8.99,-78.31
2026-09-24T06:12:17.888,2411.357,0.0,-72.55,6.62,0.0,Background,indoor_congested,,0.9335,9.63,-77.15
2026-09-24T06:12:20.256,2435.591,1.477,-21.13,69.75,0.98,Generic,urban,1.744,0.0003,7.36,-86.55
2026-09-24T06:12:21.597,,,-86.4,0.0,0.0,Background,urban,,0.961,9.52,-86.21
2026-09-24T06:12:22.097,2481.886,0.041,-70.52,9.52,0.0,Background,indoor_congested,,0.9364,9.25,-78.26
2026-09-24T06:12:22.635,,,-90.66,0.0,0.0,Background,quiet_rural,,0.9995,9.92,-101.51
2026-09-24T06:12:22.883,2449.66,2.953,-19.21,71.67,0.014,UAV,urban,0.0407,0.0002,6.93,-86.8
2026-09-24T06:12:23.957,2403.405,2.789,-12.92,77.95,0.0127,UAV,urban,0.0243,0.0001,8.6,-85.57
2026-09-24T06:12:24.891,2461.323,21.082,-23.31,67.57,0.2438,WiFi,suburban,0.3472,0.0036,9.59,-93.3
2026-09-24T06:12:24.923,2476.973,1.436,-29.97,60.91,2.0,Generic,suburban,,0.0019,6.09,-90.32
2026-09-24T06:12:25.769,2461.246,41.098,-29.52,61.36,0.0605,WiFi,quiet_rural,0.956,0.0489,9.43,-100.47
2026-09-24T06:12:27.310,2436.473,1.969,-26.06,64.82,0.0067,UAV,quiet_rural,0.0221,0.0008,8.45,-98.65
2026-09-24T06:12:27.474,2447.722,0.82,-19.04,71.84,0.575,Generic,suburban,0.874,0.0001,6.47,-91.22
2026-09-24T06:12:27.585,2456.277,0.574,-34.39,56.49,2.0,Generic,quiet_rural,,0.0048,5.95,-99.58
2026-09-24T06:12:28.835,,,-85.82,0.0,0.0,Background,urban,,0.9574,9.93,-85.15
2026-09-24T06:12:29.329,2414.657,31.787,-36.51,54.37,0.2813,WiFi,urban,0.755,0.0668,11.14,-86.61
2026-09-24T06:12:29.799,2428.117,3.158,-4.06,86.81,0.0022,UAV,indoor_congested,0.0236,0.0,8.44,-77.46
2026-09-24T06:12:30.476,2444.364,1.148,-35.4,55.47,0.8995,Generic,indoor_congested,1.085,0.0062,4.51,-76.58
2026-09-24T06:12:30.780,2446.578,2.789,-25.89,64.99,0.0194,UAV,quiet_rural,0.0247,0.0009,7.78,-99.47
2026-09-24T06:12:31.047,2462.331,41.098,-25.25,65.63,0.2333,WiFi,indoor_congested,0.788,0.0298,10.83,-79.88
2026-09-24T06:12:31.423,2464.248,0.041,-68.71,9.49,0.0,Background,indoor_congested,,0.9291,11.13,-76.04
2026-09-24T06:12:33.801,,,-89.41,0.0,0.0,Background,suburban,,0.9887,9.25,-92.49
2026-09-24T06:12:34.862,2481.846,0.82,-42.42,48.46,0.96,Generic,quiet_rural,0.435,0.0304,7.28,-101.61
2026-09-24T06:12:35.735,2437.516,41.098,-15.21,75.66,0.1567,WiFi,indoor_congested,0.7935,0.0091,9.87,-77.8
2026-09-24T06:12:35.871,2419.336,1.189,-23.87,67.01,0.9285,Generic,urban,0.247,0.0004,5.22,-84.99
2026-09-24T06:12:36.566,2468.622,1.395,-27.06,63.82,0.8295,Generic,suburban,1.222,0.001,7.77,-92.4
2026-09-24T06:12:37.298,2434.615,3.896,-13.59,77.29,0.0045,UAV,indoor_congested,0.0348,0.0001,7.54,-76.1
2026-09-24T06:12:38.385,2427.901,2.502,-14.89,75.99,0.0105,UAV,indoor_congested,0.0136,0.0001,8.71,-76.22
2026-09-24T06:12:39.383,2412.844,21.082,-28.56,62.31,2.0,WiFi,indoor_congested,,0.009,9.72,-77.79
2026-09-24T06:12:43.044,2436.176,21.082,-36.13,54.74,0.23,WiFi,suburban,0.2883,0.0329,9.61,-92.71
2026-09-24T06:12:43.102,2462.34,41.139,-16.03,74.85,2.0,WiFi,suburban,,0.01,9.05,-90.11
2026-09-24T06:12:43.519,,,-90.52,0.0,0.0,Background,quiet_rural,,0.999,9.62,-99.27
2026-09-24T06:12:44.353,2434.984,1.189,-25.16,65.72,0.6267,Generic,indoor_congested,0.821,0.0006,6.34,-76.55
2026-09-24T06:12:46.451,2461.402,41.139,-17.35,73.53,2.0,WiFi,quiet_rural,,0.0117,9.83,-100.25
2026-09-24T06:12:46.599,2411.87,2.092,-24.05,66.83,0.0168,UAV,indoor_congested,0.0401,0.0005,7.72,-78.29
2026-09-24T06:12:47.089,2420.812,1.271,-38.86,52.02,0.9175,Generic,indoor_congested,0.531,0.0138,6.87,-77.37
2026-09-24T06:12:47.118,2436.884,41.057,-32.13,58.74,0.2176,WiFi,indoor_congested,0.317,0.0661,10.19,-76.99
2026-09-24T06:12:47.256,2424.883,2.379,-20.99,69.89,0.0085,UAV,suburban,0.0216,0.0003,8.3,-93.41
2026-09-24T06:12:47.644,2437.038,2.748,-9.64,81.24,0.0144,UAV,urban,0.0158,0.0,6.9,-85.1
2026-09-24T06:12:52.085,2425.676,0.861,-39.0,51.88,0.82,Generic,suburban,0.562,0.0141,6.7,-93.89
2026-09-24T06:12:54.169,2412.982,21.123,-24.7,66.18,0.2213,WiFi,indoor_congested,0.4993,0.0046,9.48,-78.09
2026-09-24T06:12:54.695,,,-88.67,0.0,0.0,Background,suburban,,0.9816,9.24,-90.52
2026-09-24T06:12:54.707,2419.766,0.0,-72.34,6.03,0.0,Background,indoor_congested,,0.9331,9.27,-76.41
2026-09-24T06:12:55.003,,,-90.62,0.0,0.0,Background,quiet_rural,,0.9994,9.67,-100.63
2026-09-24T06:12:55.753,,,-89.63,0.0,0.0,Background,suburban,,0.9914,9.47,-93.4
2026-09-24T06:12:55.961,2436.919,21.123,-17.14,73.74,0.2195,WiFi,quiet_rural,0.6643,0.0013,9.19,-99.4
2026-09-24T06:12:57.460,2452.03,1.477,-31.76,59.12,0.9075,Generic,suburban,1.267,0.0029,7.9,-92.55
2026-09-24T06:12:57.507,,,-90.41,0.0,0.0,Background,quiet_rural,,0.9984,9.53,-98.12
2026-09-24T06:12:58.783,,,-89.55,0.0,0.0,Background,suburban,,0.9894,10.05,-93.02
2026-09-24T06:12:59.426,2453.732,2.502,-11.35,79.53,0.0102,UAV,suburban,0.0116,0.0,8.21,-91.24
2026-09-24T06:12:59.649,2462.723,21.164,-15.12,75.76,0.0967,WiFi,quiet_rural,0.3572,0.0009,8.95,-99.03
2026-09-24T06:12:59.719,2462.902,21.041,-32.6,58.28,2.0,WiFi,indoor_congested,,0.0179,10.46,-78.14
2026-09-24T06:13:00.737,2448.893,3.732,-22.99,67.88,0.0022,UAV,suburban,0.0272,0.0005,8.25,-93.6
2026-09-24T06:13:00.911,2472.389,0.0,-72.37,6.51,0.0,Background,indoor_congested,,0.9305,10.22,-76.89
2026-09-24T06:13:03.330,2437.479,41.057,-27.31,63.57,0.1118,WiFi,indoor_congested,0.5567,0.0374,9.18,-76.03
2026-09-24T06:13:04.461,2428.785,1.271,-31.61,59.27,2.0,Generic,urban,,0.0027,6.93,-85.94
2026-09-24T06:13:04.769,,,-89.24,0.0,0.0,Background,suburban,,0.9867,9.35,-92.05
2026-09-24T06:13:05.698,2416.2,4.389,-11.86,79.02,0.0037,UAV,indoor_congested,0.0445,0.0001,8.33,-78.02
2026-09-24T06:13:06.621,2419.902,0.533,-38.35,52.52,0.808,Generic,suburban,0.961,0.0119,7.58,-93.23
2026-09-24T06:13:06.758,2414.237,2.174,-8.93,81.95,0.0161,UAV,suburban,0.0441,0.0,7.49,-91.72
2026-09-24T06:13:08.002,2472.594,0.0,-72.63,6.57,0.0,Background,indoor_congested,,0.9364,9.13,-77.39
2026-09-24T06:13:08.246,2425.652,0.041,-77.25,9.17,0.0,Background,urban,,0.9606,10.64,-86.09
2026-09-24T06:13:09.396,2460.225,1.312,-37.13,53.75,0.923,Generic,urban,1.039,0.0094,6.16,-85.52
2026-09-24T06:13:09.412,2479.96,1.271,-22.42,68.46,0.756,Generic,quiet_rural,0.724,0.0003,5.98,-98.95
2026-09-24T06:13:10.069,2458.976,2.625,-20.83,70.05,0.0078,UAV,suburban,0.0416,0.0003,8.32,-93.17
2026-09-24T06:13:11.091,2462.08,41.016,-38.98,51.9,0.159,WiFi,suburban,0.393,0.1479,9.47,-90.81
2026-09-24T06:13:11.837,2416.016,33.346,-22.23,68.65,0.4215,WiFi,indoor_congested,0.4883,0.0101,9.65,-76.19
2026-09-24T06:13:13.539,2406.444,2.83,-15.72,75.15,0.0098,UAV,indoor_congested,0.0214,0.0001,8.62,-79.76
2026-09-24T06:13:13.613,2434.71,0.287,-42.56,48.32,2.0,Generic,quiet_rural,,0.0302,5.01,-100.7
2026-09-24T06:13:14.246,,,-89.43,0.0,0.0,Background,suburban,,0.9891,9.81,-92.69
2026-09-24T06:13:15.321,2466.944,4.02,-27.71,63.17,0.0158,UAV,urban,0.0448,0.0016,11.02,-84.77
2026-09-24T06:13:15.793,,,-84.54,0.0,0.0,Background,urban,,0.9479,10.59,-83.38
2026-09-24T06:13:16.894,2436.399,41.057,-32.28,58.6,0.2927,WiFi,suburban,0.64,0.0673,9.92,-93.26
2026-09-24T06:13:20.550,2462.18,41.139,-18.01,72.87,0.3737,WiFi,quiet_rural,0.823,0.0127,9.58,-101.44
2026-09-24T06:13:21.235,2436.775,1.723,-16.85,74.02,0.0164,UAV,urban,0.0416,0.0001,6.28,-86.94
2026-09-24T06:13:21.308,2446.976,5.168,-8.72,82.15,0.0115,UAV,quiet_rural,0.0419,0.0,9.33,-99.06
2026-09-24T06:13:23.008,2462.297,1.395,-33.7,57.17,2.0,Generic,indoor_congested,,0.0044,7.88,-77.56
2026-09-24T06:13:23.069,,,-89.03,0.0,0.0,Background,suburban,,0.9846,9.43,-91.4
2026-09-24T06:13:23.850,2464.083,4.389,-3.54,87.34,0.0177,UAV,urban,0.026,0.0,8.89,-85.18
2026-09-24T06:13:24.340,2419.917,3.076,-24.25,66.63,0.006,UAV,indoor_congested,0.037,0.0007,7.79,-79.92
2026-09-24T06:13:24.950,2462.727,21.041,-36.61,54.27,0.1103,WiFi,suburban,0.3702,0.0359,9.6,-90.92
2026-09-24T06:13:25.239,2478.794,0.615,-37.29,53.59,2.0,Generic,quiet_rural,,0.0094,5.94,-98.88
2026-09-24T06:13:25.451,2403.441,0.0,-71.86,6.15,0.0,Background,indoor_congested,,0.9325,10.75,-76.04
2026-09-24T06:13:27.068,2404.208,4.84,-3.75,87.13,0.0042,UAV,suburban,0.0479,0.0,8.16,-90.91
2026-09-24T06:13:27.222,2436.66,21.082,-36.13,54.74,0.1953,WiFi,suburban,0.7945,0.0329,10.21,-92.48
2026-09-24T06:13:27.411,2418.608,5.004,-9.92,80.96,0.0085,UAV,quiet_rural,0.0498,0.0,9.97,-101.35
2026-09-24T06:13:27.820,2430.583,2.461,-28.5,62.38,0.1324,UAV,quiet_rural,0.1421,0.0016,8.78,-98.8
2026-09-24T06:13:30.151,,,-90.61,0.0,0.0,Background,quiet_rural,,0.9994,10.33,-100.58
2026-09-24T06:13:30.661,2469.423,2.871,-1.93,88.95,0.0035,UAV,quiet_rural,0.0357,0.0,9.37,-100.26
2026-09-24T06:13:32.482,,,-85.0,0.0,0.0,Background,urban,,0.9508,9.8,-84.08
2026-09-24T06:13:32.711,,,-90.65,0.0,0.0,Background,quiet_rural,,0.9996,8.7,-101.44
2026-09-24T06:13:33.576,2414.309,4.143,-9.13,81.75,0.0031,UAV,quiet_rural,0.0421,0.0,7.85,-101.49
2026-09-24T06:13:34.460,2435.172,0.656,-31.67,59.21,0.962,Generic,urban,0.833,0.0026,6.3,-84.53
2026-09-24T06:13:34.706,2412.648,21.123,-27.43,63.45,0.1877,WiFi,urban,0.6625,0.0074,9.83,-83.48
2026-09-24T06:13:34.727,,,-86.91,0.0,0.0,Background,urban,,0.9651,9.52,-86.89
2026-09-24T06:13:35.323,2472.06,0.984,-45.83,45.05,0.541,Generic,quiet_rural,0.929,0.0649,7.85,-98.44
2026-09-24T06:13:35.752,2438.006,21.082,-29.72,61.15,0.08,WiFi,suburban,0.972,0.011,9.81,-93.6
2026-09-24T06:13:36.607,2462.642,21.082,-32.89,57.99,0.2223,WiFi,indoor_congested,0.8545,0.0189,9.49,-79.46
2026-09-24T06:13:37.185,2408.859,1.312,-22.16,68.72,2.0,Generic,urban,,0.0003,6.32,-83.17
2026-09-24T06:13:37.349,2408.727,1.148,-20.03,70.85,0.974,Generic,suburban,1.069,0.0002,6.39,-93.1
2026-09-24T06:13:38.041,2437.445,41.098,-19.47,71.41,0.109,WiFi,urban,0.48,0.015,10.01,-85.69
2026-09-24T06:13:39.485,2452.482,1.477,-17.7,73.18,0.9965,Generic,quiet_rural,1.537,0.0001,7.54,-99.01
2026-09-24T06:13:40.173,2436.229,41.057,-27.71,63.17,0.205,WiFi,suburban,0.666,0.0395,9.86,-93.35
2026-09-24T06:13:40.503,2437.978,2.502,-18.78,72.09,0.0154,UAV,indoor_congested,0.0362,0.0002,7.87,-76.03
2026-09-24T06:13:41.088,2466.11,3.363,-15.54,75.33,0.0137,UAV,suburban,0.0365,0.0001,7.1,-92.98
2026-09-24T06:13:42.086,2437.383,21.041,-39.46,51.42,0.4273,WiFi,quiet_rural,0.7965,0.0581,9.75,-98.87
2026-09-24T06:13:42.491,2426.484,3.363,-2.71,88.16,0.0035,UAV,suburban,0.0447,0.0,8.55,-90.51
2026-09-24T06:13:43.153,2456.102,4.307,-26.1,64.78,0.0153,UAV,suburban,0.031,0.0011,8.52,-93.43
2026-09-24T06:13:43.298,2430.815,2.584,-3.64,87.24,0.0114,UAV,quiet_rural,0.0249,0.0,6.84,-98.8
2026-09-24T06:13:43.580,2461.438,41.139,-16.44,74.43,0.1247,WiFi,suburban,0.963,0.0105,9.91,-90.63
2026-09-24T06:13:44.085,2426.369,0.0,-71.04,7.35,0.0,Background,indoor_congested,,0.9356,9.62,-76.43
2026-09-24T06:13:44.806,2425.88,1.846,-10.51,80.37,0.0139,UAV,suburban,0.0182,0.0,7.15,-91.11
2026-09-24T06:13:45.028,2434.577,2.174,-7.13,83.75,0.0156,UAV,quiet_rural,0.0423,0.0,6.06,-101.76
2026-09-24T06:13:46.813,2433.097,2.42,-7.56,83.32,0.0033,UAV,suburban,0.0485,0.0,7.07,-91.42
2026-09-24T06:13:47.623,2448.535,3.979,-25.95,64.93,0.0046,UAV,quiet_rural,0.021,0.0011,7.52,-99.1
2026-09-24T06:13:48.377,2463.379,3.732,-25.21,65.66,0.0098,UAV,urban,0.0429,0.0009,8.9,-84.9
2026-09-24T06:13:49.165,2461.692,41.139,-13.64,77.24,0.0685,WiFi,suburban,0.855,0.0076,9.75,-93.72
2026-09-24T06:13:49.905,2462.705,41.221,-19.46,71.42,0.144,WiFi,indoor_congested,0.1927,0.0151,10.5,-77.66
2026-09-24T06:13:51.422,,,-86.36,0.0,0.0,Background,urban,,0.9579,9.22,-86.03
2026-09-24T06:13:51.654,2436.529,21.123,-16.34,74.54,0.1765,WiFi,indoor_congested,0.751,0.0011,9.63,-76.65
2026-09-24T06:13:53.102,,,-85.96,0.0,0.0,Background,urban,,0.9573,10.47,-85.32
2026-09-24T06:13:53.190,2410.011,4.43,-24.78,66.09,0.0108,UAV,urban,0.0336,0.0009,8.23,-86.67
2026-09-24T06:13:54.643,2400.365,0.0,-73.24,6.31,0.0,Background,indoor_congested,,0.934,9.52,-77.76
2026-09-24T06:13:56.278,2433.24,0.041,-69.95,9.59,0.0,Background,indoor_congested,,0.9316,9.29,-77.57
2026-09-24T06:13:56.496,2469.311,1.312,-44.06,46.81,0.635,Generic,indoor_congested,0.764,0.0442,6.44,-79.83
2026-09-24T06:13:57.509,,,-78.78,0.0,0.0,Background,indoor_congested,,0.935,10.96,-76.74
2026-09-24T06:13:58.751,,,-90.61,0.0,0.0,Background,quiet_rural,,0.9994,11.09,-100.61
2026-09-24T06:13:59.343,,,-79.7,0.0,0.0,Background,indoor_congested,,0.9323,9.89,-77.71
2026-09-24T06:14:01.677,2451.951,4.43,-12.13,78.74,0.0025,UAV,indoor_congested,0.0327,0.0001,8.34,-76.75
2026-09-24T06:14:02.102,,,-90.62,0.0,0.0,Background,quiet_rural,,0.9994,10.45,-100.83
2026-09-24T06:14:02.416,2436.533,41.057,-31.64,59.24,2.0,WiFi,quiet_rural,,0.0629,10.68,-99.08
2026-09-24T06:14:02.556,2464.924,0.0,-78.76,6.15,0.0,Background,urban,,0.9487,9.87,-83.93
2026-09-24T06:14:03.174,2464.654,0.738,-32.12,58.76,2.0,Generic,urban,,0.0029,5.06,-84.04
2026-09-24T06:14:04.304,2475.505,0.328,-34.4,56.48,0.8445,Generic,suburban,0.914,0.0048,4.91,-92.73
2026-09-24T06:14:04.616,2462.064,41.098,-18.05,72.83,0.4383,WiFi,suburban,0.7795,0.0127,9.87,-92.94
2026-09-24T06:14:04.914,,,-90.65,0.0,0.0,Background,quiet_rural,,0.9995,9.29,-101.24
2026-09-24T06:14:06.590,2444.771,3.076,-11.38,79.5,0.0056,UAV,urban,0.0136,0.0,7.57,-83.97
2026-09-24T06:14:06.716,2445.975,0.0,-71.8,6.77,0.0,Background,indoor_congested,,0.9291,9.29,-76.59
2026-09-24T06:14:06.994,2436.11,41.016,-38.99,51.89,0.4003,WiFi,urban,0.833,0.1475,8.76,-84.87
2026-09-24T06:14:07.197,2468.318,0.41,-42.17,48.71,1.837,Generic,quiet_rural,,0.0278,6.49,-100.7
2026-09-24T06:14:07.402,,,-89.54,0.0,0.0,Background,suburban,,0.9897,9.72,-93.02
2026-09-24T06:14:12.539,2436.486,21.123,-16.56,74.32,0.268,WiFi,suburban,0.495,0.0011,9.03,-93.42
2026-09-24T06:14:12.784,2462.027,41.098,-19.88,71.0,0.368,WiFi,suburban,0.984,0.0158,9.7,-92.35
2026-09-24T06:14:14.189,2420.14,1.025,-44.78,46.1,2.0,Generic,urban,,0.051,5.59,-85.54
2026-09-24T06:14:14.278,2447.978,2.051,-4.62,86.26,0.0197,UAV,suburban,0.0383,0.0,8.72,-90.82
2026-09-24T06:14:15.289,,,-88.95,0.0,0.0,Background,suburban,,0.9841,10.35,-91.12
2026-09-24T06:14:15.440,2447.64,1.805,-13.59,77.29,0.0109,UAV,suburban,0.0274,0.0,6.73,-92.14
2026-09-24T06:14:16.455,2429.324,1.436,-42.71,48.17,0.8295,Generic,indoor_congested,1.469,0.0334,5.32,-77.76
2026-09-24T06:14:16.649,2459.169,1.271,-26.12,64.76,1.939,Generic,urban,,0.0008,6.62,-83.21
2026-09-24T06:14:17.812,2425.834,1.148,-23.06,67.82,2.0,Generic,indoor_congested,,0.0004,5.42,-78.76
2026-09-24T06:14:17.864,2479.2,1.805,-9.31,81.57,0.0127,UAV,urban,0.0409,0.0,6.53,-83.55
2026-09-24T06:14:18.187,2461.457,21.082,-17.12,73.75,0.064,WiFi,indoor_congested,0.936,0.0013,9.33,-77.08
2026-09-24T06:14:18.523,2447.612,4.963,-20.52,70.36,0.0092,UAV,quiet_rural,0.0378,0.0004,8.84,-98.22
2026-09-24T06:14:18.679,,,-90.61,0.0,0.0,Background,quiet_rural,,0.9994,9.46,-100.76
2026-09-24T06:14:19.011,2436.227,41.057,-30.06,60.82,0.152,WiFi,indoor_congested,0.987,0.052,9.4,-76.48
2026-09-24T06:14:19.028,,,-90.56,0.0,0.0,Background,quiet_rural,,0.9991,9.93,-99.9
2026-09-24T06:14:19.416,2406.741,2.912,-27.23,63.65,0.0191,UAV,quiet_rural,0.0312,0.0012,8.92,-98.07
2026-09-24T06:14:20.029,2447.171,2.871,-29.86,61.02,0.0051,UAV,quiet_rural,0.0355,0.0022,8.07,-98.8
2026-09-24T06:14:21.212,2456.308,2.133,-21.05,69.83,0.0052,UAV,urban,0.0276,0.0003,8.7,-86.61
2026-09-24T06:14:21.683,,,-88.75,0.0,0.0,Background,suburban,,0.9832,9.26,-90.74
2026-09-24T06:14:22.602,2465.677,0.615,-18.57,72.3,2.0,Generic,quiet_rural,,0.0001,5.51,-98.26
2026-09-24T06:14:23.153,,,-88.6,0.0,0.0,Background,suburban,,0.9809,9.03,-90.4
2026-09-24T06:14:25.174,,,-88.5,0.0,0.0,Background,suburban,,0.978,10.27,-90.01
2026-09-24T06:14:25.809,2466.154,0.0,-72.04,6.19,0.0,Background,indoor_congested,,0.931,9.29,-76.29
2026-09-24T06:14:26.349,2477.042,3.896,-30.04,60.84,0.0064,UAV,indoor_congested,0.0157,0.0026,8.54,-76.86
2026-09-24T06:14:26.432,2416.201,33.633,-18.71,72.17,0.4417,WiFi,indoor_congested,0.737,0.0064,9.32,-79.83
2026-09-24T06:14:26.741,,,-90.52,0.0,0.0,Background,quiet_rural,,0.999,9.29,-99.35
2026-09-24T06:14:27.156,2453.14,2.584,-27.89,62.99,0.0156,UAV,indoor_congested,0.0216,0.0014,8.14,-76.97
2026-09-24T06:14:27.175,2441.955,0.0,-75.34,6.02,0.0,Background,indoor_congested,,0.9424,9.55,-79.67
2026-09-24T06:14:27.704,,,-90.61,0.0,0.0,Background,quiet_rural,,0.9993,9.03,-100.71
2026-09-24T06:14:31.596,2435.967,0.0,-74.48,6.11,0.0,Background,indoor_congested,,0.9394,10.41,-78.78
2026-09-24T06:14:32.274,2461.126,21.041,-36.58,54.3,0.09,WiFi,urban,0.903,0.0356,9.53,-83.92
2026-09-24T06:14:33.349,,,-89.06,0.0,0.0,Background,suburban,,0.9848,9.27,-91.44
2026-09-24T06:14:34.422,2416.37,1.107,-45.89,44.99,1.668,Generic,quiet_rural,,0.0661,6.57,-101.81
2026-09-24T06:14:34.483,2462.584,21.041,-39.32,51.55,0.478,WiFi,suburban,0.903,0.0567,9.37,-91.97
2026-09-24T06:14:34.758,2447.439,3.732,-30.84,60.04,0.0087,UAV,suburban,0.0459,0.003,9.14,-92.02
2026-09-24T06:14:35.169,2427.951,0.41,-35.17,55.71,0.943,Generic,suburban,0.394,0.0057,7.23,-91.36
2026-09-24T06:14:35.395,,,-89.65,0.0,0.0,Background,suburban,,0.9915,9.89,-93.43
2026-09-24T06:14:36.462,2447.508,1.477,-28.13,62.75,0.949,Generic,urban,0.339,0.0013,5.97,-83.47
2026-09-24T06:14:36.470,,,-85.84,0.0,0.0,Background,urban,,0.9593,9.04,-85.36
2026-09-24T06:14:36.505,2469.007,2.297,-8.7,82.18,0.0066,UAV,indoor_congested,0.0104,0.0,7.52,-78.49
2026-09-24T06:14:37.440,2481.658,0.0,-74.62,6.69,0.0,Background,indoor_congested,,0.9336,8.9,-79.48
2026-09-24T06:14:37.677,2411.233,4.799,-17.48,73.4,0.0053,UAV,quiet_rural,0.0231,0.0002,7.88,-99.45
2026-09-24T06:14:37.858,2470.725,1.107,-24.27,66.61,0.901,Generic,indoor_congested,0.269,0.0005,4.92,-78.86
2026-09-24T06:14:38.021,2436.452,21.082,-28.21,62.66,0.0993,WiFi,quiet_rural,0.3057,0.0084,9.76,-99.78
2026-09-24T06:14:39.186,2436.707,0.41,-29.0,61.88,0.9895,Generic,quiet_rural,0.232,0.0014,6.57,-101.03
2026-09-24T06:14:39.340,2459.635,1.641,-31.55,59.33,0.0047,UAV,suburban,0.0444,0.0028,6.77,-90.93
2026-09-24T06:14:39.513,2453.214,2.953,-27.56,63.31,0.0072,UAV,indoor_congested,0.0125,0.0013,8.71,-79.2
2026-09-24T06:14:39.819,2436.091,21.082,-24.23,66.65,0.1644,WiFi,indoor_congested,0.2283,0.0042,10.9,-79.9
2026-09-24T06:14:39.943,2434.55,3.527,-13.5,77.38,0.0051,UAV,quiet_rural,0.0473,0.0001,9.6,-99.26
2026-09-24T06:14:40.734,2411.588,21.123,-17.87,73.01,2.0,WiFi,quiet_rural,,0.0014,10.16,-99.26
2026-09-24T06:14:42.663,2439.82,1.066,-34.99,55.89,2.0,Generic,quiet_rural,,0.0058,6.83,-101.92
2026-09-24T06:14:43.278,2450.74,3.117,-2.55,88.32,0.0101,UAV,suburban,0.0466,0.0,7.38,-91.27
2026-09-24T06:14:44.356,2460.557,1.477,-35.22,55.66,0.9355,Generic,urban,1.912,0.0062,7.97,-86.1
2026-09-24T06:14:45.822,2414.638,31.869,-21.81,69.07,0.2763,WiFi,indoor_congested,0.284,0.0082,9.41,-76.78
2026-09-24T06:14:46.152,2434.325,4.717,-18.37,72.5,0.01,UAV,urban,0.0481,0.0002,7.66,-86.17
2026-09-24T06:14:47.379,2444.125,2.543,-10.82,80.06,0.0123,UAV,indoor_congested,0.0479,0.0,9.52,-79.47
2026-09-24T06:14:48.014,,,-84.53,0.0,0.0,Background,urban,,0.9504,9.86,-83.4
2026-09-24T06:14:50.508,2433.012,1.312,-30.65,60.23,0.887,Generic,indoor_congested,0.234,0.0021,5.41,-78.5
2026-09-24T06:14:50.704,2459.633,0.0,-75.21,6.27,0.0,Background,indoor_congested,,0.9354,10.4,-79.8
2026-09-24T06:14:53.994,2462.033,41.057,-41.38,49.49,0.1165,WiFi,suburban,0.5757,0.1957,10.53,-91.36
2026-09-24T06:14:55.145,2466.276,0.328,-37.39,53.48,0.9385,Generic,suburban,0.896,0.0095,6.07,-91.44
2026-09-24T06:14:55.216,2476.182,3.896,-10.06,80.82,0.0177,UAV,indoor_congested,0.0371,0.0,7.24,-78.74
2026-09-24T06:14:56.845,,,-90.43,0.0,0.0,Background,quiet_rural,,0.9983,10.44,-98.32
2026-09-24T06:14:57.206,2426.925,4.758,-26.05,64.83,0.0047,UAV,urban,0.0185,0.0012,7.77,-83.59
2026-09-24T06:14:59.054,2439.704,1.312,-38.13,52.74,0.975,Generic,urban,1.912,0.0118,8.65,-84.67
2026-09-24T06:14:59.319,2475.164,0.861,-29.87,61.01,0.843,Generic,suburban,0.537,0.0018,6.04,-93.35
2026-09-24T06:15:00.191,,,-88.55,0.0,0.0,Background,suburban,,0.9789,9.85,-90.1
2026-09-24T06:15:00.897,2412.511,21.123,-15.88,75.0,0.2628,WiFi,suburban,0.529,0.001,10.55,-90.36
2026-09-24T06:15:01.600,2468.636,0.041,-75.13,9.25,0.0,Background,urban,,0.9476,10.15,-83.28
2026-09-24T06:15:01.716,2416.014,33.756,-16.38,74.5,0.398,WiFi,suburban,0.867,0.0047,10.0,-92.21
2026-09-24T06:15:01.993,2410.053,1.559,-18.22,72.65,0.9505,Generic,urban,1.744,0.0001,6.58,-84.29
2026-09-24T06:15:02.226,2480.183,3.404,-13.6,77.28,0.0127,UAV,quiet_rural,0.0497,0.0001,8.36,-100.58
2026-09-24T06:15:02.470,2473.915,1.682,-22.46,68.42,0.005,UAV,urban,0.036,0.0004,6.24,-83.07
2026-09-24T06:15:02.725,2435.064,0.0,-73.94,6.54,0.0,Background,indoor_congested,,0.9356,10.25,-78.65
2026-09-24T06:15:03.013,2428.504,1.805,-5.72,85.16,2.0,UAV,indoor_congested,,0.0,6.69,-77.36
2026-09-24T06:15:04.240,2436.722,41.098,-21.27,69.61,0.201,WiFi,suburban,0.823,0.0185,10.27,-90.38
2026-09-24T06:15:04.718,2429.2,1.189,-41.33,49.55,0.9295,Generic,indoor_congested,1.532,0.0238,5.31,-77.17
2026-09-24T06:15:04.941,2471.208,0.984,-46.31,44.57,0.968,Generic,quiet_rural,1.123,0.072,6.62,-98.78
2026-09-24T06:15:06.257,2414.263,4.553,-8.81,82.07,2.0,UAV,suburban,,0.0,8.22,-92.51
2026-09-24T06:15:06.303,2462.761,41.057,-23.24,67.64,0.1987,WiFi,quiet_rural,0.6985,0.0235,10.05,-101.38
2026-09-24T06:15:06.515,2461.32,1.846,-29.3,61.58,2.0,UAV,suburban,,0.0017,7.22,-93.2
2026-09-24T06:15:07.495,2451.996,0.615,-22.14,68.74,0.823,Generic,quiet_rural,1.465,0.0003,6.44,-99.13
2026-09-24T06:15:08.397,2422.309,0.0,-74.4,6.21,0.0,Background,indoor_congested,,0.9357,10.1,-78.85
2026-09-24T06:15:08.565,2442.364,2.01,-2.78,88.1,0.0068,UAV,quiet_rural,0.0451,0.0,8.65,-100.23
2026-09-24T06:15:09.283,2416.224,1.271,-17.42,73.46,0.6123,Generic,quiet_rural,0.945,0.0001,5.4,-99.19
2026-09-24T06:15:12.040,2435.751,1.477,-24.86,66.02,0.8675,Generic,indoor_congested,0.831,0.0006,7.81,-77.97
2026-09-24T06:15:12.181,,,-86.22,0.0,0.0,Background,urban,,0.961,10.18,-85.87
2026-09-24T06:15:12.518,,,-90.67,0.0,0.0,Background,quiet_rural,,0.9996,9.68,-101.75
2026-09-24T06:15:12.592,2467.024,1.928,-9.03,81.84,2.0,UAV,quiet_rural,,0.0,7.56,-99.52
2026-09-24T06:15:13.336,,,-85.17,0.0,0.0,Background,urban,,0.951,9.82,-84.21
2026-09-24T06:15:13.873,2462.728,41.057,-31.43,59.45,0.3852,WiFi,quiet_rural,0.401,0.0611,9.48,-99.72
2026-09-24T06:15:16.197,2457.29,1.312,-20.49,70.38,0.919,Generic,suburban,0.376,0.0002,7.47,-93.09
2026-09-24T06:15:16.317,2437.843,1.148,-24.14,66.73,2.0,Generic,indoor_congested,,0.0005,7.69,-78.15
2026-09-24T06:15:16.448,2413.175,1.025,-33.66,57.22,0.796,Generic,urban,0.463,0.0042,6.38,-85.47
2026-09-24T06:15:17.865,2411.9,21.041,-34.15,56.73,0.1175,WiFi,suburban,0.519,0.0233,9.78,-93.13
2026-09-24T06:15:17.914,2440.7,4.184,-19.25,71.62,2.0,UAV,urban,,0.0002,7.97,-86.09
2026-09-24T06:15:18.345,2427.788,3.24,-23.3,67.58,0.0063,UAV,quiet_rural,0.0477,0.0005,7.73,-101.73
2026-09-24T06:15:18.948,2428.591,0.697,-28.12,62.76,0.847,Generic,quiet_rural,1.537,0.0012,7.16,-98.17
2026-09-24T06:15:19.380,2471.419,1.271,-18.1,72.78,2.0,Generic,urban,,0.0001,6.93,-84.1
2026-09-24T06:15:20.312,,,-88.58,0.0,0.0,Background,suburban,,0.9808,9.19,-90.22
2026-09-24T06:15:20.623,2437.635,41.098,-24.94,65.94,0.1836,WiFi,urban,0.27,0.0285,9.92,-84.46
2026-09-24T06:15:22.324,2467.288,0.697,-30.11,60.76,2.0,Generic,suburban,,0.0018,5.78,-91.17
2026-09-24T06:15:22.379,2461.793,41.098,-28.27,62.61,0.455,WiFi,indoor_congested,0.952,0.0423,9.98,-77.0
2026-09-24T06:15:23.633,2414.475,0.0,-72.21,6.63,0.0,Background,indoor_congested,,0.9351,11.0,-76.89
2026-09-24T06:15:24.408,2430.831,4.348,-17.93,72.95,0.006,UAV,urban,0.0101,0.0002,8.71,-84.15
2026-09-24T06:15:26.919,,,-88.87,0.0,0.0,Background,suburban,,0.982,9.59,-90.87
2026-09-24T06:15:27.022,2462.781,21.123,-17.65,73.23,0.34,WiFi,indoor_congested,0.962,0.0014,9.59,-76.06
2026-09-24T06:15:27.305,2415.855,32.812,-35.6,55.28,0.219,WiFi,quiet_rural,0.7305,0.0622,9.95,-99.06
2026-09-24T06:15:27.433,2403.983,3.938,-8.96,81.91,0.0034,UAV,suburban,0.0286,0.0,9.57,-93.42
2026-09-24T06:15:27.916,2449.252,4.266,-28.65,62.23,0.0069,UAV,indoor_congested,0.021,0.002,7.98,-77.78
2026-09-24T06:15:28.228,,,-89.13,0.0,0.0,Background,suburban,,0.9846,10.06,-91.65
2026-09-24T06:15:29.021,2446.042,0.656,-37.54,53.34,1.814,Generic,quiet_rural,,0.01,6.66,-101.5
2026-09-24T06:15:29.337,,,-85.92,0.0,0.0,Background,urban,,0.9589,9.66,-85.42
2026-09-24T06:15:29.390,2437.212,21.123,-15.76,75.12,0.075,WiFi,quiet_rural,0.745,0.001,9.2,-99.43
2026-09-24T06:15:29.458,2414.303,0.943,-44.52,46.36,0.91,Generic,quiet_rural,1.022,0.0485,6.88,-101.44
2026-09-24T06:15:30.842,2436.58,21.082,-26.51,64.36,0.306,WiFi,urban,0.4387,0.0063,9.12,-84.0
2026-09-24T06:15:30.940,,,-89.25,0.0,0.0,Background,suburban,,0.988,10.06,-92.21
2026-09-24T06:15:30.987,,,-86.42,0.0,0.0,Background,urban,,0.9618,10.34,-86.09
2026-09-24T06:15:32.468,,,-90.68,0.0,0.0,Background,quiet_rural,,0.9996,8.99,-101.79
2026-09-24T06:15:32.860,2405.299,4.512,-3.76,87.12,2.0,UAV,suburban,,0.0,8.01,-92.09
2026-09-24T06:15:33.572,2462.824,3.404,-11.9,78.98,0.015,UAV,indoor_congested,0.032,0.0,8.37,-79.92
2026-09-24T06:15:33.764,2435.845,21.082,-24.91,65.97,0.166,WiFi,suburban,0.8345,0.0048,8.75,-93.08
2026-09-24T06:15:34.512,2462.124,41.098,-25.53,65.34,2.0,WiFi,quiet_rural,,0.0307,10.3,-98.34
2026-09-24T06:15:36.338,,,-86.49,0.0,0.0,Background,urban,,0.96,9.4,-86.22
2026-09-24T06:15:36.501,2436.851,41.098,-24.16,66.71,0.2863,WiFi,indoor_congested,0.485,0.026,8.82,-79.52
2026-09-24T06:15:37.438,2477.047,0.615,-24.23,66.64,0.816,Generic,quiet_rural,1.259,0.0005,4.62,-100.45
2026-09-24T06:15:37.633,2436.884,21.082,-22.83,68.05,0.121,WiFi,suburban,0.9015,0.0033,9.17,-90.45
2026-09-24T06:15:40.953,2415.704,33.428,-36.83,54.05,2.0,WiFi,quiet_rural,,0.0766,10.1,-100.76
2026-09-24T06:15:41.044,2449.633,1.395,-26.8,64.08,2.0,Generic,suburban,,0.0009,6.53,-90.32
2026-09-24T06:15:41.715,2451.235,4.84,-3.7,87.18,0.0186,UAV,quiet_rural,0.022,0.0,8.19,-98.59
2026-09-24T06:15:42.563,2436.377,21.123,-13.23,77.64,0.3584,WiFi,suburban,0.4052,0.0006,9.65,-93.61
2026-09-24T06:15:42.747,2473.487,2.625,-23.9,66.97,0.0188,UAV,urban,0.0455,0.0006,8.28,-83.92
2026-09-24T06:15:43.696,2415.24,0.451,-25.4,65.48,0.8865,Generic,quiet_rural,0.563,0.0006,4.99,-98.48
2026-09-24T06:15:44.667,2408.65,0.0,-79.85,6.47,0.0,Background,urban,,0.9575,9.91,-85.92
2026-09-24T06:15:45.169,2418.56,1.271,-35.47,55.41,2.0,Generic,indoor_congested,,0.0064,5.53,-79.75
2026-09-24T06:15:45.691,2447.848,1.723,-29.73,61.15,0.0157,UAV,suburban,0.0212,0.0019,6.45,-90.11
2026-09-24T06:15:47.345,2472.072,0.615,-33.29,57.59,0.9995,Generic,urban,0.731,0.0038,7.43,-86.9
2026-09-24T06:15:48.316,2434.654,0.0,-73.38,6.3,0.0,Background,indoor_congested,,0.9323,11.22,-77.76
2026-09-24T06:15:48.690,2424.348,0.328,-35.57,55.31,0.795,Generic,suburban,1.995,0.0062,5.73,-91.14
2026-09-24T06:15:49.312,,,-85.04,0.0,0.0,Background,urban,,0.9536,9.69,-84.1
2026-09-24T06:15:49.653,,,-85.09,0.0,0.0,Background,urban,,0.9482,8.85,-84.06
2026-09-24T06:15:50.554,2431.581,5.168,-9.08,81.8,0.0046,UAV,suburban,0.0369,0.0,9.49,-91.68
2026-09-24T06:15:51.675,2435.797,41.139,-15.67,75.21,0.1475,WiFi,indoor_congested,0.3834,0.0097,10.75,-78.56
2026-09-24T06:15:52.767,2429.227,5.004,-2.47,88.41,0.0045,UAV,suburban,0.0237,0.0,7.45,-90.44
2026-09-24T06:15:53.395,2464.97,4.553,-20.41,70.47,0.0166,UAV,suburban,0.0452,0.0003,8.03,-90.09
2026-09-24T06:15:53.933,2422.224,3.732,-3.81,87.07,0.0152,UAV,quiet_rural,0.0374,0.0,8.74,-99.7
2026-09-24T06:15:55.208,,,-84.89,0.0,0.0,Background,urban,,0.9521,9.55,-84.07
2026-09-24T06:15:56.026,2418.84,1.23,-34.28,56.6,2.0,Generic,indoor_congested,,0.0048,9.06,-77.91
2026-09-24T06:15:56.573,2462.891,21.082,-20.82,70.06,0.452,WiFi,indoor_congested,0.972,0.0024,10.35,-79.38
2026-09-24T06:15:56.743,2462.618,0.533,-41.71,49.17,1.876,Generic,quiet_rural,,0.0254,6.75,-99.22
2026-09-24T06:15:57.610,2411.516,21.041,-40.28,50.6,2.0,WiFi,quiet_rural,,0.0667,8.34,-101.88
2026-09-24T06:15:58.373,2425.874,2.953,-25.8,65.08,0.0097,UAV,quiet_rural,0.0336,0.0009,9.13,-99.21
2026-09-24T06:15:59.491,2441.761,0.533,-40.52,50.36,0.8815,Generic,quiet_rural,1.041,0.0194,5.32,-99.28
2026-09-24T06:16:02.124,2448.596,4.963,-3.63,87.24,0.0143,UAV,quiet_rural,0.0498,0.0,8.68,-100.31
2026-09-24T06:16:03.230,2461.156,21.082,-20.57,70.31,0.372,WiFi,quiet_rural,0.93,0.0023,9.75,-100.1
2026-09-24T06:16:03.310,2436.129,41.057,-25.65,65.23,0.2888,WiFi,suburban,0.4285,0.031,9.37,-91.59
2026-09-24T06:16:04.602,2462.418,41.016,-40.06,50.82,0.1282,WiFi,suburban,0.3472,0.1676,9.04,-91.63
2026-09-24T06:16:05.338,2415.725,33.182,-37.78,53.09,0.242,WiFi,quiet_rural,0.851,0.0862,8.81,-100.99
2026-09-24T06:16:06.653,2412.965,21.041,-36.22,54.65,2.0,WiFi,indoor_congested,,0.0334,9.64,-79.56
2026-09-24T06:16:06.689,,,-88.84,0.0,0.0,Background,suburban,,0.9825,9.79,-90.91
2026-09-24T06:16:06.788,2470.799,3.732,-17.31,73.56,0.0148,UAV,suburban,0.0423,0.0002,7.96,-93.11
2026-09-24T06:16:06.804,2460.857,5.045,-15.14,75.74,0.0098,UAV,suburban,0.0247,0.0001,8.46,-93.44
2026-09-24T06:16:07.048,2439.613,0.861,-30.2,60.68,0.8945,Generic,urban,1.53,0.0019,8.32,-84.46
2026-09-24T06:16:07.213,2420.85,1.436,-42.55,48.33,2.0,Generic,urban,,0.0321,8.85,-85.1
2026-09-24T06:16:07.640,2481.2,2.912,-24.16,66.72,0.0032,UAV,suburban,0.0416,0.0006,7.67,-92.22
2026-09-24T06:16:07.768,,,-90.64,0.0,0.0,Background,quiet_rural,,0.9995,9.62,-101.07
2026-09-24T06:16:08.372,2431.295,0.738,-46.29,44.58,1.812,Generic,suburban,,0.0703,6.51,-91.01
2026-09-24T06:16:08.894,2476.037,1.477,-23.26,67.62,0.953,Generic,urban,0.863,0.0004,6.82,-83.48
2026-09-24T06:16:09.019,2445.984,3.938,-6.29,84.58,0.0033,UAV,quiet_rural,0.0367,0.0,8.33,-101.31
2026-09-24T06:16:12.693,,,-90.58,0.0,0.0,Background,quiet_rural,,0.9992,10.29,-100.09
2026-09-24T06:16:12.920,,,-90.56,0.0,0.0,Background,quiet_rural,,0.999,10.31,-99.74
2026-09-24T06:16:14.134,2430.761,2.379,-24.38,66.5,0.0031,UAV,indoor_congested,0.0273,0.0006,7.14,-76.64
2026-09-24T06:16:14.656,2431.427,1.312,-21.96,68.92,0.944,Generic,quiet_rural,0.372,0.0003,7.08,-101.23
2026-09-24T06:16:14.681,2462.052,2.133,-13.86,77.02,0.0072,UAV,indoor_congested,0.0409,0.0001,7.52,-77.42
2026-09-24T06:16:15.521,2457.968,4.471,-8.83,82.05,0.0027,UAV,quiet_rural,0.0211,0.0,8.92,-99.75
2026-09-24T06:16:16.134,2443.104,0.0,-79.72,6.43,0.0,Background,urban,,0.9587,10.2,-85.79
2026-09-24T06:16:17.051,2436.907,41.098,-19.44,71.44,0.3397,WiFi,urban,0.513,0.015,9.59,-83.32
2026-09-24T06:16:19.228,2415.697,33.182,-27.05,63.83,2.0,WiFi,suburban,,0.0194,10.43,-92.12
2026-09-24T06:16:19.434,,,-85.4,0.0,0.0,Background,urban,,0.9538,10.65,-84.62
2026-09-24T06:16:20.163,2461.506,41.057,-36.33,54.55,0.119,WiFi,urban,0.643,0.1087,10.09,-83.37
2026-09-24T06:16:20.789,2472.769,2.133,-8.77,82.1,0.0073,UAV,suburban,0.0375,0.0,7.44,-90.93
2026-09-24T06:16:21.518,2443.389,0.82,-25.35,65.53,2.0,Generic,urban,,0.0006,4.75,-86.18
2026-09-24T06:16:22.135,2441.497,0.738,-32.51,58.36,0.9325,Generic,urban,1.609,0.0032,5.79,-86.27
2026-09-24T06:16:23.472,2411.143,0.82,-30.52,60.36,0.902,Generic,suburban,1.386,0.002,6.37,-92.98
2026-09-24T06:16:23.957,,,-84.42,0.0,0.0,Background,urban,,0.9494,9.97,-83.29
2026-09-24T06:16:24.394,,,-85.71,0.0,0.0,Background,urban,,0.9529,9.83,-84.96
2026-09-24T06:16:24.554,2437.292,41.057,-24.4,66.47,0.253,WiFi,urban,0.435,0.0268,8.76,-86.8
2026-09-24T06:16:28.672,,,-84.83,0.0,0.0,Background,urban,,0.9523,10.81,-83.96
2026-09-24T06:16:28.856,2424.041,3.486,-23.84,67.04,0.016,UAV,quiet_rural,0.047,0.0006,7.82,-98.61
2026-09-24T06:16:29.532,2428.85,3.773,-23.88,66.99,0.0098,UAV,quiet_rural,0.0192,0.0007,9.17,-101.96
2026-09-24T06:16:32.247,2420.271,1.025,-28.95,61.92,1.934,Generic,urban,,0.0014,4.1,-83.29
2026-09-24T06:16:32.779,2450.954,4.922,-29.43,61.45,0.015,UAV,indoor_congested,0.0488,0.0025,9.44,-79.19
2026-09-24T06:16:32.782,2434.3,2.461,-13.62,77.26,0.0175,UAV,quiet_rural,0.0464,0.0001,8.33,-101.02
2026-09-24T06:16:33.252,2470.433,4.635,-18.62,72.26,0.0062,UAV,urban,0.0439,0.0002,8.92,-85.26
2026-09-24T06:16:33.793,2432.535,3.773,-20.59,70.29,0.0117,UAV,suburban,0.0209,0.0003,8.44,-91.04
2026-09-24T06:16:34.528,2436.887,41.098,-17.08,73.79,0.2395,WiFi,urban,0.3744,0.0114,9.91,-85.71
2026-09-24T06:16:34.909,2436.618,41.057,-31.52,59.36,0.1733,WiFi,indoor_congested,0.7435,0.0618,9.8,-79.33
2026-09-24T06:16:35.588,2456.601,3.65,-12.6,78.28,0.0032,UAV,indoor_congested,0.0385,0.0001,7.94,-76.16
2026-09-24T06:16:35.953,2436.927,41.139,-14.95,75.93,0.0794,WiFi,urban,0.317,0.0088,9.82,-85.48
2026-09-24T06:16:39.050,2470.577,1.395,-28.94,61.94,1.674,Generic,urban,,0.0015,6.71,-85.09
2026-09-24T06:16:39.646,2420.125,4.102,-27.26,63.61,0.013,UAV,urban,0.032,0.0014,8.86,-86.81
2026-09-24T06:16:40.234,2435.771,41.057,-33.86,57.01,2.0,WiFi,urban,,0.0812,9.38,-85.19
2026-09-24T06:16:41.010,,,-88.69,0.0,0.0,Background,suburban,,0.9813,9.68,-90.51
2026-09-24T06:16:41.518,,,-89.47,0.0,0.0,Background,suburban,,0.9893,9.89,-92.85
2026-09-24T06:16:42.878,2420.758,4.43,-26.25,64.63,2.0,UAV,indoor_congested,,0.0012,9.37,-76.42
2026-09-24T06:16:44.115,2446.106,0.533,-41.08,49.79,2.0,Generic,suburban,,0.0221,7.69,-91.86
2026-09-24T06:16:44.621,2437.131,21.082,-27.24,63.64,0.3988,WiFi,urban,0.4355,0.0072,9.09,-83.58
2026-09-24T06:16:44.763,2462.383,41.098,-28.37,62.51,0.2543,WiFi,suburban,0.7395,0.0427,9.52,-93.03
2026-09-24T06:16:45.387,2401.055,1.354,-23.0,67.88,0.8305,Generic,quiet_rural,1.724,0.0004,5.47,-101.73
2026-09-24T06:16:45.802,2453.755,1.354,-23.09,67.79,0.8555,Generic,indoor_congested,0.513,0.0004,6.63,-76.44
2026-09-24T06:16:46.221,,,-85.63,0.0,0.0,Background,urban,,0.9537,9.3,-84.91
2026-09-24T06:16:46.607,2406.965,1.559,-22.32,68.56,0.628,Generic,indoor_congested,0.6595,0.0003,7.17,-79.5
2026-09-24T06:16:48.210,2417.187,0.492,-34.3,56.58,1.879,Generic,urban,,0.0047,5.65,-85.51
2026-09-24T06:16:48.712,2436.758,21.041,-41.78,49.1,0.152,WiFi,suburban,0.495,0.0859,9.52,-91.4
2026-09-24T06:16:48.798,2415.557,32.73,-14.19,76.69,0.1361,WiFi,indoor_congested,0.2147,0.0031,9.63,-78.51
2026-09-24T06:16:48.831,2437.932,41.016,-39.78,51.1,0.182,WiFi,urban,0.839,0.1626,9.36,-86.79
2026-09-24T06:16:49.491,2426.301,1.312,-46.32,44.56,0.9745,Generic,indoor_congested,0.608,0.0718,6.78,-79.73
2026-09-24T06:16:49.688,,,-90.68,0.0,0.0,Background,quiet_rural,,0.9996,11.28,-101.9
2026-09-24T06:16:50.393,2436.87,41.057,-31.81,59.07,0.1952,WiFi,urban,0.4313,0.0639,10.28,-86.9
2026-09-24T06:16:55.676,2436.466,3.445,-11.71,79.17,0.0119,UAV,indoor_congested,0.04,0.0,10.13,-76.97
2026-09-24T06:16:57.648,2454.836,1.312,-25.0,65.87,2.0,Generic,suburban,,0.0006,5.71,-90.27
2026-09-24T06:16:57.906,,,-90.54,0.0,0.0,Background,quiet_rural,,0.999,9.51,-99.53
2026-09-24T06:16:58.195,,,-89.68,0.0,0.0,Background,suburban,,0.9924,10.1,-93.83
2026-09-24T06:17:00.177,2435.047,1.066,-42.35,48.53,2.0,Generic,suburban,,0.0304,6.45,-93.22
2026-09-24T06:17:00.320,,,-90.41,0.0,0.0,Background,quiet_rural,,0.9982,9.53,-98.04
2026-09-24T06:17:00.847,,,-90.63,0.0,0.0,Background,quiet_rural,,0.9994,9.67,-100.94
2026-09-24T06:17:01.888,2415.867,33.633,-39.48,51.4,0.2567,WiFi,quiet_rural,0.6885,0.1111,9.53,-101.12
2026-09-24T06:17:02.763,2477.951,2.543,-15.45,75.43,0.0176,UAV,urban,0.0423,0.0001,7.05,-83.6
2026-09-24T06:17:04.112,2449.077,1.436,-22.87,68.01,2.0,Generic,suburban,,0.0004,5.94,-91.33
2026-09-24T06:17:04.398,2442.472,1.395,-25.34,65.53,1.879,Generic,indoor_congested,,0.0006,6.89,-78.07
2026-09-24T06:17:06.482,2413.703,2.502,-8.3,82.58,0.0177,UAV,urban,0.02,0.0,7.86,-86.57
2026-09-24T06:17:07.352,2433.767,3.609,-23.02,67.85,0.0063,UAV,urban,0.0349,0.0005,8.46,-85.35
2026-09-24T06:17:07.722,2434.086,1.23,-34.63,56.25,0.7555,Generic,urban,1.144,0.0052,6.07,-83.3
2026-09-24T06:17:08.476,2437.656,41.098,-24.56,66.32,0.2325,WiFi,urban,0.865,0.0274,10.76,-86.06
2026-09-24T06:17:08.606,2449.568,3.855,-6.5,84.38,0.0038,UAV,suburban,0.0133,0.0,8.85,-92.66
2026-09-24T06:17:11.900,2412.946,21.164,-12.55,78.33,0.0466,WiFi,indoor_congested,0.255,0.0006,10.27,-78.03
2026-09-24T06:17:12.599,2461.623,21.082,-40.98,49.9,2.0,WiFi,urban,,0.0752,9.43,-84.29
2026-09-24T06:17:13.319,2416.679,0.41,-35.27,55.61,2.0,Generic,quiet_rural,,0.0058,6.08,-99.54
2026-09-24T06:17:13.587,,,-90.46,0.0,0.0,Background,quiet_rural,,0.9987,10.25,-98.67
2026-09-24T06:17:13.854,2469.808,2.215,-8.99,81.89,0.0111,UAV,quiet_rural,0.0298,0.0,8.73,-100.15
2026-09-24T06:17:14.728,2447.492,0.0,-72.2,6.35,0.0,Background,indoor_congested,,0.935,9.29,-76.59
2026-09-24T06:17:15.084,2406.846,0.0,-72.45,6.25,0.0,Background,indoor_congested,,0.9311,9.35,-76.76
2026-09-24T06:17:15.400,2458.046,3.158,-7.94,82.94,0.0062,UAV,urban,0.0494,0.0,8.16,-85.83
2026-09-24T06:17:16.372,,,-89.26,0.0,0.0,Background,suburban,,0.9877,9.13,-92.15
2026-09-24T06:17:17.549,2448.737,1.969,-28.77,62.11,0.01,UAV,quiet_rural,0.016,0.0016,7.54,-101.68
2026-09-24T06:17:18.258,2459.107,3.117,-28.44,62.44,0.0136,UAV,urban,0.0477,0.0017,8.82,-84.68
2026-09-24T06:17:19.560,2461.188,21.082,-30.63,60.25,2.0,WiFi,suburban,,0.0128,8.57,-90.42
2026-09-24T06:17:20.111,2405.82,0.0,-74.06,6.9,0.0,Background,indoor_congested,,0.9399,10.14,-79.25
2026-09-24T06:17:22.648,2470.525,3.24,-7.57,83.31,0.0154,UAV,indoor_congested,0.0383,0.0,7.22,-76.87
2026-09-24T06:17:24.373,2464.38,5.004,-19.54,71.33,0.0106,UAV,suburban,0.0494,0.0003,9.27,-93.97
2026-09-24T06:17:24.920,,,-89.23,0.0,0.0,Background,suburban,,0.9869,9.63,-91.95
2026-09-24T06:17:25.294,2459.228,3.158,-8.77,82.11,0.0134,UAV,urban,0.0385,0.0,7.76,-83.37
2026-09-24T06:17:25.899,2461.28,21.082,-32.28,58.6,0.263,WiFi,quiet_rural,0.763,0.017,9.76,-101.58
2026-09-24T06:17:28.293,,,-89.34,0.0,0.0,Background,suburban,,0.9876,9.61,-92.26
2026-09-24T06:17:28.711,2462.149,41.098,-26.04,64.84,2.0,WiFi,quiet_rural,,0.0323,9.35,-100.18
2026-09-24T06:17:29.426,2471.808,5.086,-4.77,86.11,0.0128,UAV,quiet_rural,0.0192,0.0,7.9,-100.1
2026-09-24T06:17:29.430,2472.884,4.799,-7.68,83.19,0.0138,UAV,indoor_congested,0.033,0.0,8.73,-78.94
2026-09-24T06:17:30.777,2436.435,21.082,-29.36,61.52,0.4063,WiFi,suburban,0.71,0.0103,9.0,-93.84
2026-09-24T06:17:31.326,2460.719,1.436,-23.08,67.79,0.808,Generic,indoor_congested,1.636,0.0004,7.52,-79.93
2026-09-24T06:17:31.482,2445.874,4.471,-6.33,84.54,0.0184,UAV,suburban,0.0253,0.0,8.37,-91.86
2026-09-24T06:17:31.721,2436.225,21.205,-13.98,76.9,0.0592,WiFi,suburban,0.2169,0.0007,9.61,-93.94
2026-09-24T06:17:32.018,2436.537,41.057,-36.14,54.74,0.1224,WiFi,urban,0.1879,0.106,9.66,-84.31
2026-09-24T06:17:32.269,2412.94,21.205,-13.64,77.24,0.0797,WiFi,quiet_rural,0.7935,0.0007,9.56,-101.7
2026-09-24T06:17:33.151,2410.922,1.436,-23.65,67.23,2.0,Generic,suburban,,0.0005,6.76,-93.55
2026-09-24T06:17:33.504,,,-84.84,0.0,0.0,Background,urban,,0.9546,9.18,-83.86
2026-09-24T06:17:33.897,,,-90.6,0.0,0.0,Background,quiet_rural,,0.9993,9.46,-100.59
2026-09-24T06:17:33.949,2421.902,1.805,-4.73,86.15,0.0164,UAV,suburban,0.0417,0.0,8.36,-91.82
2026-09-24T06:17:35.486,2462.666,21.082,-27.9,62.98,0.3485,WiFi,suburban,0.662,0.008,9.04,-92.63
2026-09-24T06:17:36.060,2419.787,0.041,-71.95,9.36,0.0,Background,indoor_congested,,0.9322,9.81,-79.59
2026-09-24T06:17:36.229,2446.631,0.0,-73.92,6.92,0.0,Background,indoor_congested,,0.9386,9.38,-79.15
2026-09-24T06:17:36.719,2462.588,21.164,-17.24,73.64,0.2507,WiFi,indoor_congested,0.6537,0.0013,9.13,-76.91
2026-09-24T06:17:38.892,2412.928,21.082,-28.71,62.17,0.0516,WiFi,urban,0.4198,0.0092,9.5,-84.43
2026-09-24T06:17:39.552,2480.024,1.271,-44.12,46.76,0.789,Generic,urban,1.935,0.045,7.4,-85.34
2026-09-24T06:17:40.786,2439.624,3.609,-15.37,75.51,2.0,UAV,quiet_rural,,0.0001,8.17,-99.63
2026-09-24T06:17:45.937,2462.143,41.057,-40.84,50.04,0.098,WiFi,urban,0.945,0.1827,11.44,-86.02
2026-09-24T06:17:47.011,2415.403,32.402,-13.73,77.15,2.0,WiFi,urban,,0.0028,9.46,-83.74
2026-09-24T06:17:48.537,2427.714,1.436,-20.93,69.94,1.675,Generic,indoor_congested,,0.0002,6.3,-79.91
2026-09-24T06:17:48.748,2437.893,41.098,-15.56,75.32,0.132,WiFi,urban,0.291,0.0095,11.36,-86.55
2026-09-24T06:17:50.382,2462.521,1.23,-44.78,46.1,1.714,Generic,urban,,0.0522,8.13,-85.75
2026-09-24T06:17:51.240,,,-84.45,0.0,0.0,Background,urban,,0.9497,9.19,-83.37
2026-09-24T06:17:51.282,2461.802,1.846,-4.37,86.51,0.0096,UAV,quiet_rural,0.0363,0.0,6.98,-98.42
2026-09-24T06:17:53.598,,,-90.67,0.0,0.0,Background,quiet_rural,,0.9995,9.8,-101.62
2026-09-24T06:17:55.402,2436.094,41.057,-30.03,60.85,0.0917,WiFi,quiet_rural,0.243,0.0516,11.33,-101.57
2026-09-24T06:17:55.599,2415.416,3.938,-15.12,75.75,0.0176,UAV,suburban,0.0352,0.0001,7.94,-93.67
2026-09-24T06:17:56.797,2462.111,41.016,-41.98,48.9,0.2339,WiFi,suburban,0.3002,0.209,10.22,-93.32
2026-09-24T06:17:56.914,2411.121,21.082,-23.86,67.02,0.225,WiFi,suburban,0.843,0.004,8.96,-92.03
2026-09-24T06:17:57.464,2424.8,2.584,-6.35,84.53,0.0042,UAV,indoor_congested,0.0268,0.0,8.86,-76.36
2026-09-24T06:17:58.354,2421.625,0.328,-40.86,50.02,0.84,Generic,quiet_rural,1.835,0.0206,6.54,-100.38
2026-09-24T06:17:58.613,2420.317,2.42,-30.65,60.22,0.0033,UAV,suburban,0.0258,0.0025,8.3,-91.16
2026-09-24T06:17:58.738,2461.264,21.123,-17.45,73.42,0.0525,WiFi,quiet_rural,0.1923,0.0013,9.58,-99.7
2026-09-24T06:17:59.052,,,-90.45,0.0,0.0,Background,quiet_rural,,0.9984,8.72,-98.52
2026-09-24T06:17:59.219,2462.486,41.18,-22.33,68.55,2.0,WiFi,indoor_congested,,0.021,9.33,-78.49
2026-09-24T06:17:59.268,2436.608,41.016,-42.04,48.84,2.0,WiFi,suburban,,0.2112,10.5,-92.04
2026-09-24T06:17:59.450,2477.68,0.0,-73.58,6.11,0.0,Background,indoor_congested,,0.9368,10.01,-77.9
2026-09-24T06:18:00.157,2423.767,0.533,-46.26,44.62,0.804,Generic,quiet_rural,0.92,0.069,6.29,-98.47
2026-09-24T06:18:00.618,2415.362,32.73,-17.87,73.01,2.0,WiFi,urban,,0.0052,8.98,-85.79
2026-09-24T06:18:00.711,2440.612,0.82,-18.57,72.31,1.855,Generic,suburban,,0.0001,4.75,-93.93
2026-09-24T06:18:01.381,2423.13,1.436,-22.78,68.1,2.0,Generic,urban,,0.0004,6.64,-84.91
2026-09-24T06:18:02.664,2466.969,1.436,-26.93,63.94,0.861,Generic,quiet_rural,0.931,0.0009,7.26,-101.04
2026-09-24T06:18:05.698,,,-89.12,0.0,0.0,Background,suburban,,0.9846,9.78,-91.49
2026-09-24T06:18:05.991,2415.098,32.443,-26.08,64.79,0.0473,WiFi,quiet_rural,0.2699,0.0159,10.34,-101.4
2026-09-24T06:18:06.373,2437.141,41.057,-22.06,68.82,0.4052,WiFi,indoor_congested,0.5363,0.0203,9.33,-79.0
2026-09-24T06:18:06.824,2427.904,4.635,-21.42,69.45,0.0154,UAV,suburban,0.0311,0.0004,9.56,-90.44
2026-09-24T06:18:11.232,2474.047,0.738,-21.53,69.34,0.9485,Generic,quiet_rural,0.891,0.0003,5.99,-99.24
2026-09-24T06:18:14.899,,,-90.66,0.0,0.0,Background,quiet_rural,,0.9996,9.81,-101.59
2026-09-24T06:18:15.001,2419.574,2.338,-20.8,70.08,0.0027,UAV,indoor_congested,0.0105,0.0003,8.41,-77.13
2026-09-24T06:18:15.232,2472.708,4.717,-29.38,61.5,0.0183,UAV,urban,0.0344,0.0024,7.85,-84.43
2026-09-24T06:18:16.591,2445.101,1.312,-26.38,64.49,0.9985,Generic,suburban,0.594,0.0008,5.91,-93.82
2026-09-24T06:18:16.944,2436.359,21.123,-14.54,76.34,0.1412,WiFi,suburban,0.4422,0.0008,9.23,-90.82
2026-09-24T06:18:18.326,2411.182,21.205,-12.9,77.98,0.205,WiFi,indoor_congested,0.6557,0.0006,9.84,-77.77
2026-09-24T06:18:18.530,2416.962,0.369,-42.94,47.94,0.885,Generic,suburban,1.408,0.0331,5.02,-91.05
2026-09-24T06:18:18.983,2463.006,21.082,-31.26,59.62,0.3607,WiFi,suburban,0.785,0.0143,9.28,-93.87
2026-09-24T06:18:19.419,2414.642,2.912,-26.97,63.91,0.0027,UAV,quiet_rural,0.017,0.0012,8.2,-98.67
2026-09-24T06:18:20.007,2415.298,31.91,-39.94,50.94,0.153,WiFi,quiet_rural,0.831,0.1087,9.42,-98.94
2026-09-24T06:18:20.144,2438.264,0.0,-78.3,6.22,0.0,Background,urban,,0.9489,10.15,-83.45
2026-09-24T06:18:21.201,2435.754,3.896,-8.35,82.52,0.007,UAV,suburban,0.0204,0.0,10.6,-90.19
2026-09-24T06:18:23.050,2436.882,41.139,-14.42,76.46,2.0,WiFi,quiet_rural,,0.0083,9.98,-101.21
2026-09-24T06:18:24.407,2444.429,4.717,-15.26,75.62,0.0091,UAV,suburban,0.036,0.0001,9.2,-91.05
2026-09-24T06:18:26.134,2444.85,2.379,-28.45,62.43,0.0183,UAV,quiet_rural,0.0303,0.0015,8.27,-99.93
2026-09-24T06:18:26.203,,,-89.18,0.0,0.0,Background,suburban,,0.9866,9.97,-91.84
2026-09-24T06:18:26.526,,,-90.64,0.0,0.0,Background,quiet_rural,,0.9994,9.87,-100.96
2026-09-24T06:18:26.654,2411.89,21.082,-38.07,52.81,0.3843,WiFi,suburban,0.6965,0.0458,10.12,-90.69
2026-09-24T06:18:27.675,2446.568,0.041,-71.63,9.87,0.0,Background,indoor_congested,,0.9362,9.92,-79.71
2026-09-24T06:18:28.887,2414.413,0.82,-21.98,68.9,0.9925,Generic,quiet_rural,0.54,0.0003,5.16,-99.05
2026-09-24T06:18:29.818,2459.485,1.846,-27.25,63.63,0.0153,UAV,quiet_rural,0.0354,0.0011,7.55,-98.55
2026-09-24T06:18:29.901,2451.266,0.0,-71.9,6.28,0.0,Background,indoor_congested,,0.9284,10.06,-76.19
2026-09-24T06:18:29.999,2479.944,0.369,-42.31,48.57,2.0,Generic,urban,,0.0286,3.44,-86.77
2026-09-24T06:18:30.241,,,-85.03,0.0,0.0,Background,urban,,0.9505,9.52,-83.99
2026-09-24T06:18:30.371,2455.43,0.82,-38.15,52.72,0.8695,Generic,quiet_rural,0.43,0.0116,6.48,-99.82
2026-09-24T06:18:30.374,2415.325,32.402,-41.71,49.16,2.0,WiFi,urban,,0.1426,9.91,-84.99
2026-09-24T06:18:30.753,2466.031,0.0,-78.34,6.25,0.0,Background,urban,,0.9477,10.14,-83.46
2026-09-24T06:18:31.783,,,-86.67,0.0,0.0,Background,urban,,0.964,8.92,-86.65
2026-09-24T06:18:32.199,2441.34,0.0,-79.03,6.62,0.0,Background,urban,,0.9513,9.75,-84.88
2026-09-24T06:18:32.348,2412.453,21.164,-12.59,78.29,2.0,WiFi,quiet_rural,,0.0006,8.84,-101.06
2026-09-24T06:18:33.110,2445.935,1.723,-17.87,73.01,0.0093,UAV,indoor_congested,0.0196,0.0001,8.86,-77.08
2026-09-24T06:18:34.345,2420.299,0.0,-72.87,6.6,0.0,Background,indoor_congested,,0.9298,10.19,-77.53
2026-09-24T06:18:35.641,2478.674,1.477,-31.36,59.51,2.0,Generic,quiet_rural,,0.0026,6.4,-98.91
2026-09-24T06:18:36.698,2422.126,3.65,-5.49,85.39,0.0183,UAV,quiet_rural,0.0393,0.0,8.12,-98.54
2026-09-24T06:18:36.751,2437.063,21.082,-26.85,64.03,0.1647,WiFi,suburban,0.7875,0.0067,9.37,-91.81
2026-09-24T06:18:37.645,,,-86.43,0.0,0.0,Background,urban,,0.9598,10.29,-86.03
2026-09-24T06:18:38.064,2451.22,2.625,-26.85,64.03,0.0121,UAV,suburban,0.0368,0.0011,7.53,-91.21
2026-09-24T06:18:38.152,2462.654,0.492,-24.8,66.07,2.0,Generic,suburban,,0.0005,6.56,-93.92
2026-09-24T06:18:39.262,2467.997,1.271,-17.94,72.94,2.0,Generic,urban,,0.0001,6.15,-86.67
2026-09-24T06:18:39.540,2405.403,2.994,-25.11,65.77,0.0141,UAV,urban,0.0236,0.0008,7.91,-83.53
2026-09-24T06:18:40.145,2436.61,41.139,-18.46,72.42,0.4017,WiFi,quiet_rural,0.5617,0.0133,10.35,-99.33
2026-09-24T06:18:40.467,2461.033,21.082,-25.65,65.22,2.0,WiFi,quiet_rural,,0.0054,9.91,-98.91
2026-09-24T06:18:41.893,,,-89.28,0.0,0.0,Background,suburban,,0.9872,9.51,-92.14
2026-09-24T06:18:42.088,2428.964,2.707,-12.99,77.89,0.0197,UAV,quiet_rural,0.0216,0.0001,8.96,-99.31
2026-09-24T06:18:43.400,2443.832,3.814,-5.46,85.42,0.0042,UAV,urban,0.0391,0.0,8.74,-86.22
2026-09-24T06:18:44.132,,,-90.66,0.0,0.0,Background,quiet_rural,,0.9996,9.35,-101.62
2026-09-24T06:18:44.309,2464.535,3.609,-13.99,76.89,0.0056,UAV,indoor_congested,0.0337,0.0001,7.59,-77.11
2026-09-24T06:18:44.379,2453.24,5.086,-31.08,59.8,0.0093,UAV,suburban,0.0114,0.0036,8.69,-93.46
2026-09-24T06:18:44.696,,,-78.9,0.0,0.0,Background,indoor_congested,,0.9338,10.61,-76.97
2026-09-24T06:18:46.636,2470.96,1.436,-25.19,65.69,2.0,Generic,indoor_congested,,0.0006,6.86,-79.62
2026-09-24T06:18:47.364,2403.389,0.533,-23.49,67.39,2.0,Generic,suburban,,0.0004,6.81,-90.72
2026-09-24T06:18:47.466,2431.974,3.363,-11.09,79.78,0.0067,UAV,quiet_rural,0.0213,0.0,8.71,-101.02
2026-09-24T06:18:47.529,2456.421,1.271,-28.35,62.53,0.9135,Generic,indoor_congested,0.537,0.0013,6.13,-76.33
2026-09-24T06:18:47.865,2462.428,41.057,-38.94,51.94,0.1392,WiFi,quiet_rural,0.285,0.1468,9.78,-98.77
2026-09-24T06:18:48.429,2462.107,2.994,-26.72,64.16,0.015,UAV,quiet_rural,0.0477,0.0011,8.63,-99.65
2026-09-24T06:18:49.479,2428.507,0.287,-39.62,51.26,0.9905,Generic,quiet_rural,0.539,0.0155,4.82,-101.04
2026-09-24T06:18:50.021,2434.353,4.348,-6.99,83.88,0.0134,UAV,suburban,0.0411,0.0,8.48,-91.92
2026-09-24T06:18:51.520,2461.621,1.271,-44.32,46.56,2.0,Generic,indoor_congested,,0.0467,7.47,-78.29
2026-09-24T06:18:52.671,2412.265,21.082,-31.4,59.48,0.229,WiFi,quiet_rural,0.6465,0.0146,8.76,-98.22
2026-09-24T06:18:54.494,2427.111,1.354,-43.98,46.89,2.0,Generic,indoor_congested,,0.0437,5.44,-79.38
2026-09-24T06:18:54.943,,,-86.89,0.0,0.0,Background,urban,,0.9634,9.18,-86.79
2026-09-24T06:18:58.247,2415.328,32.771,-30.37,60.5,0.303,WiFi,suburban,0.912,0.03,9.57,-92.26
2026-09-24T06:18:59.459,2478.574,1.928,-22.67,68.21,0.012,UAV,urban,0.0417,0.0004,8.18,-85.84
2026-09-24T06:18:59.672,2439.934,3.979,-15.7,75.18,2.0,UAV,urban,,0.0001,8.72,-85.81
2026-09-24T06:19:00.040,2415.106,31.91,-29.63,61.24,0.2878,WiFi,urban,0.635,0.0252,9.89,-84.54
2026-09-24T06:19:00.309,,,-90.48,0.0,0.0,Background,quiet_rural,,0.9986,9.71,-98.79
2026-09-24T06:19:00.989,2458.753,3.199,-24.09,66.79,0.0162,UAV,suburban,0.0259,0.0006,8.61,-90.26
2026-09-24T06:19:01.891,2462.405,41.098,-17.24,73.64,0.3033,WiFi,indoor_congested,0.7835,0.0116,10.04,-76.93
2026-09-24T06:19:02.482,2432.111,0.0,-75.34,6.02,0.0,Background,indoor_congested,,0.9374,9.58,-79.64
2026-09-24T06:19:02.499,2431.131,3.117,-3.39,87.48,0.0064,UAV,suburban,0.0232,0.0,9.47,-91.86
2026-09-24T06:19:03.756,,,-85.51,0.0,0.0,Background,urban,,0.9527,9.88,-84.72
2026-09-24T06:19:05.526,,,-88.59,0.0,0.0,Background,suburban,,0.98,9.72,-90.19
2026-09-24T06:19:06.738,,,-90.64,0.0,0.0,Background,quiet_rural,,0.9995,8.96,-101.26
2026-09-24T06:19:06.860,,,-89.47,0.0,0.0,Background,suburban,,0.9905,9.77,-92.82
2026-09-24T06:19:07.266,2462.817,21.082,-30.05,60.82,0.365,WiFi,indoor_congested,0.991,0.0116,8.74,-78.38
2026-09-24T06:19:07.699,,,-90.57,0.0,0.0,Background,quiet_rural,,0.9993,9.63,-100.17
2026-09-24T06:19:08.014,2415.719,33.305,-26.06,64.82,2.0,WiFi,quiet_rural,,0.017,9.23,-99.43
2026-09-24T06:19:08.282,2443.41,1.271,-30.29,60.59,0.9955,Generic,urban,0.835,0.002,7.43,-84.4
2026-09-24T06:19:08.616,2473.305,0.205,-42.79,48.09,1.676,Generic,quiet_rural,,0.0317,5.68,-98.41
2026-09-24T06:19:08.997,2436.944,21.082,-29.31,61.57,0.17,WiFi,suburban,0.805,0.0102,9.46,-92.38
2026-09-24T06:19:10.160,2415.125,31.828,-18.95,71.93,0.0943,WiFi,indoor_congested,0.8475,0.0055,9.5,-77.48
2026-09-24T06:19:10.380,2462.157,0.451,-40.85,50.02,2.0,Generic,urban,,0.021,5.66,-84.71
2026-09-24T06:19:10.381,2474.289,1.518,-22.18,68.7,0.959,Generic,urban,0.538,0.0003,6.5,-83.6
2026-09-24T06:19:10.449,2436.202,21.041,-38.58,52.29,2.0,WiFi,indoor_congested,,0.0501,8.9,-77.6
2026-09-24T06:19:10.775,,,-88.83,0.0,0.0,Background,suburban,,0.9821,9.28,-90.74
2026-09-24T06:19:12.336,2444.007,0.82,-38.42,52.46,0.569,Generic,quiet_rural,0.9835,0.0124,8.61,-101.81
2026-09-24T06:19:12.755,,,-86.76,0.0,0.0,Background,urban,,0.9638,9.47,-86.78
2026-09-24T06:19:13.345,,,-88.7,0.0,0.0,Background,suburban,,0.9822,9.71,-90.55
2026-09-24T06:19:13.810,2451.857,1.764,-20.93,69.95,0.0135,UAV,indoor_congested,0.0208,0.0003,7.61,-77.43
2026-09-24T06:19:13.921,2406.635,5.127,-5.43,85.45,0.0151,UAV,urban,0.0405,0.0,7.79,-85.44
2026-09-24T06:19:17.134,2462.753,41.098,-20.39,70.49,0.3033,WiFi,suburban,0.9305,0.0168,9.86,-92.62
2026-09-24T06:19:17.379,,,-90.49,0.0,0.0,Background,quiet_rural,,0.9988,9.19,-98.92
2026-09-24T06:19:17.493,2462.126,21.164,-13.16,77.72,0.1044,WiFi,indoor_congested,0.4973,0.0006,9.84,-76.25
2026-09-24T06:19:19.627,,,-86.09,0.0,0.0,Background,urban,,0.9556,9.24,-85.57
2026-09-24T06:19:21.462,2409.86,0.697,-44.76,46.12,0.9975,Generic,suburban,0.73,0.0504,5.63,-92.62
2026-09-24T06:19:24.574,2412.3,21.041,-30.94,59.94,0.1487,WiFi,suburban,0.4797,0.0135,9.75,-91.29
2026-09-24T06:19:25.456,2441.429,3.65,-21.63,69.25,0.0042,UAV,urban,0.0187,0.0004,10.32,-86.47
2026-09-24T06:19:26.174,,,-86.15,0.0,0.0,Background,urban,,0.9596,9.39,-85.77
2026-09-24T06:19:26.432,2427.712,2.051,-20.05,70.83,0.0111,UAV,suburban,0.0488,0.0002,7.23,-90.54
2026-09-24T06:19:26.929,2418.265,2.461,-28.76,62.12,0.0104,UAV,quiet_rural,0.0143,0.0017,7.36,-101.05
2026-09-24T06:19:27.079,2475.834,0.0,-73.18,6.04,0.0,Background,indoor_congested,,0.9349,9.82,-77.33
2026-09-24T06:19:27.165,2453.083,1.518,-20.04,70.84,0.853,Generic,suburban,0.8,0.0002,6.62,-93.7
2026-09-24T06:19:28.094,2435.209,0.943,-37.04,53.83,0.7925,Generic,suburban,1.108,0.0091,5.75,-92.96
2026-09-24T06:19:28.250,2437.666,21.164,-16.06,74.82,0.2233,WiFi,indoor_congested,0.889,0.001,8.81,-79.06
2026-09-24T06:19:28.879,2428.927,3.65,-18.41,72.46,0.0153,UAV,urban,0.0297,0.0002,8.61,-85.37
2026-09-24T06:19:30.724,2475.706,1.969,-17.42,73.46,0.0031,UAV,indoor_congested,0.0444,0.0001,7.37,-78.39
2026-09-24T06:19:30.927,2411.822,21.082,-31.0,59.88,0.0897,WiFi,suburban,0.693,0.0136,10.08,-90.56
2026-09-24T06:19:34.525,2481.855,1.354,-27.36,63.51,0.996,Generic,urban,1.094,0.001,8.74,-85.69
2026-09-24T06:19:35.202,2413.249,0.41,-27.41,63.47,2.0,Generic,quiet_rural,,0.001,3.68,-99.25
2026-09-24T06:19:37.978,,,-85.48,0.0,0.0,Background,urban,,0.9544,9.57,-84.73
2026-09-24T06:19:38.590,,,-90.56,0.0,0.0,Background,quiet_rural,,0.9991,9.11,-99.77
2026-09-24T06:19:40.596,2445.166,1.477,-21.0,69.87,2.0,Generic,urban,,0.0003,4.56,-86.06
2026-09-24T06:19:43.016,,,-84.79,0.0,0.0,Background,urban,,0.9495,9.63,-83.81
2026-09-24T06:19:43.127,2445.014,5.086,-14.23,76.65,0.0142,UAV,suburban,0.0302,0.0001,9.4,-91.35
2026-09-24T06:19:43.880,,,-84.54,0.0,0.0,Background,urban,,0.9545,9.86,-83.62
2026-09-24T06:19:44.830,2424.477,3.24,-15.56,75.31,0.0101,UAV,quiet_rural,0.0424,0.0001,8.68,-99.41
2026-09-24T06:19:46.888,2439.207,0.0,-75.2,6.11,0.0,Background,indoor_congested,,0.9372,9.86,-79.63
2026-09-24T06:19:47.653,2436.78,41.057,-36.34,54.54,0.3907,WiFi,suburban,0.682,0.109,10.06,-90.42
2026-09-24T06:19:48.196,2451.053,1.395,-26.86,64.02,0.8415,Generic,urban,0.601,0.0009,6.25,-85.48
2026-09-24T06:19:48.880,,,-88.75,0.0,0.0,Background,suburban,,0.9814,9.53,-90.57
2026-09-24T06:19:49.988,2413.542,1.436,-38.23,52.64,1.819,Generic,indoor_congested,,0.0123,8.07,-77.98
2026-09-24T06:19:51.704,2453.445,1.436,-23.76,67.12,0.544,Generic,urban,0.7745,0.0005,6.14,-84.27
2026-09-24T06:19:51.852,2433.029,4.143,-22.09,68.78,0.0101,UAV,urban,0.0115,0.0005,8.4,-83.98
2026-09-24T06:19:52.026,2437.629,41.057,-34.64,56.24,2.0,WiFi,suburban,,0.089,10.17,-90.89
2026-09-24T06:19:52.782,,,-84.68,0.0,0.0,Background,urban,,0.9518,9.2,-83.69
2026-09-24T06:19:54.392,2411.839,1.189,-29.57,61.31,2.0,Generic,suburban,,0.0017,5.02,-91.45
2026-09-24T06:19:54.558,2462.82,41.057,-30.05,60.83,0.167,WiFi,suburban,0.716,0.0521,9.54,-91.82
2026-09-24T06:19:56.894,2415.504,1.477,-35.59,55.28,2.0,Generic,urban,,0.0068,8.37,-84.11
2026-09-24T06:19:57.455,2419.663,3.568,-8.67,82.21,0.0087,UAV,suburban,0.0189,0.0,8.38,-90.53
2026-09-24T06:19:57.476,2423.334,0.0,-73.89,6.55,0.0,Background,indoor_congested,,0.9332,9.89,-78.52
2026-09-24T06:19:58.388,2478.392,1.271,-46.66,44.21,2.0,Generic,indoor_congested,,0.0775,6.26,-77.92
2026-09-24T06:20:00.474,2417.453,3.814,-28.35,62.52,0.014,UAV,urban,0.0305,0.0018,7.87,-86.1
2026-09-24T06:20:01.736,2414.45,0.697,-21.8,69.08,2.0,Generic,quiet_rural,,0.0003,6.34,-98.34
2026-09-24T06:20:01.827,2426.06,0.656,-33.58,57.3,0.918,Generic,quiet_rural,1.348,0.0041,6.45,-98.65
2026-09-24T06:20:02.301,2415.697,33.428,-21.23,69.65,2.0,WiFi,suburban,,0.0089,9.83,-92.54
2026-09-24T06:20:03.559,2461.287,21.123,-21.32,69.56,2.0,WiFi,urban,,0.0026,9.72,-86.82
2026-09-24T06:20:03.715,,,-90.49,0.0,0.0,Background,quiet_rural,,0.9986,9.26,-98.89
2026-09-24T06:20:03.828,2477.38,2.051,-14.03,76.85,0.0105,UAV,indoor_congested,0.0124,0.0001,6.37,-77.54
2026-09-24T06:20:05.595,2430.657,2.461,-16.54,74.34,0.012,UAV,indoor_congested,0.0407,0.0001,6.83,-79.97
2026-09-24T06:20:06.215,2436.753,41.098,-16.29,74.59,0.3125,WiFi,urban,0.474,0.0104,8.87,-84.77
2026-09-24T06:20:06.838,2415.246,3.322,-21.84,69.04,0.008,UAV,urban,0.0396,0.0004,7.61,-85.81
2026-09-24T06:20:07.129,2437.949,41.098,-18.61,72.27,2.0,WiFi,urban,,0.0136,10.34,-84.07
2026-09-24T06:20:08.468,,,-90.42,0.0,0.0,Background,quiet_rural,,0.9982,10.2,-98.13
2026-09-24T06:20:08.676,2411.283,21.123,-15.86,75.02,0.0695,WiFi,indoor_congested,0.821,0.001,10.45,-76.06
2026-09-24T06:20:08.892,,,-89.7,0.0,0.0,Background,suburban,,0.9913,10.65,-93.71
2026-09-24T06:20:10.515,,,-90.48,0.0,0.0,Background,quiet_rural,,0.9986,9.69,-98.8
2026-09-24T06:20:10.828,,,-90.64,0.0,0.0,Background,quiet_rural,,0.9995,9.39,-101.17
2026-09-24T06:20:12.352,2452.592,1.271,-41.33,49.55,0.975,Generic,indoor_congested,1.301,0.024,6.91,-79.86
2026-09-24T06:20:13.126,2433.178,0.0,-73.43,6.92,0.0,Background,indoor_congested,,0.9295,10.26,-78.46
2026-09-24T06:20:14.143,2457.252,1.477,-34.37,56.51,0.7755,Generic,indoor_congested,1.12,0.0052,6.03,-79.42
2026-09-24T06:20:14.511,2401.53,1.025,-31.61,59.27,0.815,Generic,urban,1.639,0.0026,5.15,-84.43
2026-09-24T06:20:14.626,2407.516,2.502,-7.77,83.11,0.0146,UAV,suburban,0.0422,0.0,7.81,-90.2
2026-09-24T06:20:15.372,,,-90.67,0.0,0.0,Background,quiet_rural,,0.9995,10.15,-101.49
2026-09-24T06:20:15.910,2405.798,1.436,-20.75,70.13,1.937,Generic,quiet_rural,,0.0002,7.52,-99.49
2026-09-24T06:20:16.407,,,-88.93,0.0,0.0,Background,suburban,,0.9843,10.55,-91.13
2026-09-24T06:20:17.573,,,-90.55,0.0,0.0,Background,quiet_rural,,0.9991,10.46,-99.87
2026-09-24T06:20:18.672,2408.907,3.322,-8.25,82.63,0.0181,UAV,indoor_congested,0.0291,0.0,7.08,-77.93
2026-09-24T06:20:18.747,2412.047,0.82,-29.69,61.19,0.992,Generic,urban,1.783,0.0017,5.54,-84.75
2026-09-24T06:20:21.329,2454.221,2.42,-28.93,61.95,0.003,UAV,indoor_congested,0.0448,0.0017,7.12,-78.47
2026-09-24T06:20:22.028,2437.282,21.082,-28.98,61.9,2.0,WiFi,indoor_congested,,0.0096,9.5,-79.3
2026-09-24T06:20:22.453,2411.659,21.082,-37.59,53.28,0.3743,WiFi,suburban,0.8205,0.0423,9.43,-90.17
2026-09-24T06:20:23.093,2462.062,41.098,-22.47,68.41,0.2277,WiFi,suburban,0.6233,0.0214,9.6,-90.18
2026-09-24T06:20:23.408,,,-88.67,0.0,0.0,Background,suburban,,0.9788,10.54,-90.41
2026-09-24T06:20:23.840,2421.394,3.773,-5.06,85.82,0.0056,UAV,urban,0.0322,0.0,8.29,-84.19
2026-09-24T06:20:24.338,2420.504,0.0,-72.65,6.35,0.0,Background,indoor_congested,,0.9326,10.53,-77.1
2026-09-24T06:20:25.531,2436.499,21.082,-25.16,65.72,0.1675,WiFi,indoor_congested,0.3284,0.005,8.89,-79.12
2026-09-24T06:20:25.589,2468.244,1.354,-33.68,57.2,2.0,Generic,quiet_rural,,0.0044,7.25,-101.28
2026-09-24T06:20:26.573,2455.054,3.855,-9.33,81.55,0.0183,UAV,quiet_rural,0.0386,0.0,8.68,-100.68
2026-09-24T06:20:26.689,2463.084,21.041,-38.3,52.58,0.0627,WiFi,urban,0.708,0.0475,8.92,-86.45
2026-09-24T06:20:27.336,2464.856,4.717,-15.84,75.04,0.0051,UAV,urban,0.0453,0.0001,8.72,-85.41
2026-09-24T06:20:27.900,2471.938,0.0,-73.53,6.19,0.0,Background,indoor_congested,,0.9373,10.5,-77.93
2026-09-24T06:20:28.711,2418.758,4.307,-10.78,80.1,0.0086,UAV,indoor_congested,0.0305,0.0,7.82,-78.6
2026-09-24T06:20:29.994,2453.581,0.041,-68.78,9.52,0.0,Background,indoor_congested,,0.9308,8.17,-76.3
2026-09-24T06:20:30.254,,,-90.64,0.0,0.0,Background,quiet_rural,,0.9995,9.12,-101.19
2026-09-24T06:20:30.647,,,-86.39,0.0,0.0,Background,urban,,0.9606,9.57,-86.05
2026-09-24T06:20:30.835,2447.766,0.246,-44.69,46.19,2.0,Generic,quiet_rural,,0.0482,5.27,-98.74
2026-09-24T06:20:30.965,,,-90.68,0.0,0.0,Background,quiet_rural,,0.9996,9.57,-101.91
2026-09-24T06:20:32.012,,,-88.82,0.0,0.0,Background,suburban,,0.9827,8.9,-90.88
2026-09-24T06:20:32.089,,,-85.26,0.0,0.0,Background,urban,,0.9499,9.28,-84.34
2026-09-24T06:20:32.519,2454.076,4.184,-26.13,64.75,0.013,UAV,suburban,0.0179,0.0011,8.01,-92.09
2026-09-24T06:20:33.572,2456.603,3.445,-13.79,77.09,0.0041,UAV,indoor_congested,0.0259,0.0001,8.55,-79.67
2026-09-24T06:20:33.616,2411.388,4.143,-11.21,79.67,0.0103,UAV,quiet_rural,0.0287,0.0,8.56,-101.17
2026-09-24T06:20:34.001,,,-90.66,0.0,0.0,Background,quiet_rural,,0.9996,9.54,-101.54
2026-09-24T06:20:36.079,2410.857,1.271,-33.4,57.48,0.819,Generic,quiet_rural,0.706,0.0041,8.69,-101.48
2026-09-24T06:20:36.408,2417.672,3.896,-10.28,80.6,0.0027,UAV,indoor_congested,0.0329,0.0,8.78,-76.27
2026-09-24T06:20:36.493,2437.264,41.057,-18.94,71.93,0.097,WiFi,quiet_rural,0.788,0.014,10.1,-99.36
2026-09-24T06:20:36.809,2433.172,1.354,-18.99,71.89,0.785,Generic,urban,1.552,0.0002,6.77,-86.91
2026-09-24T06:20:39.555,2411.497,1.436,-29.24,61.64,0.825,Generic,suburban,1.582,0.0016,6.64,-93.4
2026-09-24T06:20:40.280,2461.514,1.395,-22.54,68.34,0.595,Generic,indoor_congested,0.9145,0.0003,6.74,-76.64
2026-09-24T06:20:40.450,2468.146,1.107,-40.67,50.21,2.0,Generic,suburban,,0.0209,8.57,-90.88
2026-09-24T06:20:40.512,2444.94,3.076,-9.15,81.73,0.0043,UAV,urban,0.0439,0.0,9.49,-84.8
2026-09-24T06:20:41.058,2476.804,0.779,-36.16,54.72,2.0,Generic,suburban,,0.0074,6.26,-93.9
2026-09-24T06:20:41.831,,,-90.64,0.0,0.0,Background,quiet_rural,,0.9995,9.7,-101.33
2026-09-24T06:20:44.491,2449.01,0.0,-72.7,6.35,0.0,Background,indoor_congested,,0.9334,11.01,-77.12
2026-09-24T06:20:44.581,2434.598,1.148,-20.9,69.98,1.8,Generic,indoor_congested,,0.0002,7.35,-78.3
2026-09-24T06:20:44.850,2470.684,4.635,-11.62,79.26,0.0134,UAV,urban,0.0188,0.0,8.37,-85.96
2026-09-24T06:20:45.330,2430.6,1.559,-18.2,72.68,0.4787,Generic,suburban,0.8315,0.0001,8.11,-93.77
2026-09-24T06:20:45.773,2406.302,1.271,-26.26,64.61,0.7505,Generic,indoor_congested,1.716,0.0008,7.11,-76.43
2026-09-24T06:20:45.810,2421.985,4.512,-28.02,62.86,0.0164,UAV,suburban,0.0285,0.0018,8.7,-90.22
2026-09-24T06:20:47.086,,,-90.48,0.0,0.0,Background,quiet_rural,,0.9987,9.72,-98.92
2026-09-24T06:20:47.162,2415.825,33.387,-26.33,64.55,0.0874,WiFi,quiet_rural,0.4587,0.018,9.56,-101.85
2026-09-24T06:20:47.880,2402.067,0.533,-25.24,65.64,0.9085,Generic,suburban,1.209,0.0006,6.78,-92.3
2026-09-24T06:20:48.855,,,-90.41,0.0,0.0,Background,quiet_rural,,0.9983,10.47,-98.1
2026-09-24T06:20:49.423,2429.076,0.0,-74.81,6.62,0.0,Background,indoor_congested,,0.936,9.5,-79.66
2026-09-24T06:20:49.649,2400.611,0.0,-73.4,6.75,0.0,Background,indoor_congested,,0.9309,10.33,-78.19
2026-09-24T06:20:49.972,2453.298,0.041,-69.7,9.41,0.0,Background,indoor_congested,,0.9315,8.99,-77.15
2026-09-24T06:20:50.244,,,-90.48,0.0,0.0,Background,quiet_rural,,0.9986,9.3,-98.75
2026-09-24T06:20:50.587,2412.589,21.041,-38.79,52.08,2.0,WiFi,urban,,0.0518,9.09,-85.03
2026-09-24T06:20:57.251,2461.92,41.098,-27.34,63.54,0.142,WiFi,urban,0.605,0.0377,9.51,-85.21
2026-09-24T06:20:57.380,2415.702,33.428,-15.31,75.57,0.2963,WiFi,suburban,0.704,0.0039,8.78,-91.57
2026-09-24T06:20:57.792,2468.728,1.395,-32.9,57.98,0.992,Generic,urban,0.063,0.0036,7.7,-84.66
2026-09-24T06:20:58.324,2478.78,3.773,-31.21,59.67,0.0032,UAV,indoor_congested,0.0147,0.0033,9.16,-79.6
2026-09-24T06:20:58.557,2464.924,0.0,-74.66,6.62,0.0,Background,indoor_congested,,0.9379,10.22,-79.5
2026-09-24T06:20:59.511,2437.248,21.123,-17.59,73.29,0.303,WiFi,quiet_rural,0.73,0.0014,9.52,-99.0
2026-09-24T06:20:59.542,2458.679,0.533,-42.27,48.61,0.9365,Generic,quiet_rural,1.486,0.0287,6.63,-100.74
2026-09-24T06:20:59.744,2449.574,3.527,-4.62,86.25,0.0158,UAV,urban,0.0309,0.0,8.46,-84.41
2026-09-24T06:21:00.458,,,-90.64,0.0,0.0,Background,quiet_rural,,0.9996,9.05,-101.21
2026-09-24T06:21:00.843,,,-90.47,0.0,0.0,Background,quiet_rural,,0.9986,9.65,-98.75
2026-09-24T06:21:01.520,2478.88,0.451,-32.25,58.63,2.0,Generic,urban,,0.003,7.44,-86.59
2026-09-24T06:21:02.244,2415.846,2.707,-26.57,64.3,0.0153,UAV,suburban,0.0487,0.001,8.01,-93.07
2026-09-24T06:21:02.716,,,-90.4,0.0,0.0,Background,quiet_rural,,0.9981,9.22,-98.02
2026-09-24T06:21:02.909,2467.401,2.666,-5.47,85.4,0.0171,UAV,quiet_rural,0.0481,0.0,8.39,-101.73
2026-09-24T06:21:02.932,2462.66,21.041,-39.65,51.23,0.0746,WiFi,quiet_rural,0.2424,0.0598,10.05,-99.94
2026-09-24T06:21:04.044,2477.346,1.518,-23.26,67.61,0.941,Generic,urban,1.529,0.0004,7.25,-86.62
2026-09-24T06:21:04.752,2407.803,1.271,-46.32,44.55,2.0,Generic,indoor_congested,,0.0719,8.38,-76.4
2026-09-24T06:21:05.320,2463.037,0.0,-78.04,6.33,0.0,Background,urban,,0.9492,9.84,-83.29
2026-09-24T06:21:07.426,,,-90.41,0.0,0.0,Background,quiet_rural,,0.9982,10.33,-98.12
2026-09-24T06:21:09.521,2411.328,21.082,-28.69,62.19,2.0,WiFi,urban,,0.0092,10.92,-85.78
2026-09-24T06:21:09.955,2431.685,4.963,-15.88,75.0,0.0031,UAV,indoor_congested,0.011,0.0001,8.47,-76.11
2026-09-24T06:21:10.032,2469.653,1.436,-35.61,55.27,0.638,Generic,urban,0.9955,0.0068,7.65,-85.11
2026-09-24T06:21:10.688,2441.748,1.107,-39.01,51.87,0.9585,Generic,quiet_rural,1.031,0.0144,6.26,-98.26
2026-09-24T06:21:10.936,2461.768,3.855,-2.05,88.83,0.0184,UAV,suburban,0.0288,0.0,7.37,-92.15
2026-09-24T06:21:11.037,,,-86.42,0.0,0.0,Background,urban,,0.958,9.93,-86.08
2026-09-24T06:21:11.304,2436.07,41.016,-40.87,50.01,0.332,WiFi,quiet_rural,0.6383,0.1848,11.8,-98.84
2026-09-24T06:21:11.465,2436.574,41.098,-24.75,66.12,0.4127,WiFi,suburban,0.693,0.0279,9.78,-92.67
2026-09-24T06:21:13.658,2437.717,41.139,-17.18,73.7,0.1793,WiFi,quiet_rural,0.592,0.0115,10.04,-98.46
2026-09-24T06:21:13.781,2436.977,21.082,-40.1,50.78,0.0553,WiFi,indoor_congested,0.605,0.0646,9.84,-79.9
2026-09-24T06:21:16.359,2421.337,3.814,-23.87,67.01,2.0,UAV,urban,,0.0007,9.54,-84.68
2026-09-24T06:21:16.768,,,-89.5,0.0,0.0,Background,suburban,,0.9903,10.5,-92.94
2026-09-24T06:21:17.239,2471.987,2.051,-24.21,66.67,0.0104,UAV,suburban,0.0496,0.0006,7.77,-91.54
2026-09-24T06:21:18.020,,,-90.59,0.0,0.0,Background,quiet_rural,,0.9993,9.74,-100.3
2026-09-24T06:21:18.082,,,-90.66,0.0,0.0,Background,quiet_rural,,0.9996,9.89,-101.64
2026-09-24T06:21:19.212,,,-90.55,0.0,0.0,Background,quiet_rural,,0.999,9.66,-99.65
2026-09-24T06:21:19.304,2462.022,3.855,-7.68,83.19,0.0198,UAV,suburban,0.0449,0.0,8.77,-92.57
2026-09-24T06:21:19.876,2401.031,0.369,-39.36,51.51,1.639,Generic,suburban,,0.0148,6.29,-92.1
2026-09-24T06:21:20.001,2402.789,1.066,-19.23,71.65,2.0,Generic,indoor_congested,,0.0002,8.36,-78.67
2026-09-24T06:21:20.449,,,-90.53,0.0,0.0,Background,quiet_rural,,0.9989,9.51,-99.53
2026-09-24T06:21:21.528,2423.299,1.312,-34.54,56.34,1.809,Generic,quiet_rural,,0.0053,9.02,-98.51
2026-09-24T06:21:21.637,,,-90.49,0.0,0.0,Background,quiet_rural,,0.9987,9.3,-98.91
2026-09-24T06:21:22.046,2447.565,3.527,-30.83,60.04,0.0117,UAV,urban,0.0463,0.003,8.52,-84.62
2026-09-24T06:21:22.826,2415.339,32.689,-27.56,63.32,0.4163,WiFi,suburban,0.8085,0.02,8.6,-93.61
2026-09-24T06:21:25.178,2461.93,0.0,-72.56,6.73,0.0,Background,indoor_congested,,0.9333,9.53,-77.49
2026-09-24T06:21:25.643,2444.857,4.389,-24.68,66.2,0.0193,UAV,indoor_congested,0.0256,0.0008,7.84,-77.53
2026-09-24T06:21:25.683,2471.633,1.23,-29.89,60.99,0.7555,Generic,indoor_congested,0.834,0.0018,5.87,-77.73
2026-09-24T06:21:26.638,2459.445,3.938,-30.15,60.73,0.0141,UAV,quiet_rural,0.029,0.0027,8.48,-99.55
2026-09-24T06:21:26.675,2467.016,0.0,-72.34,6.16,0.0,Background,indoor_congested,,0.9281,10.17,-76.44
2026-09-24T06:21:27.077,2411.818,21.041,-35.51,55.37,0.245,WiFi,quiet_rural,0.7775,0.0296,8.79,-101.72
2026-09-24T06:21:27.123,2434.763,4.102,-28.18,62.7,0.0112,UAV,indoor_congested,0.0203,0.0017,9.61,-78.74
2026-09-24T06:21:27.143,2430.635,0.0,-75.5,6.27,0.0,Background,indoor_congested,,0.9343,9.7,-79.97
2026-09-24T06:21:27.426,,,-84.77,0.0,0.0,Background,urban,,0.9514,9.79,-83.77
2026-09-24T06:21:28.077,2431.672,1.271,-21.11,69.77,0.8035,Generic,urban,0.666,0.0002,5.84,-86.28
2026-09-24T06:21:28.500,,,-80.1,0.0,0.0,Background,indoor_congested,,0.9352,9.63,-78.27
2026-09-24T06:21:29.629,2422.843,1.723,-8.43,82.45,0.0076,UAV,urban,0.0269,0.0,6.86,-83.84
2026-09-24T06:21:30.194,2404.355,3.404,-3.21,87.66,0.0156,UAV,urban,0.0484,0.0,8.53,-84.85
2026-09-24T06:21:30.417,,,-90.58,0.0,0.0,Background,quiet_rural,,0.9993,9.35,-100.3
2026-09-24T06:21:30.461,2437.691,21.123,-16.67,74.21,0.133,WiFi,urban,0.477,0.0012,9.93,-85.97
2026-09-24T06:21:32.009,2429.283,1.477,-46.84,44.03,1.764,Generic,indoor_congested,,0.0821,9.12,-77.47
2026-09-24T06:21:32.523,2479.517,1.436,-34.09,56.79,0.78,Generic,quiet_rural,0.801,0.0048,5.79,-101.3
2026-09-24T06:21:32.600,2406.483,1.025,-44.01,46.87,1.96,Generic,indoor_congested,,0.0424,3.81,-79.46
2026-09-24T06:21:33.115,2443.16,2.912,-30.43,60.45,0.0157,UAV,urban,0.0492,0.0025,7.81,-84.87
2026-09-24T06:21:33.470,2446.541,1.107,-44.81,46.07,0.856,Generic,indoor_congested,0.384,0.0511,5.53,-78.08
2026-09-24T06:21:33.913,2423.74,2.092,-10.44,80.44,0.0162,UAV,quiet_rural,0.0441,0.0,6.87,-98.28
2026-09-24T06:21:35.929,,,-88.91,0.0,0.0,Background,suburban,,0.9841,10.54,-91.08
2026-09-24T06:21:36.975,2460.92,1.477,-36.87,54.01,0.8925,Generic,quiet_rural,0.674,0.009,7.92,-101.18
2026-09-24T06:21:37.084,2429.903,4.43,-26.98,63.9,0.0195,UAV,quiet_rural,0.0477,0.0014,11.34,-100.16
2026-09-24T06:21:37.533,2430.509,1.477,-18.35,72.53,0.988,Generic,suburban,1.472,0.0001,7.1,-91.99
2026-09-24T06:21:37.653,2437.283,41.057,-19.99,70.89,0.3873,WiFi,urban,0.828,0.0159,9.22,-84.39
2026-09-24T06:21:38.652,,,-89.63,0.0,0.0,Background,suburban,,0.9908,10.77,-93.38
2026-09-24T06:21:41.925,2463.365,1.436,-32.12,58.76,0.765,Generic,indoor_congested,0.965,0.0031,7.53,-78.86
2026-09-24T06:21:42.074,2437.491,21.082,-22.28,68.59,0.301,WiFi,indoor_congested,0.652,0.003,9.22,-78.25
2026-09-24T06:21:42.700,2462.278,21.164,-17.69,73.19,2.0,WiFi,suburban,,0.0014,9.93,-90.53
2026-09-24T06:21:43.092,,,-90.54,0.0,0.0,Background,quiet_rural,,0.999,10.71,-99.57
2026-09-24T06:21:44.108,2436.919,21.082,-41.28,49.6,0.262,WiFi,suburban,0.7205,0.0788,9.57,-90.69
2026-09-24T06:21:45.348,2411.859,21.164,-15.88,75.0,0.055,WiFi,suburban,0.872,0.001,10.43,-92.93
2026-09-24T06:21:46.353,,,-90.57,0.0,0.0,Background,quiet_rural,,0.9992,9.82,-99.94
2026-09-24T06:21:46.916,2452.619,0.0,-72.82,7.35,0.0,Background,indoor_congested,,0.9336,9.37,-78.24
2026-09-24T06:21:47.255,,,-90.47,0.0,0.0,Background,quiet_rural,,0.9985,10.24,-98.63
2026-09-24T06:21:47.867,2437.541,41.057,-34.28,56.59,0.1837,WiFi,suburban,0.755,0.0855,9.84,-92.88
2026-09-24T06:21:48.709,2437.466,21.082,-28.82,62.06,2.0,WiFi,urban,,0.0094,9.18,-84.25
2026-09-24T06:21:49.099,2461.236,41.139,-13.4,77.48,0.2434,WiFi,urban,0.3003,0.0074,9.53,-86.04
2026-09-24T06:21:49.700,2405.287,0.0,-71.67,6.52,0.0,Background,indoor_congested,,0.929,9.7,-76.05
2026-09-24T06:21:50.856,,,-88.63,0.0,0.0,Background,suburban,,0.9817,9.41,-90.46
2026-09-24T06:21:51.090,2436.811,21.123,-17.15,73.73,0.07,WiFi,quiet_rural,0.856,0.0013,9.5,-100.78
2026-09-24T06:21:51.741,2415.707,33.51,-21.62,69.26,0.1189,WiFi,suburban,0.2141,0.0094,9.06,-93.85
2026-09-24T06:21:52.603,2412.165,21.082,-25.27,65.61,0.0737,WiFi,suburban,0.978,0.0051,8.92,-91.63
2026-09-24T06:21:54.666,2475.13,2.215,-5.66,85.22,0.0057,UAV,indoor_congested,0.0169,0.0,6.57,-79.88
2026-09-24T06:21:55.607,2467.522,0.287,-40.15,50.73,0.778,Generic,suburban,1.898,0.0175,3.85,-93.33
2026-09-24T06:21:57.624,2432.148,1.682,-31.0,59.88,0.0171,UAV,indoor_congested,0.0339,0.0025,7.08,-78.15
2026-09-24T06:21:57.674,2411.189,21.123,-17.74,73.14,0.1272,WiFi,indoor_congested,0.435,0.0014,8.96,-77.14
2026-09-24T06:21:57.948,,,-88.64,0.0,0.0,Background,suburban,,0.9809,9.93,-90.41
2026-09-24T06:21:58.587,2463.179,21.123,-18.7,72.18,0.1747,WiFi,urban,0.805,0.0016,9.38,-84.4
2026-09-24T06:21:58.764,2471.607,1.354,-21.7,69.18,2.0,Generic,suburban,,0.0003,6.21,-93.22
2026-09-24T06:21:59.849,2461.712,4.799,-31.83,59.05,0.0167,UAV,quiet_rural,0.0211,0.0042,8.2,-100.17
2026-09-24T06:22:00.287,2407.926,1.723,-11.61,79.26,0.0098,UAV,indoor_congested,0.0489,0.0,7.02,-78.25
2026-09-24T06:22:04.270,2461.806,41.057,-33.17,57.71,0.0889,WiFi,quiet_rural,0.1813,0.075,9.6,-101.7
2026-09-24T06:22:05.455,2416.184,33.387,-39.9,50.98,0.3265,WiFi,suburban,0.931,0.1157,8.96,-90.05
2026-09-24T06:22:06.100,2430.927,1.271,-41.03,49.85,2.0,Generic,indoor_congested,,0.0224,5.63,-79.83
2026-09-24T06:22:06.771,2410.824,0.0,-73.43,6.22,0.0,Background,indoor_congested,,0.9366,9.84,-77.86
2026-09-24T06:22:07.578,2450.211,4.43,-16.37,74.51,0.0117,UAV,indoor_congested,0.0323,0.0001,8.04,-79.36
2026-09-24T06:22:08.294,2481.113,3.979,-17.46,73.42,0.013,UAV,quiet_rural,0.0245,0.0002,10.5,-100.11
2026-09-24T06:22:10.589,2469.193,3.814,-5.01,85.87,0.0024,UAV,suburban,0.0338,0.0,7.44,-92.55
2026-09-24T06:22:12.238,2462.517,41.057,-28.6,62.28,0.3308,WiFi,suburban,0.4903,0.0439,10.34,-92.27
2026-09-24T06:22:12.358,2479.813,3.527,-31.86,59.01,0.0186,UAV,indoor_congested,0.0455,0.0037,8.59,-79.94
2026-09-24T06:22:12.434,2430.709,3.65,-2.9,87.98,0.0041,UAV,quiet_rural,0.0295,0.0,8.8,-98.86
2026-09-24T06:22:12.559,2432.594,2.174,-29.99,60.89,0.0117,UAV,suburban,0.0419,0.0021,6.2,-92.05
2026-09-24T06:22:13.276,,,-90.54,0.0,0.0,Background,quiet_rural,,0.999,9.96,-99.57
2026-09-24T06:22:13.432,,,-89.29,0.0,0.0,Background,suburban,,0.9876,9.38,-92.26
2026-09-24T06:22:15.155,2442.743,0.246,-45.87,45.01,1.985,Generic,suburban,,0.0626,6.11,-91.59
2026-09-24T06:22:15.612,2414.861,31.992,-22.73,68.15,0.2053,WiFi,urban,0.831,0.0095,9.12,-85.93
2026-09-24T06:22:16.302,,,-89.81,0.0,0.0,Background,suburban,,0.9926,9.71,-93.99
2026-09-24T06:22:16.709,2436.723,21.082,-20.98,69.9,0.042,WiFi,suburban,0.737,0.0024,9.29,-90.62
2026-09-24T06:22:16.866,2477.579,3.24,-25.74,65.13,0.0044,UAV,urban,0.0439,0.0009,8.34,-85.36
2026-09-24T06:22:17.710,2450.466,4.881,-5.59,85.28,0.007,UAV,suburban,0.0123,0.0,8.57,-90.32
2026-09-24T06:22:18.335,2437.885,0.615,-17.05,73.83,0.982,Generic,suburban,0.122,0.0001,4.06,-93.36
2026-09-24T06:22:18.434,2465.063,1.518,-28.17,62.71,0.8115,Generic,urban,1.544,0.0013,6.22,-86.98
2026-09-24T06:22:18.599,2450.567,4.717,-5.42,85.46,0.0039,UAV,urban,0.0426,0.0,8.65,-83.1
2026-09-24T06:22:18.634,,,-90.5,0.0,0.0,Background,quiet_rural,,0.9988,9.0,-99.01
2026-09-24T06:22:18.936,2436.046,21.041,-36.3,54.58,0.0647,WiFi,urban,0.1638,0.0337,11.75,-86.09
2026-09-24T06:22:19.465,,,-90.68,0.0,0.0,Background,quiet_rural,,0.9996,10.39,-101.98
2026-09-24T06:22:20.148,,,-90.45,0.0,0.0,Background,quiet_rural,,0.9985,9.97,-98.49
2026-09-24T06:22:20.465,,,-85.54,0.0,0.0,Background,urban,,0.9531,10.47,-84.75
2026-09-24T06:22:22.023,2453.323,4.471,-16.67,74.21,0.0093,UAV,urban,0.0321,0.0001,7.87,-86.09
2026-09-24T06:22:22.261,,,-86.66,0.0,0.0,Background,urban,,0.9636,10.65,-86.47
2026-09-24T06:22:22.688,2466.564,0.0,-72.34,6.57,0.0,Background,indoor_congested,,0.9309,9.31,-76.94
2026-09-24T06:22:23.948,,,-90.41,0.0,0.0,Background,quiet_rural,,0.9982,9.58,-98.16
2026-09-24T06:22:24.129,,,-88.58,0.0,0.0,Background,suburban,,0.9794,9.81,-90.09
2026-09-24T06:22:24.475,2408.579,4.84,-10.37,80.51,0.0032,UAV,urban,0.0203,0.0,8.25,-83.76
2026-09-24T06:22:24.936,2439.149,1.23,-17.29,73.59,0.804,Generic,indoor_congested,0.578,0.0001,7.49,-79.11
2026-09-24T06:22:26.030,2475.108,3.035,-30.36,60.52,0.0172,UAV,suburban,0.0492,0.0025,8.66,-92.65
2026-09-24T06:22:26.666,2416.689,0.0,-74.21,6.9,0.0,Background,indoor_congested,,0.9374,9.28,-79.22
2026-09-24T06:22:28.804,,,-84.47,0.0,0.0,Background,urban,,0.9496,10.55,-83.44
2026-09-24T06:22:29.087,2411.709,21.082,-30.83,60.05,0.3733,WiFi,suburban,0.917,0.0132,8.96,-91.81
2026-09-24T06:22:29.564,2436.77,41.098,-17.72,73.16,0.2998,WiFi,suburban,0.638,0.0122,10.75,-91.84
2026-09-24T06:22:30.186,2431.002,2.953,-25.73,65.14,0.0053,UAV,urban,0.043,0.0009,7.19,-85.59
2026-09-24T06:22:30.272,2427.814,1.723,-13.24,77.64,0.0075,UAV,urban,0.0111,0.0,7.59,-83.39
2026-09-24T06:22:30.288,2409.122,1.518,-18.44,72.44,0.967,Generic,suburban,1.381,0.0001,7.51,-93.6
2026-09-24T06:22:31.262,2402.129,0.0,-78.44,6.31,0.0,Background,urban,,0.951,9.23,-83.78
2026-09-24T06:22:31.475,2412.455,21.041,-37.07,53.8,0.0537,WiFi,indoor_congested,0.7455,0.0386,10.17,-77.27
2026-09-24T06:22:31.544,,,-85.14,0.0,0.0,Background,urban,,0.9517,9.95,-84.21
2026-09-24T06:22:31.898,2473.035,3.896,-26.62,64.26,0.018,UAV,suburban,0.0414,0.0012,8.25,-90.01
2026-09-24T06:22:33.487,2462.88,0.82,-45.59,45.29,2.0,Generic,quiet_rural,,0.0609,5.85,-101.96
2026-09-24T06:22:33.820,2466.059,1.354,-30.04,60.83,0.89,Generic,suburban,0.286,0.0019,8.75,-90.37
2026-09-24T06:22:35.956,2436.668,41.057,-21.08,69.8,0.3302,WiFi,indoor_congested,0.4462,0.0182,9.46,-78.87
2026-09-24T06:22:36.861,2455.281,1.271,-45.69,45.19,2.0,Generic,urban,,0.0632,7.89,-84.42
2026-09-24T06:22:37.308,2460.883,21.041,-42.17,48.71,0.207,WiFi,suburban,0.944,0.092,9.21,-90.12
2026-09-24T06:22:39.088,2461.502,21.164,-13.6,77.28,2.0,WiFi,urban,,0.0007,9.12,-86.74
2026-09-24T06:22:39.115,2461.711,4.881,-11.5,79.37,0.0081,UAV,urban,0.0118,0.0001,8.66,-85.62
2026-09-24T06:22:40.506,2447.272,3.732,-12.77,78.11,0.0091,UAV,indoor_congested,0.0271,0.0001,7.87,-76.14
2026-09-24T06:22:41.062,2432.795,3.117,-24.05,66.83,0.016,UAV,quiet_rural,0.0458,0.0006,8.63,-101.71
2026-09-24T06:22:41.079,2415.823,33.1,-33.81,57.07,0.364,WiFi,suburban,0.988,0.0493,9.36,-91.13
2026-09-24T06:22:42.489,2431.872,4.553,-27.47,63.41,0.0079,UAV,indoor_congested,0.0187,0.0016,7.96,-78.04
2026-09-24T06:22:42.724,2480.349,2.666,-28.21,62.67,0.009,UAV,quiet_rural,0.0214,0.0015,7.53,-100.03
2026-09-24T06:22:42.737,2462.717,21.041,-35.62,55.26,0.1265,WiFi,quiet_rural,0.3904,0.0302,9.27,-99.49
2026-09-24T06:22:45.293,2473.717,0.943,-46.11,44.77,0.939,Generic,quiet_rural,1.341,0.0686,6.71,-99.71
2026-09-24T06:22:45.410,2421.305,2.297,-5.21,85.67,0.0036,UAV,indoor_congested,0.0257,0.0,8.87,-77.96
2026-09-24T06:22:46.037,2461.52,41.057,-32.22,58.66,0.3468,WiFi,quiet_rural,0.6063,0.067,9.74,-100.87
2026-09-24T06:22:47.614,2473.865,0.0,-78.0,6.54,0.0,Background,urban,,0.9467,9.58,-83.57
2026-09-24T06:22:48.048,2463.841,0.574,-34.86,56.02,0.942,Generic,quiet_rural,0.638,0.0054,6.13,-101.32
2026-09-24T06:22:48.546,2472.342,2.092,-20.53,70.35,0.0113,UAV,suburban,0.0131,0.0002,8.5,-90.81
2026-09-24T06:22:48.654,,,-90.51,0.0,0.0,Background,quiet_rural,,0.9989,9.09,-99.22
2026-09-24T06:22:49.619,2469.601,1.189,-24.48,66.39,2.0,Generic,indoor_congested,,0.0005,6.27,-79.54
2026-09-24T06:22:50.209,2465.259,4.143,-27.12,63.76,0.0084,UAV,suburban,0.0464,0.0014,8.26,-93.6
2026-09-24T06:22:50.581,2456.587,3.609,-18.97,71.91,0.0158,UAV,indoor_congested,0.03,0.0002,7.81,-77.11
2026-09-24T06:22:51.230,2437.335,41.098,-21.48,69.4,0.2387,WiFi,quiet_rural,0.6995,0.019,8.91,-99.08
2026-09-24T06:22:52.792,2461.618,4.553,-4.49,86.39,0.0106,UAV,quiet_rural,0.0406,0.0,7.71,-99.16
2026-09-24T06:22:53.169,,,-90.55,0.0,0.0,Background,quiet_rural,,0.9991,11.07,-99.81
2026-09-24T06:22:53.213,2474.267,1.189,-38.93,51.95,2.0,Generic,suburban,,0.0142,5.29,-91.97
2026-09-24T06:22:53.492,2459.879,0.574,-46.99,43.89,0.9555,Generic,quiet_rural,1.291,0.0808,6.16,-98.02
2026-09-24T06:22:54.026,2468.631,2.502,-12.35,78.53,0.0048,UAV,suburban,0.0201,0.0,6.6,-91.5
2026-09-24T06:22:55.018,2461.341,21.041,-40.24,50.64,0.488,WiFi,urban,0.961,0.0664,9.39,-84.38
2026-09-24T06:22:56.021,2460.55,4.184,-28.18,62.7,0.0134,UAV,quiet_rural,0.0492,0.0018,8.86,-99.31
2026-09-24T06:22:56.244,2415.408,32.074,-28.16,62.72,2.0,WiFi,suburban,,0.0207,9.21,-93.12
2026-09-24T06:22:56.420,2463.76,2.01,-29.19,61.69,0.008,UAV,suburban,0.0119,0.0017,7.28,-93.83
2026-09-24T06:22:57.036,2461.448,41.057,-28.49,62.38,0.1813,WiFi,quiet_rural,0.869,0.0433,9.54,-100.62
2026-09-24T06:22:57.957,,,-88.86,0.0,0.0,Background,suburban,,0.9815,9.12,-90.93
2026-09-24T06:22:58.033,,,-88.48,0.0,0.0,Background,suburban,,0.9792,9.58,-90.04
2026-09-24T06:22:58.134,2450.564,1.107,-42.1,48.78,0.8125,Generic,quiet_rural,1.355,0.0288,6.92,-100.12
2026-09-24T06:22:58.805,2469.045,4.348,-7.34,83.54,0.0032,UAV,quiet_rural,0.0255,0.0,8.93,-100.95
2026-09-24T06:22:59.237,2402.142,0.328,-34.54,56.34,1.902,Generic,suburban,,0.0049,4.55,-90.24
2026-09-24T06:22:59.596,2415.334,32.566,-15.23,75.65,0.0873,WiFi,indoor_congested,0.5605,0.0035,9.04,-78.16
2026-09-24T06:22:59.771,2464.841,0.615,-45.61,45.26,2.0,Generic,urban,,0.0602,6.31,-84.68
2026-09-24T06:23:00.255,2419.329,0.82,-46.57,44.3,0.8385,Generic,urban,1.295,0.0744,6.44,-84.58
2026-09-24T06:23:01.488,2432.632,3.281,-7.23,83.65,0.0036,UAV,suburban,0.0488,0.0,8.79,-90.61
2026-09-24T06:23:02.066,2460.784,4.963,-15.52,75.36,0.0077,UAV,suburban,0.0369,0.0001,8.17,-90.32
2026-09-24T06:23:02.194,2441.103,5.291,-3.62,87.25,0.0131,UAV,quiet_rural,0.0396,0.0,8.12,-99.86
2026-09-24T06:23:02.850,2458.962,1.354,-29.45,61.43,2.0,Generic,suburban,,0.0017,7.13,-91.1
2026-09-24T06:23:02.897,2462.97,41.139,-13.8,77.08,2.0,WiFi,suburban,,0.0078,10.28,-90.45
2026-09-24T06:23:03.139,,,-89.57,0.0,0.0,Background,suburban,,0.9903,9.37,-93.1
2026-09-24T06:23:03.693,2412.591,21.041,-39.91,50.97,0.282,WiFi,suburban,0.372,0.0626,8.64,-90.2
2026-09-24T06:23:03.943,2431.13,1.312,-25.84,65.04,0.771,Generic,quiet_rural,1.891,0.0007,6.83,-100.5
2026-09-24T06:23:04.353,,,-84.95,0.0,0.0,Background,urban,,0.9482,10.51,-83.82
2026-09-24T06:23:06.642,,,-85.01,0.0,0.0,Background,urban,,0.9535,9.58,-84.11
2026-09-24T06:23:06.999,,,-84.36,0.0,0.0,Background,urban,,0.9477,9.56,-83.21
2026-09-24T06:23:07.385,2481.779,0.574,-36.11,54.77,0.818,Generic,suburban,0.808,0.0072,7.6,-92.25
2026-09-24T06:23:07.391,2411.308,0.328,-38.35,52.53,0.9945,Generic,quiet_rural,1.401,0.0117,4.75,-100.28
2026-09-24T06:23:09.601,,,-84.32,0.0,0.0,Background,urban,,0.95,9.19,-83.3
2026-09-24T06:23:09.985,2416.105,0.738,-42.66,48.22,2.0,Generic,urban,,0.0317,6.3,-84.97
2026-09-24T06:23:10.145,,,-84.64,0.0,0.0,Background,urban,,0.951,10.36,-83.62
2026-09-24T06:23:10.250,2436.515,41.139,-18.95,71.92,2.0,WiFi,suburban,,0.0141,9.58,-93.95
2026-09-24T06:23:10.679,2422.589,0.82,-41.14,49.74,2.0,Generic,urban,,0.0228,5.51,-86.79
2026-09-24T06:23:11.856,2426.203,0.861,-44.9,45.98,0.858,Generic,quiet_rural,1.99,0.0525,5.76,-100.8
2026-09-24T06:23:12.462,2474.659,0.451,-27.39,63.49,2.0,Generic,suburban,,0.001,5.02,-93.58
2026-09-24T06:23:12.725,2410.805,1.189,-30.38,60.5,0.636,Generic,urban,0.862,0.002,5.91,-83.32
2026-09-24T06:23:14.078,,,-89.58,0.0,0.0,Background,suburban,,0.9902,9.71,-93.16
2026-09-24T06:23:14.233,2425.221,0.0,-78.78,6.21,0.0,Background,urban,,0.9483,9.14,-84.04
2026-09-24T06:23:14.376,2454.022,1.312,-45.2,45.68,0.8755,Generic,indoor_congested,1.653,0.0568,8.3,-78.96
2026-09-24T06:23:14.800,,,-90.52,0.0,0.0,Background,quiet_rural,,0.9989,9.91,-99.23
2026-09-24T06:23:15.217,2415.33,32.238,-29.22,61.66,0.11,WiFi,urban,0.487,0.0244,10.4,-83.5
2026-09-24T06:23:16.568,2411.527,21.082,-22.95,67.93,0.071,WiFi,suburban,0.787,0.0034,11.69,-92.13
2026-09-24T06:23:16.589,2476.576,1.189,-27.58,63.29,0.8355,Generic,indoor_congested,1.509,0.0011,4.77,-76.27
2026-09-24T06:23:16.762,2461.449,21.082,-40.3,50.58,0.1338,WiFi,suburban,0.5167,0.0669,9.22,-92.06
2026-09-24T06:23:17.365,2425.9,5.127,-11.3,79.58,0.0042,UAV,indoor_congested,0.0467,0.0001,8.29,-79.89
2026-09-24T06:23:17.949,2412.765,21.041,-38.66,52.22,0.2202,WiFi,quiet_rural,0.4112,0.0506,10.3,-100.02
2026-09-24T06:23:18.286,2449.983,1.189,-25.3,65.58,0.786,Generic,indoor_congested,0.931,0.0006,5.42,-79.3
2026-09-24T06:23:19.103,2473.8,1.312,-40.69,50.19,1.983,Generic,urban,,0.0209,7.31,-83.13
2026-09-24T06:23:20.902,2461.319,21.041,-41.8,49.07,0.2135,WiFi,indoor_congested,0.5263,0.0868,9.39,-79.09
2026-09-24T06:23:20.979,2419.449,0.943,-31.65,59.23,0.757,Generic,suburban,1.267,0.0026,6.76,-90.87
2026-09-24T06:23:21.470,,,-90.56,0.0,0.0,Background,quiet_rural,,0.9991,10.5,-99.8
2026-09-24T06:23:21.502,2441.66,5.127,-9.23,81.65,0.0164,UAV,suburban,0.043,0.0,8.43,-92.44
2026-09-24T06:23:21.637,,,-90.56,0.0,0.0,Background,quiet_rural,,0.9992,9.72,-100.03
2026-09-24T06:23:23.131,,,-90.62,0.0,0.0,Background,quiet_rural,,0.9993,10.7,-100.58
2026-09-24T06:23:23.784,,,-88.67,0.0,0.0,Background,suburban,,0.9813,10.72,-90.43
2026-09-24T06:23:24.395,2478.637,3.445,-8.25,82.63,0.0134,UAV,suburban,0.0469,0.0,7.7,-91.18
2026-09-24T06:23:24.591,2440.059,2.871,-9.64,81.23,0.0044,UAV,urban,0.0184,0.0,6.97,-83.88
2026-09-24T06:23:24.724,2459.031,0.205,-43.96,46.91,0.848,Generic,suburban,1.455,0.041,4.92,-93.43
2026-09-24T06:23:25.103,2456.852,1.23,-41.41,49.47,1.984,Generic,suburban,,0.0247,7.93,-91.13
2026-09-24T06:23:25.957,,,-86.53,0.0,0.0,Background,urban,,0.9585,11.4,-86.16
2026-09-24T06:23:26.564,2465.405,1.312,-22.79,68.09,0.9835,Generic,indoor_congested,1.628,0.0004,6.76,-79.03
2026-09-24T06:23:26.855,2436.712,21.041,-42.06,48.82,2.0,WiFi,urban,,0.0902,9.0,-85.41
2026-09-24T06:23:26.902,2402.102,0.943,-40.21,50.66,0.904,Generic,quiet_rural,1.49,0.0187,5.95,-99.39
2026-09-24T06:23:27.419,2415.516,32.936,-23.33,67.54,0.201,WiFi,urban,0.3614,0.0114,10.23,-84.34
2026-09-24T06:23:28.438,2466.12,1.477,-26.95,63.93,0.9075,Generic,urban,1.979,0.001,7.71,-85.73
2026-09-24T06:23:28.816,2462.287,41.098,-34.03,56.85,0.302,WiFi,quiet_rural,0.7035,0.0829,9.76,-101.69
2026-09-24T06:23:28.830,2437.932,3.486,-8.03,82.84,0.0031,UAV,suburban,0.0421,0.0,8.32,-91.64
2026-09-24T06:23:28.906,2412.378,21.082,-23.6,67.28,2.0,WiFi,suburban,,0.0038,9.18,-92.26
2026-09-24T06:23:29.574,2420.841,1.436,-19.71,71.16,0.845,Generic,urban,1.138,0.0002,7.51,-86.71
2026-09-24T06:23:29.641,2446.95,3.445,-25.66,65.22,0.005,UAV,indoor_congested,0.0296,0.0009,8.14,-78.38
2026-09-24T06:23:30.253,2453.828,3.938,-31.01,59.87,0.0192,UAV,suburban,0.0378,0.0032,8.27,-93.47
2026-09-24T06:23:30.689,2465.311,0.041,-69.61,9.69,0.0,Background,indoor_congested,,0.9353,8.96,-77.41
2026-09-24T06:23:30.787,2476.533,5.004,-11.54,79.34,0.0177,UAV,suburban,0.0377,0.0001,9.76,-90.64
2026-09-24T06:23:31.114,2432.35,2.666,-31.38,59.49,0.011,UAV,quiet_rural,0.039,0.0031,8.45,-99.48
2026-09-24T06:23:31.368,2411.315,21.082,-31.73,59.15,0.0606,WiFi,suburban,0.4143,0.0155,8.93,-93.5
2026-09-24T06:23:32.027,2476.129,1.23,-26.17,64.71,0.9995,Generic,urban,1.637,0.0008,6.22,-84.75
2026-09-24T06:23:32.657,2452.988,0.0,-73.92,6.67,0.0,Background,indoor_congested,,0.9346,9.75,-78.78
2026-09-24T06:23:32.836,2425.673,3.199,-18.5,72.38,0.0076,UAV,indoor_congested,0.0476,0.0002,8.64,-78.01
2026-09-24T06:23:33.036,2480.767,2.461,-22.19,68.69,0.0024,UAV,urban,0.0198,0.0004,9.21,-85.29
2026-09-24T06:23:34.111,,,-89.73,0.0,0.0,Background,suburban,,0.9923,9.28,-93.85
2026-09-24T06:23:34.229,2461.127,41.057,-28.93,61.94,0.0997,WiFi,urban,0.6715,0.0457,9.78,-84.74
2026-09-24T06:23:34.370,2457.618,1.354,-25.43,65.45,0.955,Generic,indoor_congested,1.245,0.0007,6.78,-79.11
2026-09-24T06:23:34.965,2455.653,3.117,-25.03,65.85,0.0034,UAV,suburban,0.0226,0.0008,8.33,-92.15
2026-09-24T06:23:36.626,2429.757,2.666,-12.31,78.57,0.0065,UAV,urban,0.0489,0.0,9.19,-84.55
2026-09-24T06:23:38.731,2426.488,2.461,-29.78,61.1,0.0178,UAV,urban,0.0343,0.0021,8.51,-84.02
2026-09-24T06:23:38.953,,,-88.9,0.0,0.0,Background,suburban,,0.9832,9.45,-90.99
2026-09-24T06:23:39.855,2437.87,2.543,-5.55,85.33,0.0177,UAV,urban,0.0204,0.0,8.77,-85.9
2026-09-24T06:23:43.415,2427.763,0.902,-28.83,62.05,0.834,Generic,suburban,1.43,0.0014,7.65,-93.42
2026-09-24T06:23:43.567,2414.57,5.25,-2.24,88.64,0.0157,UAV,urban,0.0278,0.0,8.61,-86.6
2026-09-24T06:23:44.089,2425.549,0.0,-71.61,7.44,0.0,Background,indoor_congested,,0.9284,9.8,-76.95
2026-09-24T06:23:44.794,2461.779,41.098,-23.26,67.62,0.308,WiFi,urban,0.3926,0.0234,9.68,-83.4
2026-09-24T06:23:45.822,2415.083,31.869,-26.17,64.7,0.391,WiFi,suburban,0.4363,0.0154,10.15,-93.85
2026-09-24T06:23:46.881,2412.54,1.148,-36.63,54.25,2.0,Generic,suburban,,0.0084,5.52,-91.73
2026-09-24T06:23:47.786,2430.043,1.395,-35.31,55.57,0.917,Generic,indoor_congested,1.816,0.0063,6.0,-78.67
2026-09-24T06:23:48.435,2438.223,0.0,-71.6,6.58,0.0,Background,indoor_congested,,0.9298,9.37,-76.14
2026-09-24T06:23:48.603,2408.316,3.609,-25.47,65.41,0.0032,UAV,indoor_congested,0.0382,0.0009,8.11,-76.12
2026-09-24T06:23:48.803,,,-85.85,0.0,0.0,Background,urban,,0.9612,9.9,-85.41
2026-09-24T06:23:48.940,2431.245,1.271,-38.27,52.61,0.954,Generic,quiet_rural,0.559,0.0123,6.96,-101.11
2026-09-24T06:23:49.227,2426.252,0.533,-39.35,51.53,0.948,Generic,suburban,1.873,0.0149,5.07,-93.87
2026-09-24T06:23:49.657,,,-78.98,0.0,0.0,Background,indoor_congested,,0.9369,9.87,-77.14
2026-09-24T06:23:50.641,2444.916,1.682,-15.18,75.69,0.0179,UAV,indoor_congested,0.0476,0.0001,8.09,-76.87
2026-09-24T06:23:50.904,,,-89.16,0.0,0.0,Background,suburban,,0.9847,9.14,-91.72
2026-09-24T06:23:50.935,2461.105,41.098,-29.01,61.86,0.1276,WiFi,quiet_rural,0.495,0.046,10.11,-101.39
2026-09-24T06:23:52.285,2406.685,2.461,-8.13,82.75,0.0169,UAV,suburban,0.0477,0.0,7.82,-90.63
2026-09-24T06:23:52.400,2436.391,41.057,-20.27,70.61,0.3373,WiFi,urban,0.7055,0.0165,9.37,-85.31
2026-09-24T06:23:52.613,,,-89.08,0.0,0.0,Background,suburban,,0.9853,9.1,-91.51
2026-09-24T06:23:52.789,2447.747,0.287,-40.58,50.29,2.0,Generic,suburban,,0.0194,5.72,-93.94
2026-09-24T06:23:52.797,2412.664,21.123,-22.16,68.72,0.2425,WiFi,indoor_congested,0.5107,0.003,9.74,-78.13
2026-09-24T06:23:53.058,2437.237,41.139,-19.68,71.2,0.1747,WiFi,indoor_congested,0.8835,0.0155,9.76,-79.43
2026-09-24T06:23:53.593,2408.259,4.963,-4.76,86.12,0.015,UAV,urban,0.0321,0.0,7.93,-86.16
2026-09-24T06:23:55.936,2423.487,4.963,-8.33,82.55,0.0028,UAV,suburban,0.0316,0.0,9.04,-93.88
2026-09-24T06:23:56.948,,,-90.67,0.0,0.0,Background,quiet_rural,,0.9995,9.58,-101.64
2026-09-24T06:23:57.061,,,-88.98,0.0,0.0,Background,suburban,,0.984,9.24,-91.35
2026-09-24T06:23:58.259,2415.573,32.689,-15.62,75.26,0.167,WiFi,quiet_rural,0.895,0.0038,9.87,-98.48
2026-09-24T06:23:58.993,2437.288,41.057,-32.63,58.24,0.1409,WiFi,quiet_rural,0.1814,0.0706,9.79,-98.67
2026-09-24T06:23:59.899,2405.873,2.912,-15.69,75.19,0.0115,UAV,suburban,0.0467,0.0001,9.03,-90.3
2026-09-24T06:24:00.288,2415.237,32.115,-25.24,65.64,0.4113,WiFi,suburban,0.6265,0.0138,9.83,-92.64
2026-09-24T06:24:00.970,2474.662,4.102,-27.86,63.02,0.0064,UAV,urban,0.0199,0.0016,8.57,-84.15
2026-09-24T06:24:01.185,2411.295,21.164,-12.96,77.92,0.1032,WiFi,quiet_rural,0.512,0.0006,9.11,-98.82
2026-09-24T06:24:01.829,,,-84.11,0.0,0.0,Background,urban,,0.9508,10.07,-83.07
2026-09-24T06:24:03.986,2412.107,21.123,-16.36,74.52,0.268,WiFi,quiet_rural,0.724,0.0011,9.27,-99.32
2026-09-24T06:24:05.807,2448.723,3.773,-24.58,66.29,0.0084,UAV,suburban,0.0339,0.0008,7.42,-92.59
2026-09-24T06:24:06.292,2415.749,2.092,-17.38,73.5,0.0089,UAV,quiet_rural,0.0201,0.0001,7.12,-100.02
2026-09-24T06:24:06.533,2413.191,0.246,-41.22,49.66,0.83,Generic,suburban,1.502,0.0223,7.14,-93.91
2026-09-24T06:24:06.807,2416.884,1.436,-25.57,65.3,0.796,Generic,indoor_congested,1.737,0.0007,7.51,-76.6
2026-09-24T06:24:07.128,2473.951,1.641,-17.0,73.88,0.0113,UAV,urban,0.0304,0.0001,7.23,-85.23
2026-09-24T06:24:07.188,2465.913,1.559,-20.61,70.27,0.0143,UAV,urban,0.0406,0.0002,6.63,-85.14
2026-09-24T06:24:07.375,2456.242,3.404,-13.4,77.47,0.0181,UAV,urban,0.0257,0.0001,7.82,-86.24
2026-09-24T06:24:08.046,2423.308,3.24,-17.11,73.77,0.0077,UAV,urban,0.0168,0.0001,9.11,-85.34
2026-09-24T06:24:08.726,2429.47,0.492,-22.18,68.7,0.9665,Generic,quiet_rural,1.595,0.0003,3.16,-100.33
2026-09-24T06:24:08.857,2424.701,1.887,-3.98,86.9,0.0189,UAV,suburban,0.0406,0.0,9.55,-93.4
2026-09-24T06:24:09.732,,,-86.18,0.0,0.0,Background,urban,,0.9579,9.66,-85.74
2026-09-24T06:24:09.956,,,-80.85,0.0,0.0,Background,indoor_congested,,0.9382,9.51,-79.07
2026-09-24T06:24:10.107,,,-89.03,0.0,0.0,Background,suburban,,0.985,10.4,-91.42
2026-09-24T06:24:12.570,,,-85.19,0.0,0.0,Background,urban,,0.9542,9.41,-84.34
2026-09-24T06:24:12.743,2455.041,0.697,-45.66,45.22,0.833,Generic,quiet_rural,1.082,0.0614,8.16,-100.27
2026-09-24T06:24:14.291,2444.822,4.553,-30.71,60.16,0.0121,UAV,quiet_rural,0.0439,0.0032,8.91,-101.11
2026-09-24T06:24:14.572,2470.315,0.533,-22.1,68.78,0.8045,Generic,quiet_rural,1.084,0.0003,5.08,-98.72
2026-09-24T06:24:14.578,2471.871,1.025,-31.2,59.68,2.0,Generic,quiet_rural,,0.0024,5.97,-99.16
2026-09-24T06:24:15.474,2444.785,1.312,-17.62,73.26,0.8125,Generic,quiet_rural,0.395,0.0001,6.22,-99.88
2026-09-24T06:24:16.901,2476.662,1.477,-32.0,58.88,0.8405,Generic,quiet_rural,1.055,0.003,6.59,-98.82
2026-09-24T06:24:19.471,2436.295,0.0,-78.7,6.21,0.0,Background,urban,,0.9507,10.98,-83.9
2026-09-24T06:24:19.566,2437.639,21.082,-24.41,66.47,2.0,WiFi,indoor_congested,,0.0044,10.32,-78.87
2026-09-24T06:24:19.834,2436.648,2.051,-29.98,60.89,0.0052,UAV,suburban,0.0222,0.0021,8.14,-91.14
2026-09-24T06:24:21.417,2465.265,2.01,-10.08,80.8,0.0189,UAV,urban,0.0467,0.0,8.08,-84.87
2026-09-24T06:24:21.678,2470.555,3.363,-7.21,83.67,0.0093,UAV,quiet_rural,0.0344,0.0,9.11,-101.64
2026-09-24T06:24:22.254,,,-90.53,0.0,0.0,Background,quiet_rural,,0.999,8.81,-99.39
2026-09-24T06:24:22.892,,,-89.66,0.0,0.0,Background,suburban,,0.9915,9.72,-93.56
2026-09-24T06:24:23.234,2437.061,21.123,-20.19,70.68,0.3703,WiFi,quiet_rural,0.713,0.0021,10.96,-101.12
2026-09-24T06:24:23.854,,,-88.86,0.0,0.0,Background,suburban,,0.9828,10.91,-91.01
2026-09-24T06:24:24.021,,,-89.18,0.0,0.0,Background,suburban,,0.9862,9.23,-91.82
2026-09-24T06:24:24.023,2461.048,21.082,-34.23,56.65,0.449,WiFi,quiet_rural,0.909,0.0238,8.7,-101.98
2026-09-24T06:24:24.429,2412.838,21.082,-22.49,68.39,0.2403,WiFi,urban,0.6377,0.0032,9.0,-84.79
2026-09-24T06:24:26.139,2437.509,21.164,-16.51,74.36,0.13,WiFi,indoor_congested,0.6,0.0011,9.79,-79.34
2026-09-24T06:24:27.854,2472.717,0.0,-73.12,6.11,0.0,Background,indoor_congested,,0.9341,9.23,-77.31
2026-09-24T06:24:28.382,,,-89.57,0.0,0.0,Background,suburban,,0.9905,9.73,-93.14
2026-09-24T06:24:28.538,2452.454,4.922,-3.26,87.62,0.018,UAV,quiet_rural,0.04,0.0,8.46,-99.98
2026-09-24T06:24:29.102,2436.474,2.748,-8.53,82.35,0.002,UAV,indoor_congested,0.013,0.0,7.5,-79.58
2026-09-24T06:24:29.446,2450.623,0.41,-30.52,60.35,1.903,Generic,suburban,,0.002,5.64,-93.2
2026-09-24T06:24:30.179,,,-89.31,0.0,0.0,Background,suburban,,0.9877,9.27,-92.16
2026-09-24T06:24:30.723,2477.447,1.395,-25.91,64.97,0.8985,Generic,quiet_rural,0.262,0.0007,6.51,-99.89
2026-09-24T06:24:31.341,2435.608,3.814,-21.09,69.78,2.0,UAV,quiet_rural,,0.0004,8.49,-99.4
2026-09-24T06:24:31.835,2436.734,21.082,-23.75,67.13,0.208,WiFi,quiet_rural,0.449,0.0039,9.07,-98.57
2026-09-24T06:24:32.735,2461.822,21.082,-26.04,64.84,0.1175,WiFi,quiet_rural,0.6537,0.0058,9.32,-100.59
2026-09-24T06:24:34.150,2436.786,41.098,-26.23,64.64,0.3073,WiFi,suburban,0.574,0.0333,10.54,-91.19
2026-09-24T06:24:34.960,2411.767,21.082,-31.94,58.94,0.1186,WiFi,suburban,0.3205,0.016,9.9,-92.71
2026-09-24T06:24:36.701,,,-78.9,0.0,0.0,Background,indoor_congested,,0.9379,9.78,-77.05
2026-09-24T06:24:37.858,2451.894,2.133,-14.02,76.85,0.0096,UAV,quiet_rural,0.0495,0.0001,7.32,-100.22
2026-09-24T06:24:38.519,2438.469,0.0,-73.51,6.42,0.0,Background,indoor_congested,,0.9398,9.17,-78.06
2026-09-24T06:24:38.582,2456.04,2.502,-21.43,69.45,0.0131,UAV,indoor_congested,0.0328,0.0003,8.6,-78.77
2026-09-24T06:24:40.884,2470.039,0.369,-32.77,58.1,2.0,Generic,suburban,,0.0033,4.29,-90.79
2026-09-24T06:24:40.906,2460.275,3.527,-15.87,75.0,0.0198,UAV,urban,0.0216,0.0001,9.7,-86.17
2026-09-24T06:24:42.164,,,-86.14,0.0,0.0,Background,urban,,0.9601,9.83,-85.74
2026-09-24T06:24:42.189,2433.154,0.656,-17.96,72.92,0.9705,Generic,suburban,0.351,0.0001,4.18,-91.35
2026-09-24T06:24:42.347,2436.126,41.057,-33.43,57.44,2.0,WiFi,indoor_congested,,0.0775,9.58,-79.44
2026-09-24T06:24:42.435,,,-85.99,0.0,0.0,Background,urban,,0.9602,9.31,-85.57
2026-09-24T06:24:43.784,2462.228,21.123,-16.12,74.76,2.0,WiFi,suburban,,0.0011,9.73,-94.0
2026-09-24T06:24:45.389,2460.57,2.666,-6.47,84.41,0.0197,UAV,suburban,0.0319,0.0,9.0,-91.52
2026-09-24T06:24:46.530,2437.441,21.0,-40.86,50.01,0.1457,WiFi,quiet_rural,0.7115,0.0734,9.36,-101.4
2026-09-24T06:24:46.922,2464.462,1.189,-40.81,50.06,1.751,Generic,indoor_congested,,0.0212,4.92,-79.59
2026-09-24T06:24:48.089,,,-90.56,0.0,0.0,Background,quiet_rural,,0.9991,10.31,-99.77
2026-09-24T06:24:49.110,2462.148,41.18,-29.2,61.67,0.203,WiFi,suburban,0.4863,0.0474,9.39,-90.7
2026-09-24T06:24:49.292,2444.271,2.297,-5.85,85.03,2.0,UAV,quiet_rural,,0.0,7.16,-99.39
2026-09-24T06:24:50.016,2414.792,31.91,-15.7,75.18,0.1427,WiFi,urban,0.9085,0.0035,9.74,-83.45
2026-09-24T06:24:50.273,,,-90.6,0.0,0.0,Background,quiet_rural,,0.9993,9.73,-100.43
2026-09-24T06:24:50.395,2463.037,41.139,-17.6,73.28,0.2063,WiFi,urban,0.368,0.0121,10.01,-83.18
2026-09-24T06:24:50.552,2450.834,0.902,-32.53,58.35,2.0,Generic,suburban,,0.0032,6.05,-93.53
2026-09-24T06:24:50.791,2411.605,21.164,-14.37,76.51,0.2651,WiFi,suburban,0.3172,0.0008,8.46,-93.5
2026-09-24T06:24:51.185,,,-85.64,0.0,0.0,Background,urban,,0.9579,9.88,-85.08
2026-09-24T06:24:51.396,2436.887,21.082,-24.3,66.58,2.0,WiFi,urban,,0.0043,10.72,-84.26
2026-09-24T06:24:52.809,2437.544,21.041,-33.65,57.23,2.0,WiFi,suburban,,0.0215,8.86,-92.75
2026-09-24T06:24:53.320,2411.611,21.164,-13.91,76.97,2.0,WiFi,quiet_rural,,0.0007,10.2,-101.99
2026-09-24T06:24:53.660,2438.85,2.215,-9.1,81.78,0.0114,UAV,suburban,0.0317,0.0,8.22,-91.47
2026-09-24T06:24:53.781,2437.05,21.041,-36.82,54.05,2.0,WiFi,urban,,0.037,8.9,-84.15
2026-09-24T06:24:55.765,2416.014,33.756,-28.27,62.6,0.2584,WiFi,urban,0.497,0.0241,9.17,-86.59
2026-09-24T06:24:55.958,2422.064,0.738,-38.68,52.2,2.0,Generic,quiet_rural,,0.013,5.44,-100.55
2026-09-24T06:24:56.060,2460.645,1.271,-38.36,52.52,0.792,Generic,suburban,0.766,0.0125,8.0,-92.81
2026-09-24T06:24:56.270,2438.433,0.984,-20.9,69.98,2.0,Generic,urban,,0.0002,5.13,-84.19
2026-09-24T06:24:57.097,2411.917,2.338,-29.43,61.45,0.016,UAV,quiet_rural,0.0374,0.0019,8.55,-101.11
2026-09-24T06:24:57.724,2412.031,21.164,-18.05,72.83,0.2862,WiFi,suburban,0.3992,0.0015,9.86,-92.29
2026-09-24T06:24:58.144,2461.829,41.098,-21.69,69.19,0.1645,WiFi,suburban,0.1955,0.0195,10.19,-93.96
2026-09-24T06:24:58.235,2459.99,3.404,-7.8,83.08,0.0111,UAV,suburban,0.014,0.0,8.97,-90.29
2026-09-24T06:25:00.404,2423.764,1.23,-44.16,46.71,0.88,Generic,indoor_congested,0.514,0.0448,7.27,-77.26
2026-09-24T06:25:02.160,2426.303,1.148,-35.18,55.7,0.8145,Generic,indoor_congested,0.66,0.0059,6.43,-77.64
2026-09-24T06:25:04.052,,,-80.9,0.0,0.0,Background,indoor_congested,,0.9362,9.15,-78.95
2026-09-24T06:25:04.574,2462.182,21.082,-21.69,69.19,0.076,WiFi,quiet_rural,0.579,0.0027,9.25,-99.56
2026-09-24T06:25:04.788,,,-90.55,0.0,0.0,Background,quiet_rural,,0.9992,9.35,-99.87
2026-09-24T06:25:05.067,2458.1,3.527,-19.55,71.33,0.0112,UAV,urban,0.046,0.0002,9.27,-86.35
2026-09-24T06:25:05.557,2443.098,1.354,-18.72,72.16,0.7905,Generic,urban,1.339,0.0001,8.59,-84.06
2026-09-24T06:25:05.900,2462.707,41.139,-17.51,73.37,2.0,WiFi,urban,,0.012,10.57,-85.25
2026-09-24T06:25:06.983,,,-88.59,0.0,0.0,Background,suburban,,0.9798,10.08,-90.22
2026-09-24T06:25:08.442,2415.549,32.689,-21.11,69.77,0.2313,WiFi,quiet_rural,0.9075,0.0081,9.87,-101.28
2026-09-24T06:25:08.760,2453.077,1.477,-33.49,57.39,2.0,Generic,suburban,,0.0042,7.35,-92.8
2026-09-24T06:25:09.004,2416.074,0.0,-78.25,6.23,0.0,Background,urban,,0.948,10.43,-83.34
2026-09-24T06:25:10.252,2425.918,0.0,-78.48,6.33,0.0,Background,urban,,0.949,9.54,-83.76
2026-09-24T06:25:10.449,2462.451,2.297,-2.13,88.75,2.0,UAV,suburban,,0.0,7.78,-92.3
2026-09-24T06:25:13.868,2461.813,41.098,-16.78,74.1,0.0978,WiFi,quiet_rural,0.1699,0.011,9.72,-101.16
2026-09-24T06:25:14.636,2408.366,4.881,-21.9,68.98,0.0022,UAV,indoor_congested,0.0428,0.0005,8.7,-76.66
2026-09-24T06:25:15.107,,,-88.77,0.0,0.0,Background,suburban,,0.9823,9.93,-90.67
2026-09-24T06:25:15.182,2415.83,32.936,-15.34,75.54,2.0,WiFi,quiet_rural,,0.0037,9.58,-100.52
2026-09-24T06:25:15.489,2444.793,1.682,-10.4,80.48,2.0,UAV,urban,,0.0,5.79,-84.02
2026-09-24T06:25:18.035,2412.521,21.041,-38.71,52.17,0.1495,WiFi,suburban,0.624,0.0511,9.87,-91.31
2026-09-24T06:25:18.972,2436.398,41.057,-31.73,59.15,0.1593,WiFi,suburban,0.4837,0.0633,10.03,-90.59
2026-09-24T06:25:19.257,2470.715,0.984,-45.35,45.53,0.918,Generic,urban,0.526,0.0583,6.14,-83.69
2026-09-24T06:25:19.668,2428.941,1.354,-23.37,67.5,0.876,Generic,indoor_congested,0.948,0.0004,6.24,-79.17
2026-09-24T06:25:20.643,2461.674,41.057,-25.14,65.74,0.1442,WiFi,indoor_congested,0.3178,0.0292,10.16,-79.68
2026-09-24T06:25:21.122,2480.58,1.436,-34.05,56.82,0.9085,Generic,urban,0.226,0.0048,7.0,-84.82
2026-09-24T06:25:22.370,2428.593,2.953,-20.7,70.18,0.0124,UAV,suburban,0.0325,0.0003,7.6,-93.66
2026-09-24T06:25:22.530,2436.496,21.082,-22.5,68.37,0.427,WiFi,quiet_rural,0.92,0.0032,9.94,-101.59
2026-09-24T06:25:22.810,2435.399,1.312,-35.48,55.4,0.9985,Generic,quiet_rural,0.274,0.0065,8.41,-98.58
2026-09-24T06:25:28.491,2406.615,1.395,-34.92,55.96,0.991,Generic,quiet_rural,1.824,0.0057,6.91,-100.49
2026-09-24T06:25:29.900,2473.649,1.23,-21.09,69.79,0.8415,Generic,indoor_congested,1.829,0.0002,5.39,-76.16
2026-09-24T06:25:32.545,,,-90.41,0.0,0.0,Background,quiet_rural,,0.9983,9.99,-98.1
2026-09-24T06:25:32.732,2462.147,21.082,-27.63,63.25,0.1448,WiFi,quiet_rural,0.3376,0.0076,9.79,-101.24
2026-09-24T06:25:33.424,2442.455,1.969,-13.07,77.81,0.0142,UAV,suburban,0.0281,0.0,6.75,-90.27
2026-09-24T06:25:34.286,2412.368,21.041,-29.69,61.19,0.231,WiFi,urban,0.7255,0.0108,10.1,-83.82
2026-09-24T06:25:34.438,,,-90.55,0.0,0.0,Background,quiet_rural,,0.9991,10.45,-99.72
2026-09-24T06:25:34.654,2442.594,4.512,-6.08,84.8,0.0154,UAV,urban,0.024,0.0,8.83,-83.25
2026-09-24T06:25:37.404,2412.065,1.23,-33.51,57.37,2.0,Generic,urban,,0.0041,7.3,-84.85
2026-09-24T06:25:37.695,2462.255,4.676,-7.55,83.33,0.0158,UAV,quiet_rural,0.0406,0.0,9.11,-98.84
2026-09-24T06:25:38.269,2462.891,41.057,-36.02,54.86,0.181,WiFi,suburban,0.6047,0.105,10.18,-91.64
2026-09-24T06:25:38.536,,,-89.58,0.0,0.0,Background,suburban,,0.9902,9.77,-93.14
2026-09-24T06:25:39.951,2461.355,0.0,-73.99,6.02,0.0,Background,indoor_congested,,0.9338,10.03,-78.2
2026-09-24T06:25:40.385,2412.281,21.164,-14.04,76.84,0.1832,WiFi,quiet_rural,0.5613,0.0007,8.68,-101.07
2026-09-24T06:25:40.495,,,-90.65,0.0,0.0,Background,quiet_rural,,0.9995,9.8,-101.25
2026-09-24T06:25:40.706,2464.601,5.25,-4.44,86.44,0.0032,UAV,suburban,0.0439,0.0,7.36,-92.61
2026-09-24T06:25:40.753,2462.417,41.139,-28.38,62.5,0.036,WiFi,quiet_rural,0.7565,0.0428,9.68,-99.56
2026-09-24T06:25:42.213,2483.34,0.0,-72.29,6.96,0.0,Background,indoor_congested,,0.9319,9.96,-77.24
2026-09-24T06:25:42.990,2415.23,32.156,-13.2,77.68,0.147,WiFi,urban,0.581,0.0025,9.11,-86.6
2026-09-24T06:25:44.054,2452.451,2.174,-9.5,81.38,0.0118,UAV,urban,0.0286,0.0,6.01,-86.6
2026-09-24T06:25:44.338,2437.854,41.057,-35.86,55.02,0.1165,WiFi,indoor_congested,0.1633,0.1028,10.29,-79.4
2026-09-24T06:25:44.367,2411.48,21.082,-37.05,53.83,0.081,WiFi,suburban,0.5803,0.0385,9.52,-93.26
2026-09-24T06:25:45.315,2436.37,3.979,-25.49,65.39,0.0105,UAV,urban,0.0159,0.001,8.56,-85.47
2026-09-24T06:25:46.613,2475.965,4.307,-31.07,59.81,0.008,UAV,suburban,0.0417,0.0034,9.56,-93.78
2026-09-24T06:25:46.913,2430.695,3.076,-15.76,75.12,0.0026,UAV,suburban,0.0236,0.0001,8.37,-93.72
2026-09-24T06:25:47.136,,,-90.67,0.0,0.0,Background,quiet_rural,,0.9996,10.87,-101.62
2026-09-24T06:25:48.343,2401.969,1.354,-40.2,50.68,2.0,Generic,urban,,0.0189,8.2,-83.18
2026-09-24T06:25:48.406,2409.434,2.42,-7.38,83.5,0.0122,UAV,indoor_congested,0.0397,0.0,7.66,-79.31
2026-09-24T06:25:49.494,2416.783,1.764,-7.23,83.65,0.0077,UAV,indoor_congested,0.0469,0.0,6.65,-78.02
2026-09-24T06:25:49.539,2411.895,21.082,-28.07,62.81,0.0528,WiFi,quiet_rural,0.331,0.0082,10.17,-98.0
2026-09-24T06:25:50.679,,,-88.78,0.0,0.0,Background,suburban,,0.9823,10.53,-90.7
2026-09-24T06:25:50.839,2411.751,0.943,-43.95,46.93,2.0,Generic,urban,,0.0422,5.04,-83.57
2026-09-24T06:25:52.225,2413.336,4.389,-4.01,86.87,0.0148,UAV,urban,0.0332,0.0,8.94,-83.98
2026-09-24T06:25:52.602,2406.066,0.0,-72.09,6.37,0.0,Background,indoor_congested,,0.9337,10.11,-76.47
2026-09-24T06:25:52.668,2416.506,3.896,-21.43,69.45,0.0037,UAV,quiet_rural,0.0469,0.0004,9.1,-101.17
2026-09-24T06:25:53.610,2437.422,21.164,-13.19,77.69,2.0,WiFi,indoor_congested,,0.0006,10.56,-77.59
2026-09-24T06:25:55.653,2404.933,1.969,-14.72,76.16,0.0039,UAV,urban,0.0482,0.0001,7.69,-86.55
2026-09-24T06:25:56.103,,,-90.65,0.0,0.0,Background,quiet_rural,,0.9995,9.01,-101.32
2026-09-24T06:25:57.356,2457.95,4.348,-7.83,83.05,0.0177,UAV,indoor_congested,0.0201,0.0,10.45,-76.03
2026-09-24T06:25:57.375,2482.427,1.477,-31.99,58.89,0.9325,Generic,indoor_congested,1.626,0.003,6.39,-79.49
2026-09-24T06:25:58.232,,,-89.26,0.0,0.0,Background,suburban,,0.9884,9.42,-92.25
2026-09-24T06:25:58.267,2410.727,1.641,-23.56,67.32,2.0,UAV,quiet_rural,,0.0005,7.79,-98.09
2026-09-24T06:25:59.303,2439.125,0.0,-73.19,6.52,0.0,Background,indoor_congested,,0.9331,10.13,-77.71
2026-09-24T06:25:59.763,2462.009,21.123,-18.78,72.1,2.0,WiFi,suburban,,0.0017,9.85,-92.43
2026-09-24T06:25:59.929,2405.082,2.092,-25.1,65.77,0.0193,UAV,indoor_congested,0.0263,0.0007,6.64,-76.22
2026-09-24T06:26:00.285,2481.307,2.379,-9.98,80.9,0.0143,UAV,quiet_rural,0.0397,0.0,7.83,-101.33
2026-09-24T06:26:00.561,2418.75,0.492,-46.07,44.81,0.8705,Generic,urban,1.572,0.0654,6.68,-86.99
2026-09-24T06:26:00.636,2449.16,3.732,-31.92,58.95,0.0114,UAV,indoor_congested,0.0407,0.0038,8.24,-78.19
2026-09-24T06:26:01.427,2402.857,1.518,-21.34,69.54,0.904,Generic,urban,1.084,0.0003,6.8,-86.52
2026-09-24T06:26:02.465,2441.284,5.004,-9.94,80.93,0.0125,UAV,suburban,0.0313,0.0,8.6,-93.44
2026-09-24T06:26:04.076,2445.144,4.184,-23.19,67.69,0.0198,UAV,quiet_rural,0.048,0.0006,8.59,-100.45
2026-09-24T06:26:04.655,2420.968,1.107,-18.91,71.96,1.932,Generic,indoor_congested,,0.0001,4.46,-78.08
2026-09-24T06:26:06.368,2408.897,1.477,-18.33,72.54,0.9795,Generic,suburban,1.371,0.0001,6.43,-93.0
2026-09-24T06:26:07.109,,,-86.75,0.0,0.0,Background,urban,,0.9634,10.18,-86.63
2026-09-24T06:26:07.917,2428.177,2.133,-14.95,75.93,2.0,UAV,urban,,0.0001,7.14,-84.22
2026-09-24T06:26:08.601,2418.217,4.266,-23.63,67.25,0.0093,UAV,quiet_rural,0.0279,0.0007,9.63,-101.73
2026-09-24T06:26:10.371,,,-86.32,0.0,0.0,Background,urban,,0.9584,9.73,-85.87
2026-09-24T06:26:11.393,2413.079,0.492,-44.89,45.99,0.9655,Generic,urban,0.333,0.0509,4.71,-83.55
2026-09-24T06:26:12.119,2408.475,1.354,-19.67,71.2,0.837,Generic,suburban,1.695,0.0002,6.32,-91.17
2026-09-24T06:26:12.248,2419.232,0.0,-78.23,6.12,0.0,Background,urban,,0.9497,9.99,-83.13
2026-09-24T06:26:13.495,2461.935,21.082,-27.34,63.54,0.36,WiFi,indoor_congested,0.915,0.0072,9.09,-79.44
2026-09-24T06:26:13.666,,,-85.21,0.0,0.0,Background,urban,,0.9549,9.4,-84.45
2026-09-24T06:26:14.848,2415.202,32.443,-42.37,48.51,0.1681,WiFi,urban,0.2407,0.1564,10.14,-86.36
2026-09-24T06:26:15.171,,,-89.19,0.0,0.0,Background,suburban,,0.9857,9.98,-91.79
2026-09-24T06:26:15.268,2415.307,33.018,-32.58,58.29,0.058,WiFi,quiet_rural,0.699,0.0415,9.45,-99.25
2026-09-24T06:26:16.004,,,-90.67,0.0,0.0,Background,quiet_rural,,0.9996,8.97,-101.76
2026-09-24T06:26:16.028,2402.925,0.41,-29.61,61.26,0.8695,Generic,suburban,1.608,0.0016,6.61,-93.78
2026-09-24T06:26:16.052,2473.914,3.814,-2.38,88.5,2.0,UAV,suburban,,0.0,7.42,-93.2
2026-09-24T06:26:17.057,2409.84,0.0,-77.54,6.82,0.0,Background,urban,,0.9479,9.36,-83.21
2026-09-24T06:26:18.179,2436.66,41.057,-35.48,55.4,0.3163,WiFi,quiet_rural,0.902,0.0982,9.13,-100.01
2026-09-24T06:26:18.376,2415.932,33.756,-23.25,67.63,0.3147,WiFi,urban,0.7755,0.012,11.06,-85.47
2026-09-24T06:26:19.658,2409.728,0.615,-40.47,50.41,0.9085,Generic,urban,1.418,0.019,7.57,-85.47
2026-09-24T06:26:25.336,2469.901,0.574,-36.78,54.09,2.0,Generic,suburban,,0.0084,4.59,-90.14
2026-09-24T06:26:25.642,,,-89.61,0.0,0.0,Background,suburban,,0.9908,10.31,-93.35
2026-09-24T06:26:27.146,2438.391,1.436,-35.29,55.58,0.753,Generic,quiet_rural,0.981,0.0064,7.93,-99.0
2026-09-24T06:26:28.837,2462.382,21.123,-16.58,74.3,2.0,WiFi,indoor_congested,,0.0011,10.26,-76.26
2026-09-24T06:26:29.706,2437.107,4.553,-24.05,66.82,0.0132,UAV,indoor_congested,0.0289,0.0008,10.39,-76.59
2026-09-24T06:26:30.234,2436.167,41.139,-12.97,77.9,0.085,WiFi,quiet_rural,0.559,0.007,9.1,-99.44
2026-09-24T06:26:30.342,2408.404,0.0,-77.84,6.5,0.0,Background,urban,,0.9493,10.57,-83.11
2026-09-24T06:26:31.678,,,-84.55,0.0,0.0,Background,urban,,0.9507,10.54,-83.54
2026-09-24T06:26:32.005,2472.593,1.436,-30.55,60.33,2.0,Generic,urban,,0.0021,5.55,-86.79
2026-09-24T06:26:32.414,2462.232,1.148,-39.32,51.55,2.0,Generic,indoor_congested,,0.0151,5.66,-76.63
2026-09-24T06:26:33.047,2453.142,1.846,-28.22,62.66,0.014,UAV,urban,0.0345,0.0014,10.0,-83.8
2026-09-24T06:26:33.545,,,-90.56,0.0,0.0,Background,quiet_rural,,0.9991,10.57,-99.88
2026-09-24T06:26:34.104,2436.1,2.666,-22.04,68.84,0.0125,UAV,quiet_rural,0.0215,0.0004,7.97,-98.57
2026-09-24T06:26:34.119,2462.181,41.057,-26.07,64.8,2.0,WiFi,suburban,,0.0325,9.1,-91.1
2026-09-24T06:26:34.187,2411.423,21.123,-17.85,73.03,0.1911,WiFi,quiet_rural,0.2469,0.0014,9.31,-98.73
2026-09-24T06:26:35.576,2458.724,0.41,-28.13,62.75,0.7625,Generic,suburban,0.918,0.0011,5.89,-93.01
2026-09-24T06:26:35.628,2410.007,4.348,-5.96,84.91,0.009,UAV,suburban,0.0495,0.0,8.65,-92.01
2026-09-24T06:26:35.886,2468.482,1.395,-19.59,71.29,2.0,Generic,suburban,,0.0002,7.37,-93.58
2026-09-24T06:26:36.389,2437.793,21.041,-39.1,51.77,0.286,WiFi,quiet_rural,0.7725,0.0547,10.48,-101.16
2026-09-24T06:26:36.739,2461.568,4.799,-9.53,81.34,2.0,UAV,indoor_congested,,0.0,8.73,-79.82
2026-09-24T06:26:36.979,,,-90.49,0.0,0.0,Background,quiet_rural,,0.9988,10.21,-99.11
2026-09-24T06:26:37.163,2467.98,1.066,-36.11,54.76,2.0,Generic,urban,,0.0073,7.13,-83.62
2026-09-24T06:26:37.493,2441.709,0.0,-73.38,7.04,0.0,Background,indoor_congested,,0.9364,9.39,-78.64
2026-09-24T06:26:37.511,,,-88.93,0.0,0.0,Background,suburban,,0.9833,8.66,-91.18
2026-09-24T06:26:38.654,2462.375,41.057,-26.54,64.33,0.0517,WiFi,suburban,0.2238,0.0344,9.95,-91.77
2026-09-24T06:26:41.636,2409.621,0.451,-26.37,64.51,0.9725,Generic,suburban,1.86,0.0008,4.15,-92.13
2026-09-24T06:26:42.829,2418.127,3.814,-9.13,81.75,0.0132,UAV,suburban,0.0252,0.0,9.48,-93.48
2026-09-24T06:26:42.990,2468.559,1.846,-5.64,85.24,0.012,UAV,suburban,0.0142,0.0,7.64,-92.06
2026-09-24T06:26:43.002,2459.374,0.82,-36.52,54.36,1.629,Generic,urban,,0.008,6.18,-84.81
2026-09-24T06:26:43.106,2436.486,21.041,-35.82,55.06,0.2142,WiFi,urban,0.2677,0.0312,9.36,-84.32
2026-09-24T06:26:43.122,2437.204,41.098,-25.67,65.2,2.0,WiFi,quiet_rural,,0.0311,8.92,-98.84
2026-09-24T06:26:44.226,2436.199,21.082,-34.79,56.09,0.32,WiFi,indoor_congested,0.755,0.0261,9.45,-77.27
2026-09-24T06:26:44.750,2410.409,0.697,-37.9,52.98,0.9635,Generic,suburban,1.199,0.0109,7.24,-93.64
2026-09-24T06:26:44.886,2480.799,1.518,-27.87,63.01,1.695,Generic,quiet_rural,,0.0012,6.5,-101.13
2026-09-24T06:26:45.836,,,-89.0,0.0,0.0,Background,suburban,,0.9837,8.91,-91.19
2026-09-24T06:26:46.108,,,-89.15,0.0,0.0,Background,suburban,,0.9865,9.47,-91.69
2026-09-24T06:26:47.454,2415.001,31.869,-15.76,75.12,0.3823,WiFi,urban,0.6405,0.0035,8.93,-84.99
2026-09-24T06:26:48.456,2409.255,1.477,-35.87,55.01,0.427,Generic,urban,0.9565,0.0072,6.44,-83.57
2026-09-24T06:26:48.753,2437.471,21.041,-35.2,55.67,0.3407,WiFi,indoor_congested,0.5813,0.028,9.98,-77.21
2026-09-24T06:26:52.797,2435.908,21.123,-15.86,75.02,0.1387,WiFi,quiet_rural,0.5013,0.001,9.31,-101.63
2026-09-24T06:26:53.107,2465.136,1.395,-43.26,47.62,1.768,Generic,indoor_congested,,0.0376,7.93,-77.98
2026-09-24T06:26:53.479,2463.274,4.963,-4.88,86.0,0.0079,UAV,quiet_rural,0.0139,0.0,8.53,-101.45
2026-09-24T06:26:54.209,2429.129,2.502,-20.97,69.9,2.0,UAV,indoor_congested,,0.0003,7.6,-77.97
2026-09-24T06:26:54.596,,,-89.56,0.0,0.0,Background,suburban,,0.99,9.31,-93.09
2026-09-24T06:26:54.873,,,-89.44,0.0,0.0,Background,suburban,,0.9901,9.4,-92.82
2026-09-24T06:26:55.055,2435.593,3.199,-27.73,63.15,0.0085,UAV,urban,0.0277,0.0014,7.78,-83.91
2026-09-24T06:26:55.929,2432.5,2.584,-12.65,78.23,0.0114,UAV,indoor_congested,0.0355,0.0,8.25,-79.51
2026-09-24T06:26:55.990,2436.677,21.082,-26.44,64.44,0.3107,WiFi,quiet_rural,0.7665,0.0062,8.81,-101.13
2026-09-24T06:26:56.303,,,-85.73,0.0,0.0,Background,urban,,0.9577,9.54,-84.99
2026-09-24T06:26:56.716,2414.209,1.107,-38.87,52.01,0.812,Generic,indoor_congested,0.916,0.0136,4.69,-77.31
2026-09-24T06:26:56.880,,,-88.71,0.0,0.0,Background,suburban,,0.9797,9.56,-90.43
2026-09-24T06:26:57.004,2437.103,41.057,-37.99,52.89,0.25,WiFi,urban,0.903,0.1317,10.24,-83.01
2026-09-24T06:26:57.946,2477.863,0.492,-30.4,60.48,1.786,Generic,quiet_rural,,0.0019,4.76,-98.56
2026-09-24T06:26:58.837,2444.108,1.436,-21.54,69.34,0.848,Generic,urban,1.292,0.0003,6.78,-84.59
2026-09-24T06:26:59.207,2462.767,41.098,-24.44,66.43,2.0,WiFi,quiet_rural,,0.0271,9.81,-98.81
2026-09-24T06:26:59.897,2403.056,1.354,-21.71,69.17,0.807,Generic,suburban,1.459,0.0003,6.91,-92.96
2026-09-24T06:27:00.751,2428.033,4.635,-19.35,71.53,0.0066,UAV,quiet_rural,0.0103,0.0003,8.15,-98.17
2026-09-24T06:27:00.889,2439.595,1.312,-33.35,57.52,0.822,Generic,urban,1.041,0.004,5.79,-85.35
2026-09-24T06:27:02.464,2470.572,2.543,-8.48,82.4,0.0067,UAV,quiet_rural,0.0438,0.0,8.15,-99.65
2026-09-24T06:27:03.611,2418.384,1.764,-26.71,64.16,2.0,UAV,suburban,,0.001,8.65,-92.18
2026-09-24T06:27:04.820,2462.918,41.057,-23.98,66.9,2.0,WiFi,indoor_congested,,0.0255,9.41,-76.68
2026-09-24T06:27:05.196,2410.277,0.656,-30.12,60.76,2.0,Generic,suburban,,0.0018,6.32,-91.53
2026-09-24T06:27:06.295,2477.979,1.6,-14.27,76.61,0.0167,UAV,quiet_rural,0.0178,0.0001,7.82,-98.66
2026-09-24T06:27:07.917,2436.574,41.057,-34.1,56.78,2.0,WiFi,quiet_rural,,0.0834,10.31,-101.62
2026-09-24T06:27:09.662,2472.498,1.641,-25.41,65.46,0.0195,UAV,indoor_congested,0.0259,0.0007,9.25,-78.14
2026-09-24T06:27:09.824,2456.658,4.922,-23.29,67.59,0.0056,UAV,quiet_rural,0.0174,0.0007,8.58,-98.45
2026-09-24T06:27:11.805,2415.8,33.469,-38.01,52.87,0.1753,WiFi,urban,0.4993,0.0901,9.68,-85.49
2026-09-24T06:27:12.149,2478.146,1.682,-20.19,70.68,0.0185,UAV,quiet_rural,0.0204,0.0002,7.94,-99.84
2026-09-24T06:27:12.308,2461.174,1.025,-33.35,57.53,0.9605,Generic,urban,0.846,0.0038,5.41,-86.57
2026-09-24T06:27:13.667,2468.006,0.574,-27.74,63.14,0.9255,Generic,quiet_rural,0.783,0.0011,4.77,-101.36
2026-09-24T06:27:14.311,2435.2,0.656,-37.12,53.76,0.957,Generic,quiet_rural,0.385,0.0091,6.02,-101.5
2026-09-24T06:27:14.312,2415.45,32.977,-24.35,66.52,0.2465,WiFi,urban,0.3968,0.0131,9.81,-85.58
2026-09-24T06:27:14.348,2402.239,4.471,-2.21,88.67,0.0156,UAV,indoor_congested,0.0438,0.0,8.06,-78.79
2026-09-24T06:27:14.413,2447.028,1.148,-41.94,48.94,2.0,Generic,quiet_rural,,0.0277,7.03,-99.34
2026-09-24T06:27:14.441,2472.883,0.656,-45.76,45.11,1.969,Generic,urban,,0.0622,7.03,-83.89
2026-09-24T06:27:14.497,2479.009,0.369,-41.24,49.63,0.761,Generic,suburban,1.591,0.0227,8.91,-93.31
2026-09-24T06:27:16.387,,,-88.78,0.0,0.0,Background,suburban,,0.9824,9.49,-90.76
2026-09-24T06:27:19.290,,,-86.19,0.0,0.0,Background,urban,,0.9567,9.84,-85.62
2026-09-24T06:27:20.836,2460.026,5.045,-23.77,67.11,0.0163,UAV,quiet_rural,0.0373,0.0007,8.64,-99.53
2026-09-24T06:27:21.023,,,-85.09,0.0,0.0,Background,urban,,0.9532,8.95,-84.22
2026-09-24T06:27:21.136,2411.457,21.082,-33.49,57.38,0.161,WiFi,suburban,0.927,0.0209,8.96,-90.98
2026-09-24T06:27:22.235,,,-90.61,0.0,0.0,Background,quiet_rural,,0.9993,10.13,-100.61
2026-09-24T06:27:22.965,2437.347,21.041,-37.35,53.53,0.2488,WiFi,suburban,0.4582,0.0406,8.83,-93.51
2026-09-24T06:27:23.721,2462.709,0.0,-78.13,6.42,0.0,Background,urban,,0.95,10.67,-83.37
2026-09-24T06:27:23.982,2415.041,32.074,-31.09,59.79,0.0838,WiFi,suburban,0.514,0.0315,9.42,-90.19
2026-09-24T06:27:24.369,,,-90.46,0.0,0.0,Background,quiet_rural,,0.9983,10.32,-98.37
2026-09-24T06:27:25.038,,,-85.22,0.0,0.0,Background,urban,,0.9541,9.97,-84.44
2026-09-24T06:27:28.452,2412.692,0.041,-70.78,9.52,0.0,Background,indoor_congested,,0.9379,9.76,-78.63
2026-09-24T06:27:28.561,2411.78,21.123,-21.2,69.68,0.0948,WiFi,quiet_rural,0.4353,0.0025,9.31,-99.66
2026-09-24T06:27:28.818,2421.881,0.041,-68.56,9.98,0.0,Background,indoor_congested,,0.9333,9.31,-76.58
2026-09-24T06:27:28.838,2452.294,0.82,-36.49,54.38,2.0,Generic,urban,,0.008,8.04,-86.4
2026-09-24T06:27:28.957,2411.052,21.123,-22.43,68.45,0.3503,WiFi,indoor_congested,0.7685,0.0031,9.96,-79.52
2026-09-24T06:27:29.934,,,-90.65,0.0,0.0,Background,quiet_rural,,0.9995,9.67,-101.24
2026-09-24T06:27:30.018,2415.957,33.469,-42.65,48.23,0.0924,WiFi,quiet_rural,0.289,0.1692,9.79,-100.58
2026-09-24T06:27:30.762,2462.909,41.057,-27.65,63.22,0.2317,WiFi,quiet_rural,0.6153,0.0393,9.9,-100.8
2026-09-24T06:27:30.997,2471.088,0.328,-44.2,46.68,0.8635,Generic,suburban,1.237,0.0435,5.76,-92.5
2026-09-24T06:27:31.525,2444.907,1.928,-26.33,64.55,2.0,UAV,urban,,0.0009,7.35,-84.2
2026-09-24T06:27:32.237,2468.614,0.41,-40.12,50.76,2.0,Generic,quiet_rural,,0.0175,6.51,-100.27
2026-09-24T06:27:34.813,2430.414,3.732,-30.13,60.75,0.0081,UAV,indoor_congested,0.0387,0.0026,7.76,-78.58
2026-09-24T06:27:35.887,2443.402,3.938,-8.58,82.3,0.0084,UAV,urban,0.031,0.0,7.81,-86.77
2026-09-24T06:27:36.197,,,-88.55,0.0,0.0,Background,suburban,,0.9796,10.2,-90.11
2026-09-24T06:27:37.056,2439.978,3.035,-26.77,64.11,0.0151,UAV,indoor_congested,0.0205,0.0011,7.84,-77.16
2026-09-24T06:27:39.117,,,-89.4,0.0,0.0,Background,suburban,,0.9878,10.4,-92.55
2026-09-24T06:27:40.243,2415.435,33.346,-37.81,53.07,0.11,WiFi,urban,0.252,0.0869,9.58,-84.05
2026-09-24T06:27:40.886,2477.118,0.984,-24.42,66.46,2.0,Generic,suburban,,0.0005,5.63,-92.59
2026-09-24T06:27:41.141,2437.879,21.082,-39.61,51.27,0.409,WiFi,suburban,0.714,0.0596,9.47,-91.64
2026-09-24T06:27:41.295,,,-85.42,0.0,0.0,Background,urban,,0.956,10.2,-84.72
2026-09-24T06:27:41.702,2462.363,41.057,-30.35,60.53,0.3402,WiFi,quiet_rural,0.4825,0.0537,9.52,-98.85
2026-09-24T06:27:43.481,2410.742,0.0,-78.44,6.01,0.0,Background,urban,,0.9502,10.37,-83.33
2026-09-24T06:27:43.692,2416.834,0.492,-21.66,69.22,2.0,Generic,quiet_rural,,0.0003,4.94,-98.15
2026-09-24T06:27:43.832,2462.392,3.609,-24.67,66.21,0.0157,UAV,quiet_rural,0.0315,0.0008,8.26,-101.8
2026-09-24T06:27:44.327,2461.59,21.123,-21.45,69.43,2.0,WiFi,indoor_congested,,0.0026,8.7,-79.63
2026-09-24T06:27:44.785,2410.048,1.107,-35.0,55.87,0.7895,Generic,quiet_rural,1.339,0.0058,5.97,-100.72
2026-09-24T06:27:45.038,2416.034,33.182,-42.55,48.33,2.0,WiFi,suburban,,0.1653,9.46,-92.44
2026-09-24T06:27:45.482,,,-90.59,0.0,0.0,Background,quiet_rural,,0.9992,9.91,-100.22
2026-09-24T06:27:46.377,,,-88.73,0.0,0.0,Background,suburban,,0.9808,9.69,-90.57
2026-09-24T06:27:48.114,,,-88.5,0.0,0.0,Background,suburban,,0.98,9.68,-90.07
2026-09-24T06:27:50.348,2453.108,4.348,-24.24,66.64,0.0145,UAV,indoor_congested,0.0483,0.0008,7.63,-79.54
2026-09-24T06:27:51.207,2423.981,4.43,-28.58,62.3,0.0153,UAV,quiet_rural,0.0282,0.002,7.35,-100.44
2026-09-24T06:27:51.366,2437.876,21.082,-29.57,61.31,0.2603,WiFi,indoor_congested,0.811,0.0107,9.75,-77.91
2026-09-24T06:27:51.382,2471.963,4.471,-17.8,73.08,2.0,UAV,quiet_rural,,0.0002,8.03,-98.72
2026-09-24T06:27:52.040,2437.177,21.082,-37.11,53.77,2.0,WiFi,quiet_rural,,0.039,10.7,-98.66
2026-09-24T06:27:52.215,2436.356,41.057,-36.88,54.0,0.1386,WiFi,indoor_congested,0.445,0.1162,9.52,-78.77
2026-09-24T06:27:52.691,,,-79.5,0.0,0.0,Background,indoor_congested,,0.9392,9.43,-77.71
2026-09-24T06:27:54.349,,,-90.65,0.0,0.0,Background,quiet_rural,,0.9995,10.67,-101.34
2026-09-24T06:27:54.729,2463.078,0.0,-78.91,6.05,0.0,Background,urban,,0.953,9.29,-84.02
2026-09-24T06:27:55.576,2461.111,41.057,-37.05,53.83,0.2147,WiFi,suburban,0.6595,0.1181,11.15,-92.33
2026-09-24T06:27:55.652,2472.234,0.943,-37.72,53.16,0.8145,Generic,quiet_rural,1.669,0.0106,6.61,-99.62
2026-09-24T06:27:56.865,,,-86.46,0.0,0.0,Background,urban,,0.96,10.12,-86.06
2026-09-24T06:27:56.891,,,-90.46,0.0,0.0,Background,quiet_rural,,0.9987,10.35,-98.66
2026-09-24T06:27:56.970,2455.765,0.41,-33.22,57.66,0.838,Generic,suburban,0.964,0.0037,7.21,-92.09
2026-09-24T06:27:57.450,2461.489,21.082,-28.63,62.25,0.1922,WiFi,suburban,0.4375,0.009,10.58,-92.18
2026-09-24T06:27:58.095,2422.377,3.117,-17.9,72.97,0.0141,UAV,urban,0.0254,0.0002,7.98,-83.49
2026-09-24T06:28:00.325,2457.535,1.354,-22.57,68.31,0.813,Generic,quiet_rural,1.099,0.0003,7.14,-100.53
2026-09-24T06:28:01.281,2475.49,2.297,-6.73,84.14,0.0022,UAV,suburban,0.0307,0.0,8.06,-92.19
2026-09-24T06:28:01.530,2415.536,32.484,-41.47,49.41,2.0,WiFi,indoor_congested,,0.1388,11.09,-79.92
2026-09-24T06:28:01.755,2451.922,0.0,-72.24,7.28,0.0,Background,indoor_congested,,0.9337,9.8,-77.63
2026-09-24T06:28:02.583,,,-90.6,0.0,0.0,Background,quiet_rural,,0.9993,9.71,-100.41
2026-09-24T06:28:02.998,,,-89.73,0.0,0.0,Background,suburban,,0.9932,9.31,-93.91
2026-09-24T06:28:03.262,2460.912,1.312,-20.5,70.38,0.881,Generic,quiet_rural,0.758,0.0002,6.27,-99.81
2026-09-24T06:28:04.663,2462.064,41.057,-32.35,58.53,0.233,WiFi,quiet_rural,0.3492,0.068,9.28,-99.54
2026-09-24T06:28:06.285,2412.12,21.082,-33.05,57.83,0.385,WiFi,indoor_congested,0.727,0.0195,9.17,-78.12
2026-09-24T06:28:06.305,2442.447,0.0,-71.78,6.27,0.0,Background,indoor_congested,,0.9323,9.86,-76.05
2026-09-24T06:28:06.405,2452.653,4.799,-6.72,84.16,0.0132,UAV,urban,0.0328,0.0,7.82,-83.8
2026-09-24T06:28:07.433,2453.554,3.691,-9.1,81.78,0.0155,UAV,indoor_congested,0.0316,0.0,7.88,-79.77
2026-09-24T06:28:08.335,2411.607,21.123,-19.44,71.44,0.186,WiFi,quiet_rural,0.2211,0.0019,9.14,-100.37
2026-09-24T06:28:12.606,2448.295,0.533,-21.82,69.05,2.0,Generic,quiet_rural,,0.0003,6.53,-100.1
2026-09-24T06:28:13.104,2435.116,1.107,-20.69,70.19,0.949,Generic,suburban,0.656,0.0002,6.1,-92.04
2026-09-24T06:28:15.146,2454.875,0.0,-72.52,6.45,0.0,Background,indoor_congested,,0.9326,9.45,-77.05
2026-09-24T06:28:15.440,2418.023,0.041,-69.0,9.69,0.0,Background,indoor_congested,,0.9304,10.14,-76.71
2026-09-24T06:28:16.148,,,-86.49,0.0,0.0,Background,urban,,0.9608,9.29,-86.31
2026-09-24T06:28:17.161,,,-89.73,0.0,0.0,Background,suburban,,0.9922,10.8,-93.88
2026-09-24T06:28:17.234,,,-88.53,0.0,0.0,Background,suburban,,0.9801,9.32,-90.11
2026-09-24T06:28:17.711,2437.27,21.041,-38.9,51.98,0.198,WiFi,suburban,0.609,0.0527,9.73,-90.17
2026-09-24T06:28:17.764,2417.469,0.0,-72.67,6.84,0.0,Background,indoor_congested,,0.9327,9.51,-77.6
2026-09-24T06:28:18.227,2442.242,0.0,-78.45,6.27,0.0,Background,urban,,0.9504,9.7,-83.72
2026-09-24T06:28:22.692,,,-90.61,0.0,0.0,Background,quiet_rural,,0.9993,9.4,-100.53
2026-09-24T06:28:22.946,,,-88.6,0.0,0.0,Background,suburban,,0.9797,9.64,-90.17
2026-09-24T06:28:23.447,2405.417,0.902,-21.24,69.63,0.8305,Generic,urban,0.603,0.0002,5.06,-84.37
2026-09-24T06:28:24.005,,,-90.6,0.0,0.0,Background,quiet_rural,,0.9992,9.35,-100.34
2026-09-24T06:28:24.383,,,-90.6,0.0,0.0,Background,quiet_rural,,0.9993,8.99,-100.45
2026-09-24T06:28:24.426,2455.878,2.83,-12.71,78.17,0.0125,UAV,urban,0.0402,0.0,7.53,-84.35
2026-09-24T06:28:24.659,2482.807,0.0,-72.8,6.51,0.0,Background,indoor_congested,,0.9326,10.12,-77.4
2026-09-24T06:28:24.704,2454.007,1.846,-31.8,59.08,0.0188,UAV,suburban,0.0409,0.003,7.27,-90.39
2026-09-24T06:28:25.522,2425.714,3.117,-30.64,60.24,0.0026,UAV,suburban,0.0352,0.0027,7.95,-92.35
2026-09-24T06:28:25.803,2436.239,21.082,-24.24,66.64,0.2044,WiFi,quiet_rural,0.2286,0.0043,9.73,-100.18
2026-09-24T06:28:26.496,2437.505,21.123,-22.54,68.34,0.0549,WiFi,urban,0.2326,0.0032,9.17,-83.63
2026-09-24T06:28:26.659,,,-84.26,0.0,0.0,Background,urban,,0.9491,10.11,-83.19
2026-09-24T06:28:26.733,2419.725,0.0,-72.34,7.11,0.0,Background,indoor_congested,,0.9339,9.45,-77.47
2026-09-24T06:28:26.884,2449.286,1.107,-28.59,62.29,1.556,Generic,indoor_congested,,0.0013,6.29,-77.84
2026-09-24T06:28:26.930,2446.404,1.354,-21.4,69.47,0.94,Generic,indoor_congested,1.452,0.0003,6.41,-78.38
2026-09-24T06:28:27.315,2435.49,4.143,-5.47,85.41,0.0071,UAV,suburban,0.0187,0.0,7.69,-90.02
2026-09-24T06:28:28.645,2438.019,41.139,-15.22,75.66,0.0822,WiFi,suburban,0.1053,0.0091,8.97,-91.43
2026-09-24T06:28:29.503,,,-89.47,0.0,0.0,Background,suburban,,0.9889,9.68,-92.81
2026-09-24T06:28:30.229,,,-86.52,0.0,0.0,Background,urban,,0.959,10.21,-86.14
2026-09-24T06:28:30.710,2415.939,33.715,-31.97,58.9,0.054,WiFi,quiet_rural,0.596,0.04,9.02,-98.24
2026-09-24T06:28:30.824,2463.023,0.615,-19.54,71.34,0.9265,Generic,quiet_rural,1.658,0.0002,4.56,-101.0
2026-09-24T06:28:31.287,2457.921,0.861,-32.34,58.54,0.9805,Generic,urban,1.149,0.0031,5.6,-86.83
2026-09-24T06:28:33.120,2402.334,0.984,-34.7,56.18,0.8245,Generic,urban,0.394,0.0052,5.92,-83.88
2026-09-24T06:28:34.779,,,-89.66,0.0,0.0,Background,suburban,,0.9916,9.75,-93.52
2026-09-24T06:28:34.888,2421.821,3.035,-4.06,86.82,0.0092,UAV,indoor_congested,0.0161,0.0,8.45,-76.01
2026-09-24T06:28:35.301,,,-81.71,0.0,0.0,Background,indoor_congested,,0.9405,11.08,-79.85
2026-09-24T06:28:36.085,2467.326,0.041,-69.79,9.72,0.0,Background,indoor_congested,,0.9299,9.99,-77.58
2026-09-24T06:28:36.964,2431.392,1.189,-22.28,68.6,1.295,Generic,indoor_congested,,0.0003,7.37,-78.87
2026-09-24T06:28:37.738,2406.037,2.543,-14.33,76.55,0.0089,UAV,suburban,0.0166,0.0001,8.09,-93.46
2026-09-24T06:28:38.076,2436.158,41.139,-13.73,77.15,0.271,WiFi,quiet_rural,0.4455,0.0077,9.23,-100.46
2026-09-24T06:28:39.145,,,-89.14,0.0,0.0,Background,suburban,,0.9856,8.97,-91.65
2026-09-24T06:28:39.518,2462.539,41.098,-25.53,65.35,0.2313,WiFi,suburban,0.546,0.0306,9.75,-93.14
2026-09-24T06:28:40.859,2411.355,21.041,-40.53,50.34,0.404,WiFi,indoor_congested,0.827,0.0694,8.74,-79.95
2026-09-24T06:28:40.867,2449.962,4.43,-2.89,87.99,0.0128,UAV,quiet_rural,0.0162,0.0,8.17,-100.69
2026-09-24T06:28:41.141,,,-90.45,0.0,0.0,Background,quiet_rural,,0.9984,10.12,-98.41
2026-09-24T06:28:42.000,,,-90.53,0.0,0.0,Background,quiet_rural,,0.9989,9.37,-99.39
2026-09-24T06:28:42.027,2412.683,21.164,-13.56,77.32,0.1255,WiFi,indoor_congested,0.635,0.0007,10.87,-76.28
2026-09-24T06:28:42.691,,,-85.05,0.0,0.0,Background,urban,,0.9524,10.52,-84.08
2026-09-24T06:28:43.199,2403.3,3.486,-14.72,76.16,0.0078,UAV,suburban,0.046,0.0001,7.94,-92.8
2026-09-24T06:28:43.821,,,-90.54,0.0,0.0,Background,quiet_rural,,0.9991,9.61,-99.63
2026-09-24T06:28:44.140,2414.059,1.436,-18.65,72.23,0.9665,Generic,urban,0.238,0.0001,6.86,-83.67
2026-09-24T06:28:44.891,2416.6,2.789,-24.84,66.04,0.0123,UAV,suburban,0.0294,0.0007,9.2,-93.78
2026-09-24T06:28:45.521,2437.395,41.016,-38.42,52.46,0.472,WiFi,quiet_rural,0.946,0.1388,9.43,-99.51
2026-09-24T06:28:46.312,2470.089,2.994,-28.12,62.76,0.0021,UAV,quiet_rural,0.029,0.0015,8.65,-99.4
2026-09-24T06:28:48.288,2436.48,41.098,-25.1,65.77,2.0,WiFi,quiet_rural,,0.0292,10.62,-100.21
2026-09-24T06:28:48.492,2421.189,1.477,-32.33,58.54,0.6267,Generic,urban,0.9985,0.0032,8.03,-83.6
2026-09-24T06:28:49.019,,,-90.53,0.0,0.0,Background,quiet_rural,,0.9989,10.52,-99.37
2026-09-24T06:28:51.842,2414.9,31.828,-28.49,62.38,0.1208,WiFi,urban,0.237,0.0213,10.1,-83.6
2026-09-24T06:28:51.914,,,-90.64,0.0,0.0,Background,quiet_rural,,0.9995,10.05,-101.1
2026-09-24T06:28:52.091,2428.176,1.354,-21.72,69.15,0.8505,Generic,suburban,1.752,0.0003,8.55,-90.14
2026-09-24T06:28:53.591,2435.84,41.098,-20.27,70.61,0.325,WiFi,indoor_congested,0.7325,0.0165,10.09,-79.23
2026-09-24T06:28:53.701,2415.805,33.346,-30.03,60.84,0.25,WiFi,urban,0.963,0.0299,9.56,-84.8
2026-09-24T06:28:54.833,2407.088,4.963,-31.92,58.96,0.0169,UAV,suburban,0.0265,0.0043,8.37,-92.74
2026-09-24T06:28:55.783,2480.684,1.395,-21.74,69.14,2.0,Generic,quiet_rural,,0.0003,7.6,-98.85
2026-09-24T06:28:55.844,2407.411,0.533,-41.06,49.82,0.936,Generic,suburban,1.383,0.022,7.38,-90.54
2026-09-24T06:28:56.182,,,-85.65,0.0,0.0,Background,urban,,0.9546,9.38,-84.96
2026-09-24T06:28:56.411,2415.158,32.402,-35.29,55.58,0.3733,WiFi,quiet_rural,0.657,0.0583,9.37,-99.08
2026-09-24T06:28:57.823,2441.103,0.656,-45.34,45.54,0.9975,Generic,quiet_rural,0.9,0.057,6.79,-98.31
2026-09-24T06:28:59.876,2426.426,1.395,-17.59,73.29,1.587,Generic,quiet_rural,,0.0001,7.29,-99.13
2026-09-24T06:29:00.948,2402.953,0.451,-35.51,55.37,0.8075,Generic,suburban,1.072,0.0062,5.93,-93.29
2026-09-24T06:29:02.038,2467.894,1.312,-26.24,64.64,1.926,Generic,quiet_rural,,0.0008,6.6,-101.05
2026-09-24T06:29:02.303,2415.056,32.074,-38.09,52.79,2.0,WiFi,indoor_congested,,0.0846,10.13,-77.86
2026-09-24T06:29:02.488,2459.756,0.0,-72.17,7.06,0.0,Background,indoor_congested,,0.9264,9.24,-77.16
2026-09-24T06:29:02.733,2437.442,21.082,-36.32,54.56,0.369,WiFi,suburban,0.544,0.0341,9.67,-91.11
2026-09-24T06:29:03.299,,,-90.58,0.0,0.0,Background,quiet_rural,,0.9991,11.07,-99.99
2026-09-24T06:29:04.768,,,-90.48,0.0,0.0,Background,quiet_rural,,0.9988,9.41,-98.95
2026-09-24T06:29:05.785,2454.301,0.0,-74.85,6.66,0.0,Background,indoor_congested,,0.9377,10.44,-79.83
2026-09-24T06:29:06.408,2412.469,21.205,-12.94,77.94,0.372,WiFi,indoor_congested,0.6395,0.0006,10.38,-76.03
2026-09-24T06:29:06.735,2408.26,2.461,-6.39,84.49,0.0046,UAV,urban,0.0256,0.0,7.31,-83.54
2026-09-24T06:29:07.589,2428.962,1.354,-40.01,50.87,2.0,Generic,urban,,0.0181,5.75,-84.79
2026-09-24T06:29:08.074,,,-90.63,0.0,0.0,Background,quiet_rural,,0.9994,9.73,-100.82
2026-09-24T06:29:08.375,,,-89.62,0.0,0.0,Background,suburban,,0.9909,9.25,-93.41
2026-09-24T06:29:09.624,2436.662,41.057,-31.15,59.73,0.1753,WiFi,indoor_congested,0.5323,0.0592,9.04,-77.29
2026-09-24T06:29:10.669,2411.307,21.082,-33.64,57.24,0.3855,WiFi,suburban,0.841,0.0214,10.38,-90.33
2026-09-24T06:29:11.640,2466.527,1.395,-43.01,47.87,2.0,Generic,urban,,0.0356,7.1,-85.32
2026-09-24T06:29:11.752,2430.966,5.004,-28.0,62.88,0.0089,UAV,indoor_congested,0.0396,0.0019,8.38,-76.31
2026-09-24T06:29:11.967,2435.719,41.098,-26.68,64.2,0.0557,WiFi,indoor_congested,0.9115,0.0349,10.57,-76.75
2026-09-24T06:29:12.770,2437.476,41.016,-40.22,50.66,0.3207,WiFi,indoor_congested,0.859,0.1715,9.77,-78.42
2026-09-24T06:29:12.914,2462.136,21.041,-41.86,49.02,2.0,WiFi,urban,,0.087,9.28,-83.65
2026-09-24T06:29:13.038,,,-89.03,0.0,0.0,Background,suburban,,0.985,9.03,-91.44
2026-09-24T06:29:13.991,2413.891,0.697,-18.63,72.25,0.811,Generic,suburban,1.048,0.0001,5.79,-93.91
2026-09-24T06:29:14.086,2483.176,0.0,-80.24,6.19,0.0,Background,urban,,0.9591,9.17,-86.07
2026-09-24T06:29:16.444,2415.034,31.869,-41.9,48.97,0.4303,WiFi,suburban,0.5173,0.1428,10.08,-90.12
2026-09-24T06:29:16.682,,,-85.22,0.0,0.0,Background,urban,,0.9538,10.3,-84.35
2026-09-24T06:29:17.396,,,-84.27,0.0,0.0,Background,urban,,0.944,9.02,-83.07
2026-09-24T06:29:17.472,2446.403,1.395,-26.34,64.53,1.557,Generic,suburban,,0.0008,6.92,-93.82
2026-09-24T06:29:18.965,2415.696,33.223,-32.56,58.32,0.2077,WiFi,quiet_rural,0.2903,0.0418,9.45,-99.48
2026-09-24T06:29:19.512,2434.25,4.717,-14.17,76.7,0.0143,UAV,urban,0.0159,0.0001,7.95,-85.41
2026-09-24T06:29:19.537,2435.811,41.057,-39.05,51.83,2.0,WiFi,urban,,0.1486,9.45,-84.2
2026-09-24T06:29:20.823,2413.578,1.312,-19.17,71.71,2.0,Generic,quiet_rural,,0.0002,6.82,-100.81
2026-09-24T06:29:21.858,2406.787,1.477,-26.7,64.17,0.983,Generic,quiet_rural,1.92,0.0009,7.74,-100.54
2026-09-24T06:29:22.095,2411.647,21.082,-31.89,58.99,2.0,WiFi,quiet_rural,,0.0159,10.14,-100.31
2026-09-24T06:29:23.189,2461.783,41.098,-25.2,65.68,0.0757,WiFi,quiet_rural,0.4377,0.0293,9.05,-101.16
2026-09-24T06:29:23.294,2466.477,4.225,-2.48,88.4,0.0104,UAV,suburban,0.0121,0.0,8.4,-93.61
2026-09-24T06:29:23.989,2461.964,41.098,-29.09,61.79,2.0,WiFi,quiet_rural,,0.0466,10.17,-98.97
2026-09-24T06:29:24.878,2446.123,1.107,-37.47,53.4,2.0,Generic,indoor_congested,,0.0099,6.79,-78.68
2026-09-24T06:29:27.356,,,-80.16,0.0,0.0,Background,indoor_congested,,0.9371,10.68,-78.42
2026-09-24T06:29:27.430,2412.703,21.164,-12.42,78.46,0.2753,WiFi,urban,0.863,0.0006,8.94,-84.25
2026-09-24T06:29:27.652,2453.354,0.943,-42.88,48.0,0.7375,Generic,urban,0.753,0.0337,6.69,-86.02
2026-09-24T06:29:32.749,2413.468,4.225,-11.18,79.7,0.0058,UAV,suburban,0.0373,0.0,11.04,-90.6
2026-09-24T06:29:34.933,2405.069,4.84,-4.56,86.31,0.0077,UAV,indoor_congested,0.0405,0.0,8.44,-78.84
2026-09-24T06:29:36.503,2399.77,0.041,-71.34,9.05,0.0,Background,indoor_congested,,0.9322,10.31,-78.5
2026-09-24T06:29:36.833,2437.267,21.082,-23.62,67.25,2.0,WiFi,suburban,,0.0038,9.48,-92.97
2026-09-24T06:29:37.601,2420.95,2.297,-14.65,76.23,0.0064,UAV,suburban,0.0496,0.0001,8.21,-93.81
2026-09-24T06:29:38.316,2415.92,2.584,-27.91,62.97,0.0191,UAV,suburban,0.0298,0.0014,7.53,-90.96
2026-09-24T06:29:39.253,2402.739,3.979,-22.07,68.8,0.0078,UAV,suburban,0.0134,0.0005,9.02,-90.44
2026-09-24T06:29:39.300,,,-88.59,0.0,0.0,Background,suburban,,0.9817,9.47,-90.41
2026-09-24T06:29:40.309,2450.663,1.107,-30.71,60.17,2.0,Generic,indoor_congested,,0.0021,6.88,-78.71
2026-09-24T06:29:41.517,2418.388,1.107,-23.29,67.58,0.892,Generic,indoor_congested,1.931,0.0004,5.95,-76.85
2026-09-24T06:29:41.545,2436.898,21.164,-14.18,76.7,0.2363,WiFi,suburban,0.753,0.0008,9.44,-92.03
2026-09-24T06:29:41.762,2439.961,1.436,-33.32,57.56,0.948,Generic,indoor_congested,1.468,0.0041,7.01,-78.39
2026-09-24T06:29:41.793,2426.9,3.938,-8.33,82.55,0.0045,UAV,quiet_rural,0.0215,0.0,8.82,-100.66
2026-09-24T06:29:42.306,2405.372,1.477,-38.85,52.03,1.667,Generic,indoor_congested,,0.0141,7.63,-76.84
2026-09-24T06:29:42.445,2435.248,1.271,-19.3,71.57,0.7895,Generic,urban,1.787,0.0002,6.72,-84.97
2026-09-24T06:29:42.858,2434.13,4.512,-12.25,78.63,0.0084,UAV,quiet_rural,0.0439,0.0001,8.28,-101.02
2026-09-24T06:29:42.947,2424.044,1.189,-37.37,53.51,0.8785,Generic,urban,1.721,0.0098,5.38,-83.22
2026-09-24T06:29:43.907,,,-88.51,0.0,0.0,Background,suburban,,0.9792,10.11,-90.08
2026-09-24T06:29:44.887,2458.722,1.436,-29.38,61.5,0.981,Generic,indoor_congested,1.763,0.0017,6.76,-77.01
2026-09-24T06:29:45.754,2462.23,41.098,-17.78,73.1,0.0563,WiFi,indoor_congested,0.3538,0.0123,11.59,-79.86
2026-09-24T06:29:47.543,2436.578,0.451,-43.16,47.71,0.9445,Generic,suburban,1.725,0.0349,7.68,-90.71
2026-09-24T06:29:49.158,2445.645,1.436,-20.62,70.25,0.7985,Generic,quiet_rural,1.88,0.0002,6.49,-101.48
2026-09-24T06:29:49.636,2437.131,41.057,-35.33,55.55,0.057,WiFi,quiet_rural,0.73,0.0966,9.7,-100.68
2026-09-24T06:29:49.777,2415.984,33.469,-14.76,76.11,0.185,WiFi,suburban,0.844,0.0036,9.2,-93.45
2026-09-24T06:29:52.464,2462.076,41.057,-39.44,51.44,0.2618,WiFi,indoor_congested,0.5253,0.1559,10.19,-77.14
2026-09-24T06:29:52.857,2453.894,0.492,-26.83,64.05,2.0,Generic,suburban,,0.0009,5.56,-92.2
2026-09-24T06:29:53.361,2412.827,21.123,-21.33,69.55,0.165,WiFi,quiet_rural,0.678,0.0026,9.74,-100.46
2026-09-24T06:29:54.480,,,-85.98,0.0,0.0,Background,urban,,0.9586,10.41,-85.43
2026-09-24T06:29:54.701,2456.59,3.855,-15.27,75.61,0.0162,UAV,urban,0.0176,0.0001,9.4,-84.94
2026-09-24T06:29:55.383,2470.215,3.117,-26.08,64.8,2.0,UAV,quiet_rural,,0.001,8.76,-98.57
2026-09-24T06:29:56.306,2436.741,21.041,-39.34,51.54,0.195,WiFi,suburban,0.911,0.057,9.44,-92.33
2026-09-24T06:29:58.060,2428.291,3.979,-16.57,74.31,0.0091,UAV,indoor_congested,0.0231,0.0001,8.89,-76.2
2026-09-24T06:30:00.767,,,-86.65,0.0,0.0,Background,urban,,0.9658,10.36,-86.6
2026-09-24T06:30:02.089,2401.56,1.025,-33.94,56.94,0.87,Generic,urban,0.45,0.0045,6.72,-85.12
2026-09-24T06:30:02.326,2415.4,32.525,-31.57,59.31,0.1536,WiFi,suburban,0.1925,0.0348,10.06,-92.84
2026-09-24T06:30:02.506,2462.353,41.18,-14.23,76.65,0.052,WiFi,urban,0.8215,0.0082,9.98,-85.96
2026-09-24T06:30:03.554,2402.404,1.436,-21.8,69.08,0.7945,Generic,indoor_congested,0.718,0.0003,9.12,-76.35
2026-09-24T06:30:03.779,2404.221,0.0,-74.83,6.87,0.0,Background,indoor_congested,,0.935,10.01,-79.92
2026-09-24T06:30:03.816,2461.562,41.016,-37.57,53.31,0.1,WiFi,suburban,0.665,0.1254,10.29,-93.82
2026-09-24T06:30:04.007,2462.329,21.041,-41.23,49.65,0.2173,WiFi,urban,0.8855,0.0783,9.51,-84.07
2026-09-24T06:30:05.813,2436.391,1.805,-13.64,77.23,0.0127,UAV,quiet_rural,0.0447,0.0001,6.95,-99.66
2026-09-24T06:30:06.411,2423.709,5.127,-15.51,75.37,0.004,UAV,indoor_congested,0.0245,0.0001,8.38,-79.46
2026-09-24T06:30:06.981,2405.303,2.379,-9.3,81.58,0.0088,UAV,urban,0.0377,0.0,8.2,-85.73
2026-09-24T06:30:07.533,,,-90.55,0.0,0.0,Background,quiet_rural,,0.999,10.36,-99.71
2026-09-24T06:30:10.773,2455.801,4.799,-14.72,76.16,0.0132,UAV,suburban,0.0319,0.0001,8.26,-91.71
2026-09-24T06:30:11.541,,,-90.65,0.0,0.0,Background,quiet_rural,,0.9995,9.84,-101.33
2026-09-24T06:30:14.491,2470.807,1.477,-17.78,73.1,2.0,Generic,urban,,0.0001,5.91,-86.41
2026-09-24T06:30:14.754,,,-89.44,0.0,0.0,Background,suburban,,0.9886,9.63,-92.67
2026-09-24T06:30:15.362,2436.562,21.041,-39.43,51.45,0.2648,WiFi,quiet_rural,0.589,0.0575,9.48,-100.13
2026-09-24T06:30:19.383,2431.02,5.004,-12.42,78.46,0.0032,UAV,indoor_congested,0.046,0.0001,7.93,-78.55
2026-09-24T06:30:20.336,2462.093,21.123,-17.15,73.72,0.194,WiFi,suburban,0.677,0.0013,9.26,-93.19
2026-09-24T06:30:21.362,2436.216,21.041,-37.12,53.75,2.0,WiFi,urban,,0.0389,10.3,-86.58
2026-09-24T06:30:22.876,2414.502,1.23,-33.04,57.84,2.0,Generic,indoor_congested,,0.0037,6.8,-77.13
2026-09-24T06:30:22.948,2402.173,3.158,-6.72,84.16,0.0057,UAV,indoor_congested,0.0486,0.0,7.67,-79.23
2026-09-24T06:30:23.333,2463.006,21.082,-28.25,62.63,0.2582,WiFi,quiet_rural,0.3548,0.0085,9.23,-98.07
2026-09-24T06:30:23.457,2461.43,21.164,-14.29,76.59,2.0,WiFi,urban,,0.0008,9.96,-83.71
2026-09-24T06:30:24.138,2462.18,21.164,-12.9,77.98,2.0,WiFi,indoor_congested,,0.0006,9.71,-79.52
2026-09-24T06:30:24.951,2465.399,5.004,-22.35,68.53,0.0069,UAV,quiet_rural,0.042,0.0005,8.81,-99.17
2026-09-24T06:30:25.594,,,-90.52,0.0,0.0,Background,quiet_rural,,0.9989,9.11,-99.32
2026-09-24T06:30:26.289,2420.566,0.041,-68.7,9.25,0.0,Background,indoor_congested,,0.9317,9.93,-76.06
2026-09-24T06:30:27.976,2464.882,3.035,-22.63,68.24,0.0052,UAV,urban,0.031,0.0005,8.1,-86.72
2026-09-24T06:30:29.081,,,-90.45,0.0,0.0,Background,quiet_rural,,0.9986,10.26,-98.63
2026-09-24T06:30:32.591,2406.285,1.271,-45.24,45.63,0.8545,Generic,indoor_congested,1.704,0.0569,6.43,-77.94
2026-09-24T06:30:33.994,2422.801,0.0,-74.78,6.22,0.0,Background,indoor_congested,,0.9395,9.94,-79.33
2026-09-24T06:30:34.515,2462.429,41.057,-36.02,54.86,0.0606,WiFi,suburban,0.2395,0.1046,10.13,-91.98
2026-09-24T06:30:35.236,,,-90.65,0.0,0.0,Background,quiet_rural,,0.9995,9.33,-101.4
2026-09-24T06:30:36.922,2476.421,4.389,-13.89,76.99,0.0134,UAV,quiet_rural,0.0233,0.0001,8.51,-101.28
2026-09-24T06:30:37.592,,,-90.65,0.0,0.0,Background,quiet_rural,,0.9995,9.39,-101.38
2026-09-24T06:30:38.818,2416.993,0.041,-68.5,10.02,0.0,Background,indoor_congested,,0.931,9.54,-76.61
2026-09-24T06:30:39.961,2412.739,21.082,-22.77,68.11,0.27,WiFi,quiet_rural,0.924,0.0033,9.58,-99.96
2026-09-24T06:30:40.606,2448.773,0.656,-23.64,67.24,0.8525,Generic,quiet_rural,1.27,0.0004,5.35,-98.51
2026-09-24T06:30:41.607,2461.494,41.098,-22.39,68.49,0.3175,WiFi,suburban,0.501,0.0212,8.98,-93.1
2026-09-24T06:30:44.540,2428.079,3.404,-19.49,71.39,0.0111,UAV,quiet_rural,0.039,0.0002,8.65,-100.32
2026-09-24T06:30:45.399,2435.886,41.057,-28.93,61.95,0.3533,WiFi,urban,0.7895,0.0455,9.27,-85.58
2026-09-24T06:30:45.752,2428.144,3.938,-11.77,79.11,0.0158,UAV,suburban,0.0276,0.0,8.12,-93.6
2026-09-24T06:30:45.789,2456.061,1.395,-31.54,59.34,2.0,Generic,quiet_rural,,0.0027,6.79,-99.9
2026-09-24T06:30:47.807,2461.538,21.082,-32.92,57.96,0.1823,WiFi,urban,0.526,0.0189,9.81,-83.07
2026-09-24T06:30:50.009,,,-90.48,0.0,0.0,Background,quiet_rural,,0.9987,9.43,-98.99
2026-09-24T06:30:51.207,2444.676,1.189,-37.59,53.28,0.8125,Generic,urban,0.393,0.0103,6.88,-83.6
2026-09-24T06:30:51.907,,,-90.49,0.0,0.0,Background,quiet_rural,,0.9988,9.34,-99.03
2026-09-24T06:30:52.385,2410.127,0.0,-72.31,6.1,0.0,Background,indoor_congested,,0.9352,9.96,-76.49
2026-09-24T06:30:52.830,2471.464,2.133,-12.62,78.26,0.0074,UAV,indoor_congested,0.0411,0.0,8.48,-77.85
2026-09-24T06:30:53.270,2479.592,3.568,-23.17,67.7,0.0182,UAV,urban,0.0496,0.0006,8.8,-85.95
2026-09-24T06:30:54.618,2459.428,0.0,-71.67,6.44,0.0,Background,indoor_congested,,0.9312,9.38,-76.18
2026-09-24T06:30:54.719,2476.432,3.773,-17.66,73.22,0.0155,UAV,quiet_rural,0.0302,0.0002,8.28,-100.27
2026-09-24T06:30:55.288,2414.05,1.518,-27.04,63.84,2.0,Generic,indoor_congested,,0.001,7.63,-78.54
2026-09-24T06:30:55.406,,,-88.98,0.0,0.0,Background,suburban,,0.9841,10.78,-91.16
2026-09-24T06:30:55.482,2437.962,41.057,-22.94,67.93,2.0,WiFi,quiet_rural,,0.0225,10.98,-100.67
2026-09-24T06:30:55.984,2429.6,4.225,-15.93,74.95,0.0125,UAV,urban,0.0419,0.0001,8.75,-86.72
2026-09-24T06:30:56.784,2465.161,4.676,-10.76,80.11,0.009,UAV,suburban,0.0391,0.0,8.3,-92.8
2026-09-24T06:30:57.227,2476.123,1.271,-24.57,66.31,0.769,Generic,urban,1.586,0.0005,5.68,-84.82
2026-09-24T06:30:57.286,2403.021,2.133,-26.96,63.92,0.0112,UAV,indoor_congested,0.0137,0.0011,7.1,-79.99
2026-09-24T06:30:57.370,2454.547,0.0,-77.28,7.27,0.0,Background,urban,,0.9474,9.33,-83.44
2026-09-24T06:30:58.317,2455.048,3.117,-5.33,85.55,0.0146,UAV,urban,0.0201,0.0,7.51,-83.65
2026-09-24T06:30:59.127,2460.542,2.133,-7.74,83.14,0.0173,UAV,indoor_congested,0.0313,0.0,6.38,-78.85
2026-09-24T06:30:59.812,2416.22,33.428,-14.1,76.78,0.3355,WiFi,suburban,0.973,0.0033,10.29,-90.12
2026-09-24T06:31:00.191,2446.469,1.148,-35.68,55.2,0.885,Generic,indoor_congested,0.792,0.0066,6.42,-77.17
2026-09-24T06:31:01.526,2401.113,1.559,-24.78,66.1,2.0,Generic,indoor_congested,,0.0006,7.05,-78.34
2026-09-24T06:31:03.038,,,-90.66,0.0,0.0,Background,quiet_rural,,0.9995,9.6,-101.46
2026-09-24T06:31:04.071,2457.577,2.379,-13.45,77.43,0.0117,UAV,suburban,0.0129,0.0001,8.94,-93.47
2026-09-24T06:31:05.845,,,-79.77,0.0,0.0,Background,indoor_congested,,0.9357,9.8,-77.79
2026-09-24T06:31:06.104,2461.352,41.098,-16.28,74.59,0.2765,WiFi,indoor_congested,0.3446,0.0103,10.04,-78.57
2026-09-24T06:31:07.629,2436.239,21.082,-35.9,54.98,0.3202,WiFi,indoor_congested,0.3774,0.0316,9.49,-79.52
2026-09-24T06:31:08.744,2426.485,4.676,-20.66,70.21,0.003,UAV,urban,0.032,0.0004,8.92,-85.26
2026-09-24T06:31:09.070,2447.077,4.348,-21.29,69.59,0.0181,UAV,indoor_congested,0.0251,0.0004,8.76,-79.13
2026-09-24T06:31:09.091,2440.623,3.281,-6.54,84.34,0.0067,UAV,suburban,0.0137,0.0,7.63,-91.44
2026-09-24T06:31:09.249,,,-86.93,0.0,0.0,Background,urban,,0.965,9.75,-86.99
2026-09-24T06:31:10.169,2462.476,21.123,-17.34,73.54,2.0,WiFi,urban,,0.0013,9.85,-85.63
2026-09-24T06:31:10.223,2411.994,21.041,-25.12,65.76,0.1857,WiFi,indoor_congested,0.7795,0.005,9.19,-78.08
2026-09-24T06:31:10.578,2460.06,4.061,-20.77,70.1,0.0106,UAV,urban,0.0331,0.0003,7.73,-85.9
2026-09-24T06:31:11.795,,,-90.63,0.0,0.0,Background,quiet_rural,,0.9995,9.99,-100.96
2026-09-24T06:31:12.298,2479.648,0.0,-72.92,6.89,0.0,Background,indoor_congested,,0.9322,10.02,-77.9
2026-09-24T06:31:13.139,2457.094,0.861,-29.54,61.34,0.929,Generic,urban,0.939,0.0016,6.22,-86.15
2026-09-24T06:31:13.312,,,-81.47,0.0,0.0,Background,indoor_congested,,0.941,9.82,-79.62
2026-09-24T06:31:13.382,2406.698,4.184,-16.16,74.72,2.0,UAV,urban,,0.0001,8.21,-84.99
2026-09-24T06:31:13.915,2436.301,0.738,-41.79,49.09,0.974,Generic,quiet_rural,0.411,0.0262,6.66,-98.25
2026-09-24T06:31:15.059,2451.164,0.861,-31.29,59.59,0.894,Generic,quiet_rural,1.395,0.0024,6.36,-99.8
2026-09-24T06:31:17.126,2469.293,0.369,-34.81,56.07,2.0,Generic,quiet_rural,,0.0053,5.92,-100.37
2026-09-24T06:31:17.290,2422.931,4.061,-26.24,64.64,0.0092,UAV,quiet_rural,0.0121,0.0011,9.11,-100.51
2026-09-24T06:31:17.409,2457.329,1.23,-25.84,65.04,0.831,Generic,indoor_congested,0.444,0.0007,5.66,-76.5
2026-09-24T06:31:17.490,,,-85.0,0.0,0.0,Background,urban,,0.9494,10.07,-84.04
2026-09-24T06:31:17.505,2436.841,21.082,-32.81,58.07,0.1563,WiFi,suburban,0.7645,0.0186,10.12,-93.89
2026-09-24T06:31:17.813,2411.251,21.041,-38.19,52.68,2.0,WiFi,indoor_congested,,0.0469,9.66,-78.3
2026-09-24T06:31:18.946,2415.991,2.871,-27.7,63.18,0.0025,UAV,suburban,0.0484,0.0014,7.89,-93.26
2026-09-24T06:31:19.133,,,-90.67,0.0,0.0,Background,quiet_rural,,0.9996,10.7,-101.54
2026-09-24T06:31:19.819,,,-86.36,0.0,0.0,Background,urban,,0.9608,10.24,-86.16
2026-09-24T06:31:20.547,2415.403,32.566,-14.46,76.41,0.0832,WiFi,suburban,0.2831,0.0031,9.43,-93.09
2026-09-24T06:31:20.972,,,-84.71,0.0,0.0,Background,urban,,0.9498,9.52,-83.67
2026-09-24T06:31:22.232,2419.18,2.256,-20.04,70.83,0.0158,UAV,urban,0.0218,0.0002,7.03,-85.67
2026-09-24T06:31:22.585,2435.984,0.779,-24.61,66.27,0.818,Generic,suburban,1.422,0.0005,7.29,-92.95
2026-09-24T06:31:23.363,2462.282,21.082,-33.87,57.01,0.226,WiFi,indoor_congested,0.5927,0.0224,9.34,-77.0
2026-09-24T06:31:24.024,2411.642,21.205,-12.44,78.44,2.0,WiFi,suburban,,0.0006,9.46,-92.58
2026-09-24T06:31:24.798,2462.74,2.953,-27.4,63.48,0.0159,UAV,quiet_rural,0.0449,0.0013,8.06,-100.93
2026-09-24T06:31:25.070,2415.218,32.32,-36.26,54.62,0.1743,WiFi,indoor_congested,0.5467,0.0664,10.07,-78.33
2026-09-24T06:31:25.729,2476.29,1.271,-24.99,65.89,2.0,Generic,indoor_congested,,0.0006,4.95,-76.89
2026-09-24T06:31:26.854,2462.337,41.098,-19.75,71.13,0.1193,WiFi,indoor_congested,0.2822,0.0156,9.19,-79.49
2026-09-24T06:31:27.811,2461.333,21.082,-32.07,58.8,0.0867,WiFi,indoor_congested,0.677,0.0164,10.31,-78.02
2026-09-24T06:31:28.448,2461.19,3.486,-25.23,65.65,0.0069,UAV,indoor_congested,0.0476,0.0009,7.97,-76.2
2026-09-24T06:31:29.161,2447.915,3.035,-29.12,61.76,0.0208,UAV,indoor_congested,0.0219,0.0019,9.42,-79.01
2026-09-24T06:31:29.231,2462.335,21.082,-29.84,61.03,0.204,WiFi,suburban,0.3022,0.0112,9.69,-91.54
2026-09-24T06:31:29.745,2442.944,2.42,-18.32,72.56,0.0025,UAV,indoor_congested,0.0109,0.0002,8.29,-76.41
2026-09-24T06:31:31.093,2456.934,4.512,-8.66,82.22,0.0186,UAV,indoor_congested,0.0208,0.0,7.67,-79.76
2026-09-24T06:31:31.499,2415.7,32.566,-25.84,65.04,0.074,WiFi,quiet_rural,0.9815,0.0156,10.1,-99.78
2026-09-24T06:31:32.190,2425.76,4.307,-20.07,70.81,0.0078,UAV,suburban,0.0211,0.0003,7.78,-91.63
2026-09-24T06:31:32.309,2429.043,1.312,-19.19,71.68,2.0,Generic,suburban,,0.0002,6.69,-92.45
2026-09-24T06:31:33.131,2433.462,3.65,-17.1,73.77,0.0138,UAV,urban,0.0496,0.0001,9.24,-86.95
2026-09-24T06:31:33.334,2461.682,41.098,-28.58,62.3,0.295,WiFi,indoor_congested,0.4705,0.0438,10.05,-77.13
2026-09-24T06:31:33.744,2414.997,31.828,-39.86,51.02,0.2,WiFi,urban,0.7855,0.1074,9.79,-86.12
2026-09-24T06:31:33.998,2423.753,3.814,-9.19,81.69,0.0035,UAV,suburban,0.0191,0.0,9.76,-91.73
2026-09-24T06:31:34.263,2435.351,3.486,-8.04,82.84,0.0189,UAV,indoor_congested,0.0208,0.0,8.69,-76.33
2026-09-24T06:31:34.892,2416.026,33.674,-28.13,62.75,0.1363,WiFi,urban,0.1631,0.0235,9.79,-86.65
2026-09-24T06:31:37.853,,,-90.59,0.0,0.0,Background,quiet_rural,,0.9993,9.54,-100.4
2026-09-24T06:31:38.513,2405.83,2.871,-4.98,85.89,0.0049,UAV,quiet_rural,0.0465,0.0,6.91,-98.91
2026-09-24T06:31:39.251,2475.606,3.076,-15.72,75.15,0.0025,UAV,indoor_congested,0.0486,0.0001,7.62,-76.59
2026-09-24T06:31:39.355,,,-89.48,0.0,0.0,Background,suburban,,0.9901,9.96,-92.83
2026-09-24T06:31:41.160,,,-89.51,0.0,0.0,Background,suburban,,0.9901,9.61,-92.97
2026-09-24T06:31:41.402,,,-86.35,0.0,0.0,Background,urban,,0.9577,9.12,-85.79
2026-09-24T06:31:41.590,,,-88.48,0.0,0.0,Background,suburban,,0.9796,11.16,-90.01
2026-09-24T06:31:41.674,2439.977,1.271,-44.28,46.6,0.731,Generic,suburban,1.664,0.047,7.44,-93.7
2026-09-24T06:31:41.988,2402.293,0.0,-75.28,6.21,0.0,Background,indoor_congested,,0.9375,9.98,-79.76
2026-09-24T06:31:42.687,2408.061,1.271,-40.94,49.94,0.966,Generic,indoor_congested,1.142,0.022,6.46,-79.6
2026-09-24T06:31:44.848,2482.218,1.148,-33.14,57.74,2.0,Generic,urban,,0.0037,4.66,-83.3
2026-09-24T06:31:44.949,,,-90.62,0.0,0.0,Background,quiet_rural,,0.9994,9.21,-100.84
2026-09-24T06:31:47.748,2425.774,2.092,-17.48,73.4,0.0146,UAV,indoor_congested,0.0409,0.0001,6.33,-76.6
2026-09-24T06:31:50.407,2431.308,3.076,-6.09,84.78,0.0054,UAV,indoor_congested,0.0129,0.0,8.15,-76.6
2026-09-24T06:31:50.677,2441.7,3.732,-28.9,61.98,2.0,UAV,quiet_rural,,0.002,7.51,-98.33
2026-09-24T06:31:50.778,,,-89.1,0.0,0.0,Background,suburban,,0.9839,9.12,-91.43
2026-09-24T06:31:50.842,,,-84.59,0.0,0.0,Background,urban,,0.9517,10.38,-83.49
2026-09-24T06:31:50.897,2428.024,0.984,-27.21,63.67,1.818,Generic,suburban,,0.001,6.17,-93.67
2026-09-24T06:31:50.898,2482.364,0.902,-27.13,63.74,1.71,Generic,urban,,0.0009,3.38,-83.74
2026-09-24T06:31:51.486,2406.278,1.354,-29.44,61.44,0.851,Generic,urban,1.616,0.0017,6.54,-85.87
2026-09-24T06:31:52.229,,,-85.83,0.0,0.0,Background,urban,,0.9578,9.67,-85.3
2026-09-24T06:31:52.593,2415.46,32.525,-30.12,60.75,0.2007,WiFi,suburban,0.6975,0.0285,8.88,-90.08
2026-09-24T06:31:53.736,2416.018,1.189,-44.42,46.46,2.0,Generic,urban,,0.0475,6.14,-83.45
2026-09-24T06:31:59.211,2432.188,0.451,-47.02,43.85,0.652,Generic,urban,0.96,0.0803,7.05,-85.38
2026-09-24T06:31:59.413,,,-86.7,0.0,0.0,Background,urban,,0.9628,9.75,-86.56
2026-09-24T06:32:00.733,2477.953,3.076,-26.56,64.32,0.0028,UAV,indoor_congested,0.038,0.0011,8.56,-77.96
2026-09-24T06:32:02.038,2452.704,4.512,-19.74,71.14,0.0127,UAV,quiet_rural,0.0369,0.0003,8.68,-101.99
2026-09-24T06:32:03.671,2444.634,1.559,-19.73,71.15,0.0054,UAV,quiet_rural,0.0387,0.0002,7.12,-100.06
2026-09-24T06:32:03.987,2412.094,21.041,-36.98,53.9,2.0,WiFi,suburban,,0.038,10.29,-93.44
2026-09-24T06:32:05.101,2430.417,3.814,-14.4,76.48,0.0026,UAV,suburban,0.0209,0.0001,7.67,-91.9
2026-09-24T06:32:06.635,2411.293,21.123,-21.13,69.75,2.0,WiFi,urban,,0.0025,10.08,-85.19
2026-09-24T06:32:08.691,2478.89,5.168,-4.27,86.61,0.0049,UAV,urban,0.0357,0.0,9.19,-86.22
2026-09-24T06:32:09.285,2436.713,41.18,-13.49,77.39,2.0,WiFi,quiet_rural,,0.0075,9.27,-98.83
2026-09-24T06:32:10.282,2444.956,4.553,-31.34,59.54,0.0074,UAV,quiet_rural,0.0349,0.0037,8.62,-101.49
2026-09-24T06:32:10.346,,,-86.35,0.0,0.0,Background,urban,,0.9597,9.48,-86.03
2026-09-24T06:32:10.995,2412.008,4.389,-9.19,81.68,0.0037,UAV,urban,0.0362,0.0,7.86,-83.51
2026-09-24T06:32:12.717,2426.533,0.0,-74.35,6.31,0.0,Background,indoor_congested,,0.9359,11.3,-78.85
2026-09-24T06:32:13.846,2453.274,1.436,-19.28,71.6,0.9445,Generic,suburban,1.114,0.0002,7.11,-91.8
2026-09-24T06:32:13.944,2446.521,4.061,-31.29,59.59,0.0196,UAV,indoor_congested,0.0284,0.0035,8.51,-76.07
2026-09-24T06:32:15.325,2451.568,1.436,-33.27,57.61,1.542,Generic,suburban,,0.004,8.57,-93.61
2026-09-24T06:32:16.043,2467.364,1.354,-18.44,72.44,0.608,Generic,indoor_congested,1.512,0.0001,7.26,-77.61
2026-09-24T06:32:18.719,2462.914,0.82,-20.16,70.72,0.9995,Generic,urban,1.714,0.0002,5.48,-84.21
2026-09-24T06:32:19.075,,,-90.52,0.0,0.0,Background,quiet_rural,,0.9988,9.58,-99.24
2026-09-24T06:32:19.295,2465.643,3.158,-20.78,70.09,0.015,UAV,suburban,0.0254,0.0003,8.57,-91.92
2026-09-24T06:32:19.497,2473.832,1.066,-37.02,53.86,2.0,Generic,indoor_congested,,0.0089,5.16,-76.98
2026-09-24T06:32:20.523,2405.786,0.82,-27.85,63.03,2.0,Generic,quiet_rural,,0.0011,7.73,-100.8
2026-09-24T06:32:22.035,,,-89.07,0.0,0.0,Background,suburban,,0.9846,10.01,-91.44
2026-09-24T06:32:22.642,2469.22,1.312,-41.74,49.14,0.7995,Generic,urban,0.611,0.0267,6.42,-85.92
2026-09-24T06:32:23.126,2413.2,2.461,-25.66,65.22,0.011,UAV,suburban,0.0404,0.0008,8.0,-93.04
2026-09-24T06:32:24.145,,,-89.44,0.0,0.0,Background,suburban,,0.9895,9.37,-92.77
2026-09-24T06:32:26.252,2437.287,41.098,-26.18,64.7,0.192,WiFi,urban,0.3536,0.0331,9.03,-86.01
2026-09-24T06:32:30.835,2436.84,41.057,-40.95,49.93,0.1698,WiFi,indoor_congested,0.4255,0.1866,9.31,-79.3
2026-09-24T06:32:30.960,,,-89.53,0.0,0.0,Background,suburban,,0.9899,10.44,-93.11
2026-09-24T06:32:31.235,,,-85.23,0.0,0.0,Background,urban,,0.9509,9.88,-84.3
2026-09-24T06:32:31.497,2469.522,2.748,-15.9,74.98,0.0165,UAV,suburban,0.0309,0.0001,8.62,-90.28
2026-09-24T06:32:31.777,2433.147,4.881,-11.44,79.44,0.0127,UAV,suburban,0.0277,0.0001,8.58,-91.58
2026-09-24T06:32:31.879,2403.153,0.328,-32.53,58.34,2.0,Generic,suburban,,0.0031,5.52,-91.6
2026-09-24T06:32:35.306,2432.158,0.697,-21.21,69.67,2.0,Generic,suburban,,0.0002,5.26,-91.64
2026-09-24T06:32:37.525,2479.232,1.969,-25.04,65.84,0.0048,UAV,urban,0.0118,0.0007,8.17,-83.99
2026-09-24T06:32:37.715,2414.019,3.199,-12.03,78.84,0.0029,UAV,urban,0.0331,0.0,7.48,-86.97
2026-09-24T06:32:38.050,2440.671,3.691,-32.03,58.85,0.0135,UAV,suburban,0.0173,0.0039,9.5,-92.04
2026-09-24T06:32:38.213,,,-90.61,0.0,0.0,Background,quiet_rural,,0.9993,8.76,-100.49
2026-09-24T06:32:38.508,2459.035,2.584,-17.15,73.72,0.0113,UAV,urban,0.0247,0.0001,7.67,-85.49
2026-09-24T06:32:41.541,2462.692,21.082,-35.34,55.54,0.1783,WiFi,indoor_congested,0.802,0.0287,9.95,-77.68
2026-09-24T06:32:41.809,2408.621,2.994,-13.0,77.88,0.0103,UAV,suburban,0.0413,0.0001,6.92,-91.03
2026-09-24T06:32:42.941,2469.294,1.312,-23.41,67.46,2.0,Generic,indoor_congested,,0.0004,7.74,-78.84
2026-09-24T06:32:43.902,,,-88.98,0.0,0.0,Background,suburban,,0.984,9.2,-91.29
2026-09-24T06:32:44.789,,,-90.42,0.0,0.0,Background,quiet_rural,,0.9984,9.07,-98.32
2026-09-24T06:32:45.226,,,-80.02,0.0,0.0,Background,indoor_congested,,0.9375,9.64,-78.29
2026-09-24T06:32:45.911,2436.346,41.098,-22.78,68.1,2.0,WiFi,indoor_congested,,0.0222,9.78,-78.64
2026-09-24T06:32:46.747,,,-90.47,0.0,0.0,Background,quiet_rural,,0.9986,10.18,-98.71
2026-09-24T06:32:47.534,2437.593,21.082,-37.43,53.45,0.158,WiFi,indoor_congested,0.7075,0.041,9.13,-77.81
2026-09-24T06:32:48.066,2439.931,1.271,-36.79,54.09,2.0,Generic,indoor_congested,,0.0086,5.61,-79.9
2026-09-24T06:32:48.494,2415.637,33.551,-18.36,72.51,0.2231,WiFi,urban,0.3257,0.0061,9.34,-84.66
2026-09-24T06:32:48.764,2443.432,0.0,-75.17,6.12,0.0,Background,indoor_congested,,0.9424,9.4,-79.66
2026-09-24T06:32:48.989,2417.315,1.846,-3.66,87.22,0.0063,UAV,suburban,0.0432,0.0,7.97,-91.57
2026-09-24T06:32:50.515,2462.458,21.041,-38.08,52.8,0.247,WiFi,suburban,0.6395,0.0458,8.51,-90.51
2026-09-24T06:32:50.695,2439.989,1.518,-26.07,64.81,0.974,Generic,indoor_congested,0.532,0.0008,7.96,-77.55
2026-09-24T06:32:51.370,2402.17,0.0,-73.79,6.32,0.0,Background,indoor_congested,,0.9365,10.33,-78.35
2026-09-24T06:32:52.673,2461.163,21.082,-39.27,51.61,0.1387,WiFi,urban,0.884,0.0562,9.71,-83.42
2026-09-24T06:32:52.726,2416.015,1.23,-23.33,67.55,0.945,Generic,suburban,0.302,0.0004,5.32,-91.2
2026-09-24T06:32:56.745,,,-89.24,0.0,0.0,Background,suburban,,0.9869,9.78,-92.05
2026-09-24T06:32:57.859,2412.932,21.082,-27.61,63.26,0.29,WiFi,urban,0.6317,0.0076,9.25,-83.23
2026-09-24T06:32:58.130,2437.231,41.057,-24.49,66.39,0.1218,WiFi,indoor_congested,0.3508,0.027,9.66,-76.09
2026-09-24T06:32:58.565,2411.668,21.082,-32.83,58.04,0.391,WiFi,urban,0.6207,0.0186,9.02,-83.68
2026-09-24T06:32:59.039,2409.954,1.395,-45.53,45.35,2.0,Generic,indoor_congested,,0.0617,6.36,-77.86
2026-09-24T06:32:59.233,2478.007,1.436,-25.8,65.08,0.8465,Generic,indoor_congested,0.842,0.0007,8.11,-77.16
2026-09-24T06:32:59.398,2447.903,1.025,-20.51,70.37,0.7555,Generic,urban,1.62,0.0002,8.04,-83.53
2026-09-24T06:32:59.403,2445.876,1.518,-19.11,71.76,0.825,Generic,suburban,0.898,0.0002,7.06,-92.83
2026-09-24T06:33:00.255,2438.762,1.436,-35.54,55.34,2.0,Generic,urban,,0.0067,6.98,-83.11
2026-09-24T06:33:03.617,2412.213,21.041,-39.27,51.61,0.2537,WiFi,indoor_congested,0.713,0.0561,9.65,-79.9
2026-09-24T06:33:03.869,2417.305,4.061,-5.65,85.23,0.0143,UAV,suburban,0.047,0.0,9.13,-90.9
2026-09-24T06:33:05.380,2436.89,40.975,-41.77,49.11,0.139,WiFi,quiet_rural,0.667,0.204,11.09,-99.13
2026-09-24T06:33:05.475,2458.607,0.0,-74.51,6.43,0.0,Background,indoor_congested,,0.9402,10.46,-79.2
2026-09-24T06:33:05.725,2410.888,21.164,-15.51,75.37,0.2464,WiFi,suburban,0.495,0.001,9.2,-90.47
2026-09-24T06:33:06.626,2463.505,4.635,-25.94,64.94,2.0,UAV,indoor_congested,,0.0011,9.07,-76.73
2026-09-24T06:33:07.439,2464.798,2.297,-2.87,88.01,0.0117,UAV,indoor_congested,0.0262,0.0,9.73,-79.91
2026-09-24T06:33:08.171,2469.706,3.855,-24.52,66.36,0.0185,UAV,suburban,0.0456,0.0008,9.14,-92.48
2026-09-24T06:33:08.414,2437.918,41.057,-25.12,65.76,2.0,WiFi,quiet_rural,,0.0293,9.97,-99.75
2026-09-24T06:33:08.492,,,-84.93,0.0,0.0,Background,urban,,0.9489,10.49,-83.95
2026-09-24T06:33:08.585,2467.539,5.127,-5.86,85.02,0.0034,UAV,suburban,0.046,0.0,7.99,-92.5
2026-09-24T06:33:09.191,,,-84.89,0.0,0.0,Background,urban,,0.9518,9.65,-83.85
2026-09-24T06:33:09.460,2405.892,5.086,-10.23,80.65,0.0124,UAV,quiet_rural,0.0403,0.0,9.15,-99.84
2026-09-24T06:33:09.652,2406.904,2.461,-21.51,69.37,0.0089,UAV,quiet_rural,0.0303,0.0003,6.73,-101.75
2026-09-24T06:33:10.216,2452.487,1.969,-16.62,74.26,0.0059,UAV,urban,0.0224,0.0001,7.1,-86.24
2026-09-24T06:33:11.686,2461.29,41.098,-26.77,64.11,0.1867,WiFi,suburban,0.346,0.0354,11.2,-93.83
2026-09-24T06:33:13.508,2411.341,21.041,-37.44,53.44,0.225,WiFi,indoor_congested,0.8735,0.0412,9.76,-77.8
2026-09-24T06:33:16.553,2411.737,21.041,-31.37,59.51,0.3888,WiFi,suburban,0.3857,0.0145,9.31,-92.07
2026-09-24T06:33:16.730,2461.826,41.057,-29.04,61.84,0.2607,WiFi,quiet_rural,0.667,0.0462,9.02,-101.66
2026-09-24T06:33:16.899,2471.139,4.307,-6.07,84.81,0.008,UAV,indoor_congested,0.0492,0.0,10.35,-79.74
2026-09-24T06:33:19.325,2415.858,32.977,-33.28,57.6,0.3315,WiFi,urban,0.5423,0.0455,9.5,-84.43
2026-09-24T06:33:19.830,2463.025,0.328,-42.14,48.74,2.0,Generic,suburban,,0.0276,6.19,-91.69
2026-09-24T06:33:20.573,2456.536,1.312,-39.39,51.48,0.7935,Generic,indoor_congested,0.627,0.0157,7.58,-78.66
2026-09-24T06:33:22.236,,,-89.76,0.0,0.0,Background,suburban,,0.9928,8.82,-93.98
2026-09-24T06:33:23.480,,,-89.75,0.0,0.0,Background,suburban,,0.9924,8.96,-93.97
2026-09-24T06:33:23.681,2438.681,0.984,-35.36,55.51,0.852,Generic,urban,0.926,0.0062,6.69,-86.18
2026-09-24T06:33:24.052,,,-86.9,0.0,0.0,Background,urban,,0.9596,9.18,-86.72
2026-09-24T06:33:24.680,2443.187,1.436,-33.87,57.01,0.758,Generic,quiet_rural,1.979,0.0046,8.51,-101.34
2026-09-24T06:33:25.169,2402.517,5.004,-4.41,86.46,0.0043,UAV,suburban,0.0389,0.0,9.05,-90.23
2026-09-24T06:33:26.296,2458.878,2.174,-18.16,72.71,0.0105,UAV,suburban,0.0282,0.0001,8.23,-91.78
2026-09-24T06:33:26.473,2461.697,41.057,-38.35,52.53,0.3793,WiFi,quiet_rural,0.6875,0.1377,9.4,-98.48
2026-09-24T06:33:27.372,2411.315,21.164,-17.53,73.35,2.0,WiFi,quiet_rural,,0.0013,9.87,-101.97
2026-09-24T06:33:28.278,2444.088,0.0,-73.9,7.03,0.0,Background,indoor_congested,,0.9375,9.54,-79.13
2026-09-24T06:33:29.138,,,-90.61,0.0,0.0,Background,quiet_rural,,0.9993,10.21,-100.6
2026-09-24T06:33:29.832,2409.482,3.979,-4.19,86.69,0.0147,UAV,indoor_congested,0.0271,0.0,8.0,-76.06
2026-09-24T06:33:30.195,2477.393,0.0,-75.0,6.19,0.0,Background,indoor_congested,,0.9383,10.53,-79.57
2026-09-24T06:33:30.788,2436.941,41.057,-29.98,60.9,0.0683,WiFi,indoor_congested,0.6485,0.0516,9.94,-78.6
2026-09-24T06:33:31.053,2463.926,1.641,-13.45,77.43,0.0086,UAV,suburban,0.0165,0.0,7.75,-93.22
2026-09-24T06:33:31.162,2437.056,41.057,-36.29,54.59,0.2293,WiFi,suburban,0.2526,0.1081,9.38,-90.05
2026-09-24T06:33:31.682,2420.875,0.779,-46.22,44.66,0.995,Generic,quiet_rural,1.243,0.0696,6.73,-99.68
2026-09-24T06:33:31.713,2462.584,2.912,-8.48,82.4,0.0167,UAV,suburban,0.0178,0.0,8.78,-92.31
2026-09-24T06:33:32.056,2433.577,4.512,-27.62,63.26,0.0022,UAV,quiet_rural,0.0302,0.0016,7.97,-101.82
2026-09-24T06:33:32.362,2469.243,4.881,-14.03,76.85,0.0173,UAV,suburban,0.0465,0.0001,8.49,-91.32
2026-09-24T06:33:32.595,2473.122,3.65,-29.0,61.88,0.0122,UAV,suburban,0.0289,0.002,9.04,-92.57
2026-09-24T06:33:33.933,2462.115,41.18,-12.69,78.19,0.2142,WiFi,suburban,0.3554,0.0068,9.52,-90.12
2026-09-24T06:33:34.010,,,-90.45,0.0,0.0,Background,quiet_rural,,0.9985,9.52,-98.49
2026-09-24T06:33:34.255,2461.764,41.057,-37.34,53.54,0.2492,WiFi,indoor_congested,0.3386,0.122,9.42,-77.23
2026-09-24T06:33:35.113,2441.598,2.01,-32.26,58.62,0.0166,UAV,suburban,0.0376,0.0034,8.36,-90.05
2026-09-24T06:33:35.133,2454.808,1.969,-12.23,78.65,0.0088,UAV,quiet_rural,0.0107,0.0,7.7,-99.82
2026-09-24T06:33:36.522,,,-86.26,0.0,0.0,Background,urban,,0.9597,9.24,-85.88
2026-09-24T06:33:36.736,2438.082,21.123,-20.42,70.45,0.398,WiFi,indoor_congested,0.6545,0.0022,9.65,-76.49
2026-09-24T06:33:37.448,2411.657,21.164,-17.87,73.01,0.0902,WiFi,indoor_congested,0.1524,0.0014,9.75,-76.62
2026-09-24T06:33:37.600,2436.986,21.123,-18.0,72.88,0.1893,WiFi,suburban,0.8415,0.0014,9.63,-93.74
2026-09-24T06:33:37.844,2436.065,21.082,-23.56,67.32,0.0603,WiFi,suburban,0.747,0.0038,8.96,-92.66
2026-09-24T06:33:38.418,2436.886,21.123,-19.3,71.58,0.1833,WiFi,suburban,0.5803,0.0018,10.48,-91.47
2026-09-24T06:33:38.706,2415.888,33.141,-27.44,63.44,0.207,WiFi,quiet_rural,0.986,0.0205,9.28,-101.44
2026-09-24T06:33:40.298,2437.478,21.164,-16.06,74.81,2.0,WiFi,indoor_congested,,0.001,9.85,-76.42
2026-09-24T06:33:40.848,2437.352,21.082,-22.08,68.8,2.0,WiFi,quiet_rural,,0.0029,10.23,-101.85
2026-09-24T06:33:41.728,2461.944,21.082,-39.42,51.46,2.0,WiFi,suburban,,0.0576,8.88,-91.58
2026-09-24T06:33:42.148,,,-89.26,0.0,0.0,Background,suburban,,0.9867,9.49,-92.1
2026-09-24T06:33:42.554,2461.151,41.057,-29.43,61.45,2.0,WiFi,urban,,0.0486,9.69,-84.41
2026-09-24T06:33:43.433,2445.06,4.963,-19.94,70.93,0.0063,UAV,suburban,0.0318,0.0003,9.26,-91.37
2026-09-24T06:33:43.571,2472.627,1.025,-41.89,48.99,2.0,Generic,quiet_rural,,0.0273,7.71,-101.65
2026-09-24T06:33:43.976,2468.718,1.354,-30.39,60.49,0.828,Generic,indoor_congested,1.724,0.002,5.04,-78.27
2026-09-24T06:33:44.290,2475.916,0.0,-71.44,6.46,0.0,Background,indoor_congested,,0.9318,9.48,-76.04
2026-09-24T06:33:45.110,,,-89.15,0.0,0.0,Background,suburban,,0.9863,9.91,-91.8
2026-09-24T06:33:45.628,2448.174,2.42,-22.35,68.52,0.0116,UAV,quiet_rural,0.0154,0.0004,7.36,-100.14
2026-09-24T06:33:45.939,,,-81.11,0.0,0.0,Background,indoor_congested,,0.9371,9.03,-79.39
2026-09-24T06:33:45.959,2422.062,0.0,-74.02,6.37,0.0,Background,indoor_congested,,0.9367,9.1,-78.48
2026-09-24T06:33:48.147,2431.338,4.184,-31.36,59.52,0.0025,UAV,suburban,0.0129,0.0035,8.15,-90.35
2026-09-24T06:33:50.600,2478.194,0.738,-32.66,58.22,0.8545,Generic,quiet_rural,0.741,0.0033,4.65,-98.91
2026-09-24T06:33:51.436,2477.426,2.83,-20.23,70.64,0.016,UAV,suburban,0.0312,0.0003,9.17,-91.64
2026-09-24T06:33:51.687,2405.107,4.717,-21.09,69.79,0.0028,UAV,urban,0.0387,0.0004,9.57,-84.9
2026-09-24T06:33:52.510,2437.588,4.553,-17.44,73.44,0.0135,UAV,suburban,0.0497,0.0002,9.75,-91.91
2026-09-24T06:33:53.296,2411.375,21.082,-32.06,58.82,0.056,WiFi,suburban,0.6795,0.0164,9.51,-91.64
2026-09-24T06:33:53.438,2447.42,5.045,-20.33,70.55,0.0134,UAV,indoor_congested,0.0238,0.0004,7.61,-78.9
2026-09-24T06:33:55.871,2418.731,2.01,-14.94,75.94,0.0089,UAV,suburban,0.0455,0.0001,8.37,-92.37
2026-09-24T06:33:57.178,2412.796,21.164,-15.15,75.72,0.2896,WiFi,suburban,0.45,0.0009,9.12,-93.92
2026-09-24T06:33:58.116,2438.043,41.18,-12.39,78.49,0.306,WiFi,indoor_congested,0.3244,0.0066,9.71,-78.55
2026-09-24T06:33:58.157,2477.169,4.963,-21.05,69.83,0.0093,UAV,urban,0.0411,0.0004,8.74,-85.78
2026-09-24T06:33:59.188,2441.167,2.42,-12.59,78.29,0.0065,UAV,indoor_congested,0.0248,0.0,7.53,-77.83
2026-09-24T06:33:59.366,2436.159,3.527,-16.17,74.71,0.0168,UAV,urban,0.0241,0.0001,8.56,-85.48
2026-09-24T06:34:00.161,2437.327,21.123,-22.48,68.4,0.4673,WiFi,urban,0.689,0.0031,8.68,-84.97
2026-09-24T06:34:01.031,2415.531,32.689,-18.14,72.74,0.257,WiFi,indoor_congested,0.3148,0.0054,9.29,-76.67
2026-09-24T06:34:01.626,2454.383,0.0,-73.54,6.39,0.0,Background,indoor_congested,,0.9362,9.36,-78.11
2026-09-24T06:34:02.284,2424.705,0.615,-20.7,70.18,0.898,Generic,quiet_rural,0.942,0.0002,5.86,-98.3
2026-09-24T06:34:02.303,2460.399,1.518,-26.52,64.36,2.0,Generic,urban,,0.0009,6.51,-85.8
2026-09-24T06:34:03.687,2411.669,21.082,-24.44,66.44,0.2628,WiFi,urban,0.442,0.0044,9.68,-85.72
2026-09-24T06:34:04.161,2475.822,1.436,-25.12,65.75,0.8585,Generic,quiet_rural,0.729,0.0006,8.53,-100.17
2026-09-24T06:34:05.650,2426.143,0.041,-69.22,9.15,0.0,Background,indoor_congested,,0.9328,9.55,-76.37
2026-09-24T06:34:05.703,2464.675,2.871,-13.37,77.5,0.0143,UAV,urban,0.0197,0.0001,9.12,-85.92
2026-09-24T06:34:06.039,2436.23,21.082,-21.96,68.91,0.2657,WiFi,suburban,0.6053,0.0029,8.96,-92.66
2026-09-24T06:34:07.221,2409.438,2.338,-25.05,65.83,0.0031,UAV,suburban,0.0464,0.0007,7.89,-90.16
2026-09-24T06:34:08.332,,,-88.77,0.0,0.0,Background,suburban,,0.9817,9.96,-90.7
2026-09-24T06:34:08.589,2460.081,0.287,-42.44,48.44,0.8355,Generic,urban,1.916,0.0295,5.67,-86.25
2026-09-24T06:34:09.902,2416.01,33.551,-38.45,52.43,0.245,WiFi,suburban,0.708,0.0959,9.11,-92.4
2026-09-24T06:34:10.179,2406.069,2.871,-25.57,65.31,0.0055,UAV,urban,0.0386,0.0009,7.82,-86.56
2026-09-24T06:34:12.231,2437.932,21.123,-24.86,66.02,2.0,WiFi,quiet_rural,,0.0047,9.21,-100.96
2026-09-24T06:34:12.745,2437.48,21.082,-21.64,69.23,0.364,WiFi,urban,0.931,0.0027,9.46,-83.68
2026-09-24T06:34:12.923,,,-90.6,0.0,0.0,Background,quiet_rural,,0.9993,8.96,-100.34
2026-09-24T06:34:13.364,2413.177,21.164,-16.9,73.98,0.2447,WiFi,indoor_congested,0.689,0.0012,9.62,-79.0
2026-09-24T06:34:13.602,,,-88.9,0.0,0.0,Background,suburban,,0.984,9.31,-90.96
2026-09-24T06:34:13.741,2435.766,3.445,-16.28,74.6,0.0112,UAV,quiet_rural,0.0413,0.0001,9.29,-101.3
2026-09-24T06:34:14.469,2420.607,3.732,-19.34,71.53,0.0024,UAV,quiet_rural,0.0438,0.0002,9.0,-100.3
2026-09-24T06:34:15.015,,,-90.6,0.0,0.0,Background,quiet_rural,,0.9993,10.14,-100.26
2026-09-24T06:34:15.041,,,-90.62,0.0,0.0,Background,quiet_rural,,0.9993,9.12,-100.76
2026-09-24T06:34:15.506,2444.948,1.354,-43.06,47.82,0.8305,Generic,urban,1.279,0.0358,6.81,-84.12
2026-09-24T06:34:18.028,2477.64,2.461,-8.51,82.36,0.0169,UAV,quiet_rural,0.0313,0.0,7.16,-98.21
2026-09-24T06:34:18.393,2412.48,21.041,-40.46,50.41,0.2165,WiFi,urban,0.835,0.0688,9.28,-84.99
2026-09-24T06:34:18.774,2464.44,2.42,-24.61,66.27,0.0044,UAV,suburban,0.0245,0.0007,8.01,-91.79
2026-09-24T06:34:20.579,2459.546,0.41,-46.22,44.66,0.9285,Generic,suburban,1.037,0.068,5.68,-91.57
2026-09-24T06:34:21.426,2421.873,4.758,-20.89,69.99,2.0,UAV,suburban,,0.0004,7.82,-91.41
2026-09-24T06:34:22.129,2448.547,3.404,-11.63,79.25,0.0039,UAV,suburban,0.0106,0.0,7.85,-91.34
2026-09-24T06:34:22.524,2444.539,0.0,-73.37,6.28,0.0,Background,indoor_congested,,0.935,9.72,-77.58
2026-09-24T06:34:24.448,2460.33,0.0,-78.35,6.5,0.0,Background,urban,,0.9476,9.96,-83.76
2026-09-24T06:34:25.017,,,-88.74,0.0,0.0,Background,suburban,,0.9818,10.52,-90.57
2026-09-24T06:34:25.779,2445.504,0.041,-71.76,9.38,0.0,Background,indoor_congested,,0.9346,9.32,-79.43
2026-09-24T06:34:27.621,2440.71,4.471,-27.38,63.49,0.0034,UAV,quiet_rural,0.032,0.0015,8.32,-99.08
2026-09-24T06:34:28.538,2436.458,1.312,-23.55,67.33,0.9105,Generic,urban,1.696,0.0004,6.87,-85.23
2026-09-24T06:34:29.363,2448.764,0.0,-75.32,6.43,0.0,Background,indoor_congested,,0.9333,9.87,-80.0
2026-09-24T06:34:29.372,2462.324,21.082,-31.07,59.81,0.1224,WiFi,urban,0.3115,0.0138,10.67,-83.6
2026-09-24T06:34:31.624,2462.242,21.082,-25.52,65.36,2.0,WiFi,suburban,,0.0053,8.79,-93.98
2026-09-24T06:34:31.663,2426.748,1.312,-24.26,66.61,0.9885,Generic,urban,0.599,0.0005,4.68,-83.48
2026-09-24T06:34:32.678,,,-90.54,0.0,0.0,Background,quiet_rural,,0.999,10.71,-99.58
2026-09-24T06:34:32.898,2438.429,0.82,-27.84,63.04,0.866,Generic,suburban,1.108,0.0011,7.12,-92.91
2026-09-24T06:34:32.938,2409.67,1.846,-24.59,66.29,0.0119,UAV,indoor_congested,0.0153,0.0006,8.0,-77.83
2026-09-24T06:34:33.551,2431.582,0.41,-37.38,53.49,0.9625,Generic,urban,1.851,0.0095,4.53,-86.6
2026-09-24T06:34:34.443,2420.788,1.682,-15.41,75.47,0.0055,UAV,suburban,0.0393,0.0001,7.32,-92.55
2026-09-24T06:34:35.254,,,-90.49,0.0,0.0,Background,quiet_rural,,0.9988,9.75,-99.11
2026-09-24T06:34:38.967,2402.724,3.609,-11.77,79.11,0.0142,UAV,suburban,0.0359,0.0,9.59,-92.34
2026-09-24T06:34:39.002,2442.563,1.395,-27.41,63.47,2.0,Generic,indoor_congested,,0.0011,7.22,-77.6
2026-09-24T06:34:39.457,2459.441,1.477,-17.88,73.0,0.772,Generic,urban,1.35,0.0001,6.52,-86.48
2026-09-24T06:34:39.653,2471.245,1.723,-12.13,78.74,0.0116,UAV,urban,0.0342,0.0,5.79,-84.76
2026-09-24T06:34:39.942,2408.403,2.051,-8.32,82.56,0.0154,UAV,quiet_rural,0.0349,0.0,7.01,-99.88
2026-09-24T06:34:40.107,2435.487,3.322,-13.62,77.25,0.0082,UAV,urban,0.0256,0.0001,7.67,-83.26
2026-09-24T06:34:40.536,2420.813,3.281,-11.5,79.38,0.0041,UAV,indoor_congested,0.0402,0.0,7.73,-78.01
2026-09-24T06:34:41.735,2429.882,0.492,-24.83,66.04,0.809,Generic,suburban,1.45,0.0005,6.2,-90.61
2026-09-24T06:34:42.835,2431.592,3.363,-18.19,72.69,0.0055,UAV,suburban,0.0438,0.0002,8.53,-90.24
2026-09-24T06:34:42.892,2457.04,1.518,-24.15,66.73,0.928,Generic,quiet_rural,1.055,0.0005,7.56,-101.34
2026-09-24T06:34:42.986,2472.427,2.215,-19.17,71.71,2.0,UAV,urban,,0.0002,8.86,-83.85
2026-09-24T06:34:43.082,2425.312,1.312,-43.88,47.0,0.9535,Generic,indoor_congested,0.724,0.0427,7.62,-78.34
2026-09-24T06:34:43.382,2460.585,2.461,-4.26,86.62,0.0067,UAV,indoor_congested,0.0111,0.0,6.89,-76.04
2026-09-24T06:34:43.405,2473.791,4.84,-25.54,65.34,0.0117,UAV,indoor_congested,0.041,0.0011,7.65,-77.63
2026-09-24T06:34:44.093,2450.087,3.855,-20.05,70.82,0.0061,UAV,suburban,0.0437,0.0003,9.51,-92.05
2026-09-24T06:34:44.823,2412.616,21.123,-22.44,68.44,0.1255,WiFi,suburban,0.942,0.0031,10.26,-91.01
2026-09-24T06:34:45.303,2474.185,1.805,-9.62,81.26,0.0143,UAV,urban,0.0331,0.0,6.68,-86.74
2026-09-24T06:34:45.567,,,-89.18,0.0,0.0,Background,suburban,,0.9862,10.23,-91.95
2026-09-24T06:34:45.611,2403.564,3.527,-18.64,72.24,0.0125,UAV,quiet_rural,0.0496,0.0002,9.75,-99.93
2026-09-24T06:34:46.394,2436.98,41.139,-17.18,73.7,0.2071,WiFi,indoor_congested,0.32,0.0115,9.74,-78.66
2026-09-24T06:34:48.520,,,-90.61,0.0,0.0,Background,quiet_rural,,0.9994,9.17,-100.74
2026-09-24T06:34:48.626,,,-89.68,0.0,0.0,Background,suburban,,0.9912,9.1,-93.57
2026-09-24T06:34:49.496,2434.574,2.789,-19.54,71.34,0.0112,UAV,urban,0.0137,0.0002,8.99,-84.81
2026-09-24T06:34:49.575,2436.368,41.057,-30.02,60.86,0.16,WiFi,quiet_rural,0.994,0.0517,10.11,-100.27
2026-09-24T06:34:50.301,2429.72,1.518,-24.67,66.2,2.0,Generic,indoor_congested,,0.0006,7.9,-76.08
2026-09-24T06:34:51.293,2474.639,3.363,-29.39,61.49,0.0169,UAV,indoor_congested,0.0183,0.0021,8.26,-79.13
2026-09-24T06:34:54.348,,,-90.59,0.0,0.0,Background,quiet_rural,,0.9993,9.25,-100.43
2026-09-24T06:34:54.515,2417.895,1.395,-32.22,58.66,0.8935,Generic,suburban,0.845,0.0031,6.09,-91.21
2026-09-24T06:34:54.715,,,-89.66,0.0,0.0,Background,suburban,,0.991,9.99,-93.54
2026-09-24T06:34:54.745,2412.605,21.041,-39.9,50.98,0.288,WiFi,suburban,0.523,0.0626,9.35,-92.31
2026-09-24T06:34:55.482,,,-90.62,0.0,0.0,Background,quiet_rural,,0.9994,9.52,-100.76
2026-09-24T06:34:55.817,2460.944,41.098,-19.75,71.13,0.1463,WiFi,quiet_rural,0.799,0.0155,10.03,-101.03
2026-09-24T06:34:56.617,2412.266,21.041,-37.34,53.54,0.2893,WiFi,indoor_congested,0.8905,0.0404,9.27,-76.38
2026-09-24T06:34:57.694,2473.691,0.533,-22.18,68.7,0.9825,Generic,suburban,1.657,0.0003,6.58,-90.36
2026-09-24T06:34:59.378,,,-85.56,0.0,0.0,Background,urban,,0.9555,10.24,-84.77
2026-09-24T06:34:59.544,2474.177,1.271,-43.93,46.94,2.0,Generic,urban,,0.0434,6.2,-83.67
2026-09-24T06:35:00.169,,,-90.66,0.0,0.0,Background,quiet_rural,,0.9996,9.32,-101.51
2026-09-24T06:35:00.248,2422.71,2.625,-7.42,83.46,0.0148,UAV,suburban,0.032,0.0,8.56,-91.71
2026-09-24T06:35:01.316,2412.113,21.123,-15.44,75.44,0.327,WiFi,indoor_congested,0.5273,0.0009,8.75,-79.13
2026-09-24T06:35:01.764,,,-90.52,0.0,0.0,Background,quiet_rural,,0.999,9.82,-99.4
2026-09-24T06:35:02.870,2444.877,0.41,-38.04,52.83,0.818,Generic,urban,1.977,0.011,6.41,-85.55
2026-09-24T06:35:03.365,,,-88.97,0.0,0.0,Background,suburban,,0.9844,10.56,-91.19
2026-09-24T06:35:06.002,2477.15,4.922,-19.54,71.33,0.0111,UAV,suburban,0.0126,0.0003,7.59,-92.69
2026-09-24T06:35:08.941,2436.081,1.723,-11.29,79.59,0.0042,UAV,indoor_congested,0.0363,0.0,7.57,-79.23
2026-09-24T06:35:09.782,,,-89.46,0.0,0.0,Background,suburban,,0.9899,10.49,-92.78
2026-09-24T06:35:12.104,,,-88.93,0.0,0.0,Background,suburban,,0.9832,9.89,-91.06
2026-09-24T06:35:12.329,2465.54,1.436,-23.31,67.57,0.985,Generic,quiet_rural,1.022,0.0004,8.07,-99.25
2026-09-24T06:35:12.477,2402.185,1.148,-43.87,47.0,0.8025,Generic,suburban,1.867,0.0427,7.29,-92.26
2026-09-24T06:35:13.434,2403.483,1.066,-39.69,51.19,2.0,Generic,urban,,0.0167,10.0,-86.38
2026-09-24T06:35:16.558,2473.904,0.574,-27.38,63.5,0.8715,Generic,urban,0.912,0.001,6.24,-85.24
2026-09-24T06:35:16.565,2476.039,0.0,-71.58,6.43,0.0,Background,indoor_congested,,0.935,10.17,-76.04
2026-09-24T06:35:16.873,2416.692,1.312,-25.79,65.09,0.776,Generic,urban,1.826,0.0007,6.01,-86.59
2026-09-24T06:35:18.730,2437.711,21.082,-27.01,63.87,0.38,WiFi,suburban,0.4385,0.0069,9.84,-92.8
2026-09-24T06:35:18.759,2415.263,32.402,-24.63,66.24,0.1313,WiFi,quiet_rural,0.62,0.013,10.47,-101.89
2026-09-24T06:35:18.906,2432.096,1.395,-19.34,71.54,2.0,Generic,suburban,,0.0002,5.33,-93.03
2026-09-24T06:35:20.029,2408.596,0.984,-22.89,67.99,0.8435,Generic,urban,1.587,0.0004,5.45,-86.07
2026-09-24T06:35:20.031,2465.131,4.348,-22.74,68.14,0.0069,UAV,quiet_rural,0.0352,0.0005,9.11,-98.66
2026-09-24T06:35:20.606,2482.213,0.041,-69.29,9.94,0.0,Background,indoor_congested,,0.9353,9.31,-77.31
2026-09-24T06:35:20.793,2417.255,4.512,-11.8,79.08,0.0116,UAV,suburban,0.0192,0.0001,9.0,-92.92
2026-09-24T06:35:21.990,2478.128,3.445,-19.09,71.79,0.013,UAV,urban,0.0393,0.0002,8.0,-86.59
2026-09-24T06:35:22.310,2416.004,2.502,-15.09,75.78,0.0088,UAV,urban,0.0347,0.0001,8.54,-83.75
2026-09-24T06:35:23.113,2411.578,21.082,-24.96,65.91,0.2065,WiFi,quiet_rural,0.977,0.0048,10.47,-100.2
2026-09-24T06:35:24.804,,,-85.36,0.0,0.0,Background,urban,,0.9536,10.25,-84.56
2026-09-24T06:35:26.409,2417.551,0.0,-72.68,6.05,0.0,Background,indoor_congested,,0.9326,9.77,-76.63
2026-09-24T06:35:27.724,,,-89.15,0.0,0.0,Background,suburban,,0.9853,9.94,-91.72
2026-09-24T06:35:27.831,2418.727,3.855,-6.86,84.02,0.0104,UAV,indoor_congested,0.0231,0.0,9.16,-78.87
2026-09-24T06:35:30.012,2466.03,0.451,-42.59,48.28,2.0,Generic,suburban,,0.0309,5.8,-93.98
2026-09-24T06:35:30.766,2454.506,0.0,-77.95,7.0,0.0,Background,urban,,0.9526,9.63,-84.04
2026-09-24T06:35:31.186,2443.093,3.076,-18.65,72.23,0.0117,UAV,indoor_congested,0.0332,0.0002,8.81,-77.33
2026-09-24T06:35:32.684,2469.813,4.02,-5.92,84.96,0.0174,UAV,quiet_rural,0.0273,0.0,9.27,-100.17
2026-09-24T06:35:34.839,2408.563,5.004,-25.6,65.27,0.0114,UAV,indoor_congested,0.0418,0.0011,8.01,-76.37
2026-09-24T06:35:35.465,2436.92,41.057,-29.62,61.26,2.0,WiFi,indoor_congested,,0.0495,10.57,-79.59
2026-09-24T06:35:35.648,2456.547,3.035,-12.18,78.7,0.0067,UAV,indoor_congested,0.0455,0.0,7.4,-76.23
2026-09-24T06:35:39.530,2473.312,1.518,-29.85,61.02,0.918,Generic,suburban,0.309,0.0019,8.18,-90.12
2026-09-24T06:35:39.739,2474.265,3.979,-8.65,82.23,0.0093,UAV,urban,0.0383,0.0,7.9,-85.7
2026-09-24T06:35:39.855,,,-86.13,0.0,0.0,Background,urban,,0.9604,9.32,-85.76
2026-09-24T06:35:41.125,,,-84.47,0.0,0.0,Background,urban,,0.9495,9.9,-83.4
2026-09-24T06:35:41.152,2468.072,3.486,-26.95,63.93,0.0079,UAV,indoor_congested,0.0278,0.0012,9.36,-79.71
2026-09-24T06:35:42.244,2479.972,3.938,-24.99,65.88,0.0078,UAV,suburban,0.0382,0.0009,10.35,-92.68
2026-09-24T06:35:42.515,2481.9,1.107,-34.67,56.2,0.811,Generic,indoor_congested,1.247,0.0052,5.69,-76.5
2026-09-24T06:35:42.530,2434.345,3.527,-30.42,60.46,0.0088,UAV,suburban,0.0228,0.0027,9.07,-90.97
2026-09-24T06:35:43.844,2463.273,0.984,-29.55,61.33,0.8495,Generic,quiet_rural,1.483,0.0017,5.37,-101.91
2026-09-24T06:35:44.438,2437.121,41.016,-37.82,53.06,0.2777,WiFi,suburban,0.6243,0.1288,10.58,-93.99
2026-09-24T06:35:44.728,2427.706,1.189,-18.55,72.32,0.8135,Generic,indoor_congested,1.756,0.0001,4.67,-79.8
2026-09-24T06:35:44.817,2433.812,1.354,-35.36,55.52,2.0,Generic,urban,,0.0063,7.0,-86.15
2026-09-24T06:35:44.948,,,-90.51,0.0,0.0,Background,quiet_rural,,0.9989,9.66,-99.3
2026-09-24T06:35:46.405,2455.979,1.887,-10.31,80.57,2.0,UAV,suburban,,0.0,7.26,-92.52
2026-09-24T06:35:46.630,2438.544,1.436,-41.74,49.14,2.0,Generic,indoor_congested,,0.0269,6.74,-78.79
2026-09-24T06:35:47.974,2426.88,1.723,-13.83,77.05,0.0184,UAV,indoor_congested,0.0466,0.0001,8.79,-78.22
2026-09-24T06:35:49.437,2478.779,4.717,-13.65,77.23,0.014,UAV,urban,0.036,0.0001,10.02,-83.87
2026-09-24T06:35:52.059,2430.152,2.338,-9.87,81.01,0.016,UAV,urban,0.0451,0.0,7.23,-86.45
2026-09-24T06:35:52.582,2439.016,3.568,-23.72,67.16,0.0067,UAV,suburban,0.016,0.0006,9.94,-92.1
2026-09-24T06:35:52.769,2437.195,41.016,-36.0,54.88,0.0898,WiFi,indoor_congested,0.3855,0.104,9.12,-78.58
2026-09-24T06:35:54.042,2448.762,4.471,-12.86,78.02,0.0028,UAV,suburban,0.044,0.0001,8.82,-93.76
2026-09-24T06:35:56.589,2413.194,1.436,-25.18,65.7,0.914,Generic,urban,1.935,0.0006,8.73,-85.41
2026-09-24T06:35:57.013,2435.607,2.625,-3.66,87.22,0.0183,UAV,urban,0.0445,0.0,7.98,-84.38
2026-09-24T06:36:03.160,2455.699,0.615,-18.61,72.26,2.0,Generic,quiet_rural,,0.0001,5.99,-99.47
2026-09-24T06:36:03.226,2461.831,41.098,-24.65,66.23,0.3028,WiFi,quiet_rural,0.3898,0.0276,9.37,-101.72
2026-09-24T06:36:04.465,2411.008,21.123,-21.81,69.07,0.1934,WiFi,indoor_congested,0.2935,0.0028,8.66,-76.67
2026-09-24T06:36:04.529,,,-85.85,0.0,0.0,Background,urban,,0.9582,9.97,-85.39
2026-09-24T06:36:05.229,2437.777,41.098,-26.92,63.96,0.2844,WiFi,urban,0.3255,0.0361,8.88,-85.12
2026-09-24T06:36:06.225,2468.964,1.23,-42.21,48.67,0.8465,Generic,indoor_congested,1.231,0.0293,8.14,-77.32
2026-09-24T06:36:07.192,2448.774,0.656,-27.32,63.56,0.983,Generic,urban,1.394,0.001,5.42,-85.38
2026-09-24T06:36:08.649,2412.047,21.082,-27.46,63.41,0.3673,WiFi,suburban,0.733,0.0074,9.2,-93.99
2026-09-24T06:36:09.257,2436.282,21.041,-40.22,50.65,0.0731,WiFi,suburban,0.1606,0.0662,9.53,-91.51
2026-09-24T06:36:10.314,2437.741,1.189,-30.88,60.0,2.0,Generic,indoor_congested,,0.0022,6.8,-79.87
2026-09-24T06:36:10.401,2438.177,4.799,-7.33,83.54,0.0021,UAV,urban,0.0231,0.0,9.56,-86.33
2026-09-24T06:36:11.502,2415.976,33.346,-23.68,67.2,0.427,WiFi,suburban,0.993,0.0123,10.15,-90.33
2026-09-24T06:36:12.400,2436.811,21.082,-36.02,54.85,0.373,WiFi,indoor_congested,0.8915,0.0324,8.65,-78.35
2026-09-24T06:36:12.465,2442.863,2.461,-4.67,86.2,0.0194,UAV,quiet_rural,0.0409,0.0,7.06,-101.43
2026-09-24T06:36:12.802,2462.831,41.098,-23.06,67.82,0.258,WiFi,suburban,0.4587,0.0229,9.79,-90.2
2026-09-24T06:36:13.161,2461.623,21.164,-14.83,76.05,0.4163,WiFi,quiet_rural,0.524,0.0008,9.83,-98.76
2026-09-24T06:36:13.499,,,-90.61,0.0,0.0,Background,quiet_rural,,0.9993,8.76,-100.49
2026-09-24T06:36:14.134,2418.339,4.676,-14.34,76.54,0.0076,UAV,suburban,0.0405,0.0001,8.16,-93.14
2026-09-24T06:36:15.107,2480.83,4.922,-30.16,60.71,0.0066,UAV,quiet_rural,0.0253,0.0029,9.91,-99.07
2026-09-24T06:36:15.150,2415.154,31.992,-25.95,64.93,2.0,WiFi,suburban,,0.015,9.74,-92.75
2026-09-24T06:36:15.728,,,-90.65,0.0,0.0,Background,quiet_rural,,0.9995,9.9,-101.31
2026-09-24T06:36:15.900,,,-89.25,0.0,0.0,Background,suburban,,0.9884,9.26,-92.11
2026-09-24T06:36:16.075,2437.245,21.041,-36.44,54.44,0.0875,WiFi,quiet_rural,0.895,0.0346,10.09,-98.04
2026-09-24T06:36:16.148,2427.45,1.682,-30.23,60.64,0.0075,UAV,quiet_rural,0.0104,0.0021,9.09,-98.19
2026-09-24T06:36:16.915,,,-90.44,0.0,0.0,Background,quiet_rural,,0.9984,9.82,-98.43
2026-09-24T06:36:18.022,2461.353,41.057,-32.52,58.35,0.233,WiFi,indoor_congested,0.856,0.0693,9.93,-78.56
2026-09-24T06:36:19.762,,,-86.13,0.0,0.0,Background,urban,,0.9593,11.25,-85.7
2026-09-24T06:36:20.491,2415.96,0.82,-42.75,48.13,0.7655,Generic,quiet_rural,0.632,0.0326,7.43,-98.87
2026-09-24T06:36:23.343,2436.783,21.164,-14.25,76.63,0.4263,WiFi,urban,0.814,0.0008,10.61,-86.39
2026-09-24T06:36:24.380,2451.185,1.107,-20.3,70.58,0.778,Generic,indoor_congested,0.446,0.0002,4.86,-76.07
2026-09-24T06:36:24.611,,,-89.62,0.0,0.0,Background,suburban,,0.9912,9.09,-93.36
2026-09-24T06:36:25.423,2411.735,21.041,-37.83,53.05,0.088,WiFi,quiet_rural,0.829,0.0439,9.24,-100.38
2026-09-24T06:36:25.676,2451.366,1.477,-18.19,72.69,2.0,Generic,suburban,,0.0001,6.78,-91.4
2026-09-24T06:36:26.479,2411.806,21.041,-38.13,52.75,0.41,WiFi,quiet_rural,0.67,0.0464,10.07,-99.02
2026-09-24T06:36:26.593,2438.305,0.0,-74.68,6.54,0.0,Background,indoor_congested,,0.9335,9.72,-79.48
2026-09-24T06:36:27.248,2411.344,21.041,-40.67,50.21,0.341,WiFi,indoor_congested,0.517,0.0713,9.64,-79.8
2026-09-24T06:36:27.574,2422.153,2.256,-18.19,72.68,0.0042,UAV,indoor_congested,0.0344,0.0002,7.59,-77.06
2026-09-24T06:36:29.935,2481.125,4.84,-8.05,82.83,0.0024,UAV,quiet_rural,0.0472,0.0,7.77,-100.68
2026-09-24T06:36:31.158,2435.946,21.082,-36.9,53.98,2.0,WiFi,indoor_congested,,0.0376,8.88,-79.94
2026-09-24T06:36:31.851,2422.84,5.004,-20.12,70.75,0.0193,UAV,urban,0.0486,0.0003,9.05,-83.45
2026-09-24T06:36:32.656,,,-84.71,0.0,0.0,Background,urban,,0.9487,9.96,-83.52
2026-09-24T06:36:35.293,,,-85.94,0.0,0.0,Background,urban,,0.9546,11.06,-85.26
2026-09-24T06:36:35.947,2432.684,1.107,-36.79,54.08,0.7985,Generic,urban,1.386,0.0087,6.17,-86.18
2026-09-24T06:36:36.331,2460.043,0.0,-72.68,6.5,0.0,Background,indoor_congested,,0.932,10.53,-77.09
2026-09-24T06:36:36.762,2474.43,3.938,-7.31,83.57,0.0033,UAV,indoor_congested,0.0256,0.0,9.64,-77.21
2026-09-24T06:36:37.412,2412.921,3.855,-5.4,85.48,0.0199,UAV,suburban,0.042,0.0,8.01,-90.46
2026-09-24T06:36:38.176,2449.01,1.148,-33.67,57.21,0.7795,Generic,quiet_rural,0.83,0.0043,6.89,-98.31
2026-09-24T06:36:41.887,2410.888,1.066,-39.62,51.25,0.751,Generic,suburban,0.962,0.0165,7.18,-91.96
2026-09-24T06:36:42.127,2478.475,1.148,-37.3,53.58,0.8525,Generic,urban,0.872,0.0097,7.93,-84.08
2026-09-24T06:36:42.548,2411.54,21.082,-25.49,65.39,0.2673,WiFi,quiet_rural,0.8945,0.0053,10.05,-98.17
2026-09-24T06:36:43.199,2467.189,2.748,-25.32,65.56,0.0138,UAV,suburban,0.0258,0.0008,9.1,-91.44
2026-09-24T06:36:44.971,2444.009,4.553,-6.97,83.91,0.0079,UAV,indoor_congested,0.0375,0.0,9.02,-76.74
2026-09-24T06:36:46.822,2462.165,21.164,-16.14,74.73,0.1215,WiFi,urban,0.915,0.0011,10.05,-83.9
2026-09-24T06:36:47.862,2411.572,21.041,-41.09,49.79,0.394,WiFi,quiet_rural,0.483,0.0765,9.48,-99.89
2026-09-24T06:36:48.283,2418.883,0.041,-70.54,9.41,0.0,Background,indoor_congested,,0.9323,11.03,-78.06
2026-09-24T06:36:48.547,2450.557,2.994,-22.32,68.55,0.0118,UAV,indoor_congested,0.0291,0.0004,8.71,-77.99
2026-09-24T06:36:50.367,2439.747,2.092,-24.88,66.0,2.0,UAV,urban,,0.0007,7.85,-83.68
2026-09-24T06:36:51.293,2415.924,33.633,-34.63,56.25,0.2667,WiFi,urban,0.927,0.0571,10.03,-84.6
2026-09-24T06:36:52.397,2432.685,4.881,-4.25,86.63,0.0096,UAV,urban,0.0229,0.0,7.9,-83.12
2026-09-24T06:36:52.456,2451.181,3.117,-22.11,68.77,0.0067,UAV,quiet_rural,0.0263,0.0004,8.53,-98.84
2026-09-24T06:36:53.482,2436.81,21.082,-23.94,66.94,0.2067,WiFi,urban,0.5887,0.004,9.96,-83.89
2026-09-24T06:36:54.934,2418.421,4.389,-7.56,83.31,0.0031,UAV,quiet_rural,0.0144,0.0,7.92,-99.74
2026-09-24T06:36:55.198,2428.055,3.363,-12.87,78.01,0.0051,UAV,quiet_rural,0.0212,0.0001,8.1,-98.97
2026-09-24T06:36:55.432,2462.121,41.057,-30.75,60.13,0.299,WiFi,suburban,0.611,0.0564,8.98,-92.78
2026-09-24T06:36:55.718,2472.253,1.312,-38.74,52.14,2.0,Generic,quiet_rural,,0.0137,7.08,-98.18
2026-09-24T06:36:57.259,,,-90.67,0.0,0.0,Background,quiet_rural,,0.9996,9.63,-101.71
2026-09-24T06:36:57.501,2415.167,32.525,-31.03,59.84,2.0,WiFi,suburban,,0.0322,8.9,-92.25
2026-09-24T06:36:57.750,2436.832,21.164,-15.56,75.32,0.0685,WiFi,indoor_congested,0.902,0.001,8.8,-76.48
2026-09-24T06:36:57.868,2471.076,0.0,-73.0,6.39,0.0,Background,indoor_congested,,0.9316,10.33,-77.47
2026-09-24T06:36:58.192,,,-89.68,0.0,0.0,Background,suburban,,0.9926,9.45,-93.81
2026-09-24T06:36:59.147,,,-89.38,0.0,0.0,Background,suburban,,0.9887,10.28,-92.42
2026-09-24T06:36:59.199,2483.381,0.0,-78.69,6.55,0.0,Background,urban,,0.9539,9.46,-84.5
2026-09-24T06:36:59.561,2429.46,0.943,-28.25,62.63,0.829,Generic,suburban,0.912,0.0012,5.93,-91.16
2026-09-24T06:36:59.633,,,-90.65,0.0,0.0,Background,quiet_rural,,0.9996,9.86,-101.32
2026-09-24T06:37:00.528,2470.264,1.354,-28.16,62.72,0.861,Generic,urban,0.58,0.0012,9.63,-83.12
2026-09-24T06:37:01.276,2427.413,2.215,-4.72,86.15,0.0088,UAV,indoor_congested,0.0266,0.0,7.54,-78.64
2026-09-24T06:37:02.699,2424.5,1.23,-33.05,57.83,0.8475,Generic,indoor_congested,0.563,0.0037,5.74,-78.09
2026-09-24T06:37:03.075,2464.151,3.609,-14.99,75.89,0.0038,UAV,urban,0.0302,0.0001,9.18,-86.67
2026-09-24T06:37:03.967,2461.91,41.016,-39.28,51.59,0.188,WiFi,quiet_rural,0.803,0.1535,9.32,-101.39
2026-09-24T06:37:04.837,2415.486,1.477,-23.97,66.91,0.8705,Generic,indoor_congested,1.331,0.0005,6.62,-76.33
2026-09-24T06:37:05.153,2429.574,1.477,-29.39,61.49,2.0,Generic,indoor_congested,,0.0017,7.54,-78.91
2026-09-24T06:37:06.139,2465.539,0.0,-79.2,6.07,0.0,Background,urban,,0.9513,9.89,-84.41
2026-09-24T06:37:06.292,2462.798,3.609,-12.44,78.44,0.0039,UAV,urban,0.0444,0.0001,10.04,-86.11
2026-09-24T06:37:07.240,2422.638,1.395,-20.02,70.86,0.8785,Generic,suburban,0.244,0.0002,6.79,-91.1
2026-09-24T06:37:07.345,2429.514,2.912,-17.85,73.03,0.0042,UAV,urban,0.012,0.0002,7.74,-83.54
2026-09-24T06:37:07.841,2480.059,0.0,-78.97,6.27,0.0,Background,urban,,0.955,9.13,-84.43
2026-09-24T06:37:08.370,2450.822,2.584,-12.23,78.64,0.0167,UAV,suburban,0.0364,0.0,8.29,-90.93
2026-09-24T06:37:09.421,2437.302,41.057,-30.14,60.74,0.0966,WiFi,suburban,0.4085,0.0526,10.36,-92.59
2026-09-24T06:37:09.638,2433.246,2.789,-12.55,78.33,0.0104,UAV,indoor_congested,0.0348,0.0,7.46,-78.76
2026-09-24T06:37:09.976,2436.615,21.164,-17.32,73.56,0.2925,WiFi,suburban,0.624,0.0013,9.42,-91.85
2026-09-24T06:37:10.335,,,-84.69,0.0,0.0,Background,urban,,0.9497,9.2,-83.67
2026-09-24T06:37:10.435,2413.677,1.477,-30.96,59.92,0.773,Generic,quiet_rural,1.14,0.0024,7.27,-99.39
2026-09-24T06:37:10.450,2420.93,4.266,-12.36,78.52,0.0192,UAV,suburban,0.0221,0.0001,9.22,-92.36
2026-09-24T06:37:11.163,2462.847,41.098,-23.18,67.69,0.0937,WiFi,quiet_rural,0.7565,0.0234,9.5,-100.99
2026-09-24T06:37:11.717,2411.88,2.83,-22.53,68.35,0.008,UAV,suburban,0.0117,0.0004,8.51,-90.1
2026-09-24T06:37:11.781,2462.936,1.723,-18.34,72.54,0.0051,UAV,urban,0.0429,0.0001,6.23,-85.51
2026-09-24T06:37:11.807,,,-85.37,0.0,0.0,Background,urban,,0.9521,9.88,-84.54
2026-09-24T06:37:12.344,2436.831,1.682,-21.25,69.63,0.0123,UAV,quiet_rural,0.0358,0.0003,7.5,-98.97
2026-09-24T06:37:12.501,2417.838,0.0,-72.66,6.5,0.0,Background,indoor_congested,,0.935,9.28,-77.2
2026-09-24T06:37:12.716,2409.783,4.717,-27.47,63.41,0.0153,UAV,urban,0.0246,0.0016,7.75,-85.74
2026-09-24T06:37:13.986,2461.563,21.123,-18.53,72.35,0.2397,WiFi,indoor_congested,0.3162,0.0016,9.76,-78.22
2026-09-24T06:37:14.034,2410.496,0.0,-75.29,6.32,0.0,Background,indoor_congested,,0.9399,9.93,-79.82
2026-09-24T06:37:15.154,2423.004,0.287,-40.47,50.41,0.8,Generic,suburban,0.639,0.0189,4.69,-93.47
2026-09-24T06:37:15.916,2450.222,1.354,-37.93,52.94,0.877,Generic,quiet_rural,1.384,0.0115,6.68,-101.7
2026-09-24T06:37:16.809,2426.533,0.0,-73.79,6.51,0.0,Background,indoor_congested,,0.9349,10.04,-78.38
2026-09-24T06:37:17.396,2462.376,41.098,-28.98,61.89,2.0,WiFi,suburban,,0.0461,9.35,-92.75
2026-09-24T06:37:17.604,2480.338,1.395,-27.63,63.25,0.771,Generic,quiet_rural,1.479,0.0011,8.61,-101.22
2026-09-24T06:37:17.764,2437.791,21.082,-30.54,60.34,0.0612,WiFi,urban,0.2567,0.0126,10.89,-83.9
2026-09-24T06:37:18.329,2460.014,4.635,-3.63,87.25,0.0145,UAV,indoor_congested,0.0419,0.0,8.43,-79.05
2026-09-24T06:37:18.392,2448.377,1.846,-28.21,62.67,0.0043,UAV,indoor_congested,0.0178,0.0014,6.76,-78.28
2026-09-24T06:37:19.704,2414.588,3.117,-4.24,86.64,0.0126,UAV,suburban,0.0416,0.0,8.72,-92.71
2026-09-24T06:37:21.033,,,-88.71,0.0,0.0,Background,suburban,,0.9814,11.13,-90.63
2026-09-24T06:37:21.996,2462.243,2.871,-3.4,87.48,0.0133,UAV,urban,0.0209,0.0,8.21,-85.42
2026-09-24T06:37:23.363,,,-89.36,0.0,0.0,Background,suburban,,0.9886,9.16,-92.5
2026-09-24T06:37:24.317,2408.089,3.65,-8.12,82.76,0.0144,UAV,urban,0.0366,0.0,8.15,-85.85
2026-09-24T06:37:25.713,2416.296,1.559,-27.05,63.83,2.0,Generic,quiet_rural,,0.001,9.92,-101.14
2026-09-24T06:37:27.538,2469.239,1.23,-31.37,59.5,0.805,Generic,quiet_rural,1.045,0.0026,8.01,-99.24
2026-09-24T06:37:27.779,2442.386,0.041,-68.85,9.37,0.0,Background,indoor_congested,,0.9322,9.07,-76.24
2026-09-24T06:37:27.873,2411.569,21.041,-36.27,54.6,0.1955,WiFi,suburban,0.977,0.0337,10.22,-93.34
2026-09-24T06:37:28.149,2432.695,1.107,-31.49,59.38,0.78,Generic,indoor_congested,1.373,0.0025,6.31,-79.32
2026-09-24T06:37:29.344,2481.802,1.312,-32.73,58.15,0.973,Generic,indoor_congested,1.528,0.0035,7.0,-79.82
2026-09-24T06:37:30.084,,,-81.17,0.0,0.0,Background,indoor_congested,,0.9381,9.12,-79.42
2026-09-24T06:37:30.118,2453.98,4.02,-30.19,60.69,0.0095,UAV,quiet_rural,0.0483,0.0027,9.18,-100.07
2026-09-24T06:37:30.260,2461.773,41.139,-17.8,73.08,0.1466,WiFi,indoor_congested,0.3035,0.0123,9.8,-77.76
2026-09-24T06:37:30.290,2421.919,0.82,-38.6,52.28,2.0,Generic,urban,,0.0129,6.11,-84.38
2026-09-24T06:37:30.306,,,-89.06,0.0,0.0,Background,suburban,,0.9857,9.73,-91.56
2026-09-24T06:37:30.418,2479.689,1.436,-24.21,66.67,2.0,Generic,urban,,0.0005,8.1,-83.82
2026-09-24T06:37:30.502,2461.817,21.041,-38.59,52.28,0.081,WiFi,quiet_rural,0.877,0.0501,10.47,-99.18
2026-09-24T06:37:32.546,2413.314,3.158,-3.3,87.58,0.0104,UAV,indoor_congested,0.017,0.0,8.27,-76.03
2026-09-24T06:37:33.358,,,-90.54,0.0,0.0,Background,quiet_rural,,0.999,10.29,-99.61
2026-09-24T06:37:34.573,2458.936,0.0,-72.56,6.49,0.0,Background,indoor_congested,,0.9343,9.98,-77.09
2026-09-24T06:37:35.212,2437.529,21.041,-37.05,53.83,0.2403,WiFi,urban,0.7615,0.0386,9.56,-83.19
2026-09-24T06:37:35.471,2467.057,0.0,-74.09,6.33,0.0,Background,indoor_congested,,0.9345,9.73,-78.53
2026-09-24T06:37:36.877,2450.178,0.738,-16.86,74.02,0.8635,Generic,quiet_rural,1.134,0.0001,4.93,-101.43
2026-09-24T06:37:36.948,2462.193,21.082,-30.08,60.8,0.2515,WiFi,suburban,0.897,0.0116,9.04,-91.27
2026-09-24T06:37:37.182,,,-86.21,0.0,0.0,Background,urban,,0.958,10.29,-85.65
2026-09-24T06:37:38.341,2461.394,21.164,-16.03,74.85,2.0,WiFi,suburban,,0.001,9.4,-90.91
2026-09-24T06:37:39.009,2408.077,0.779,-31.5,59.38,0.8415,Generic,suburban,0.674,0.0025,7.38,-90.36
2026-09-24T06:37:39.542,2428.928,4.348,-13.97,76.91,0.0038,UAV,quiet_rural,0.0471,0.0001,8.55,-98.27
2026-09-24T06:37:41.469,2436.705,41.139,-14.96,75.91,2.0,WiFi,quiet_rural,,0.0089,9.88,-101.23
2026-09-24T06:37:41.547,2411.152,0.0,-75.34,6.27,0.0,Background,indoor_congested,,0.94,9.71,-79.98
2026-09-24T06:37:42.872,2477.352,0.0,-74.53,6.3,0.0,Background,indoor_congested,,0.9338,9.32,-78.99
2026-09-24T06:37:43.372,2446.53,0.41,-29.97,60.91,0.809,Generic,urban,1.894,0.0018,6.17,-86.16
2026-09-24T06:37:44.080,2411.677,21.082,-32.86,58.02,0.456,WiFi,indoor_congested,0.6905,0.0187,9.08,-76.57
2026-09-24T06:37:44.285,2420.002,1.148,-23.89,66.99,2.0,Generic,indoor_congested,,0.0004,3.89,-77.29
2026-09-24T06:37:48.454,2437.562,41.057,-32.17,58.71,0.3772,WiFi,urban,0.55,0.0671,9.91,-84.68
2026-09-24T06:37:48.454,,,-86.62,0.0,0.0,Background,urban,,0.9617,11.11,-86.53
2026-09-24T06:37:48.792,2415.786,32.977,-21.3,69.58,0.1458,WiFi,urban,0.2033,0.0086,10.44,-83.41
2026-09-24T06:37:49.148,2469.178,2.133,-30.51,60.37,0.0127,UAV,quiet_rural,0.044,0.0024,8.62,-98.57
2026-09-24T06:37:49.575,,,-84.74,0.0,0.0,Background,urban,,0.952,10.92,-83.79
2026-09-24T06:37:50.471,2478.694,0.902,-35.02,55.86,0.78,Generic,quiet_rural,1.05,0.0057,5.83,-101.58
2026-09-24T06:37:50.752,2438.731,3.527,-8.24,82.64,0.0046,UAV,urban,0.0255,0.0,7.32,-85.33
2026-09-24T06:37:51.135,2403.026,0.41,-46.18,44.7,1.774,Generic,urban,,0.0674,7.79,-85.93
2026-09-24T06:37:51.144,,,-84.98,0.0,0.0,Background,urban,,0.9513,9.96,-84.03
2026-09-24T06:37:51.341,2448.959,3.938,-4.56,86.32,0.0185,UAV,indoor_congested,0.0384,0.0,9.29,-78.48
2026-09-24T06:37:52.559,,,-88.63,0.0,0.0,Background,suburban,,0.9794,9.93,-90.27
2026-09-24T06:37:53.726,2426.246,0.0,-74.46,7.2,0.0,Background,indoor_congested,,0.9353,9.36,-79.86
2026-09-24T06:37:55.515,2436.761,1.23,-45.68,45.2,1.778,Generic,indoor_congested,,0.0625,6.92,-76.47
2026-09-24T06:37:55.716,2475.096,0.0,-74.96,6.1,0.0,Background,indoor_congested,,0.9394,10.32,-79.42
2026-09-24T06:37:57.408,2404.836,0.0,-73.3,6.34,0.0,Background,indoor_congested,,0.9337,9.13,-77.64
2026-09-24T06:37:58.135,2405.5,1.148,-39.79,51.09,2.0,Generic,indoor_congested,,0.0169,6.32,-79.72
2026-09-24T06:37:58.357,2411.805,21.082,-33.59,57.29,0.1172,WiFi,suburban,0.2734,0.0212,10.82,-93.25
2026-09-24T06:37:58.379,2419.708,0.41,-46.5,44.38,0.9,Generic,suburban,1.038,0.0723,5.46,-93.14
2026-09-24T06:37:58.548,2458.68,1.312,-47.11,43.76,0.847,Generic,indoor_congested,1.799,0.086,5.77,-77.74
2026-09-24T06:37:59.554,2464.451,1.354,-44.38,46.49,1.884,Generic,indoor_congested,,0.0476,7.15,-77.85
2026-09-24T06:38:00.075,2477.633,0.779,-20.12,70.75,1.724,Generic,quiet_rural,,0.0002,5.14,-101.87
2026-09-24T06:38:00.435,2448.155,1.436,-22.76,68.12,0.804,Generic,urban,1.383,0.0004,8.08,-86.02
2026-09-24T06:38:01.038,,,-84.37,0.0,0.0,Background,urban,,0.9504,10.0,-83.38
2026-09-24T06:38:01.561,2434.423,1.559,-17.66,73.21,0.9085,Generic,quiet_rural,1.013,0.0001,9.55,-100.7
2026-09-24T06:38:02.372,2416.484,0.0,-72.67,6.98,0.0,Background,indoor_congested,,0.9351,9.41,-77.8
2026-09-24T06:38:04.122,2404.218,2.215,-24.91,65.97,0.0126,UAV,indoor_congested,0.0152,0.0007,8.05,-77.82
2026-09-24T06:38:04.309,2473.523,3.938,-10.45,80.43,0.0078,UAV,indoor_congested,0.0261,0.0,8.19,-79.86
2026-09-24T06:38:04.820,,,-89.19,0.0,0.0,Background,suburban,,0.9862,9.75,-91.84
2026-09-24T06:38:06.554,,,-81.13,0.0,0.0,Background,indoor_congested,,0.9386,10.21,-79.36
2026-09-24T06:38:06.707,2407.24,1.436,-22.68,68.2,0.858,Generic,indoor_congested,0.908,0.0004,5.46,-79.19
2026-09-24T06:38:07.331,2462.222,41.057,-33.22,57.66,0.1896,WiFi,quiet_rural,0.2773,0.0756,9.97,-100.1
2026-09-24T06:38:07.347,,,-90.57,0.0,0.0,Background,quiet_rural,,0.9992,9.37,-100.12
2026-09-24T06:38:07.486,2415.507,32.854,-32.91,57.96,0.085,WiFi,quiet_rural,0.945,0.0429,9.19,-99.19
2026-09-24T06:38:08.259,2430.391,0.574,-38.96,51.92,2.0,Generic,quiet_rural,,0.0138,6.81,-101.67
2026-09-24T06:38:08.610,2437.088,21.123,-16.12,74.76,0.1937,WiFi,quiet_rural,0.766,0.001,9.58,-101.78
2026-09-24T06:38:09.135,2461.854,41.016,-36.77,54.11,0.072,WiFi,indoor_congested,0.881,0.114,9.2,-77.28
2026-09-24T06:38:09.762,,,-86.24,0.0,0.0,Background,urban,,0.9611,9.28,-85.83
2026-09-24T06:38:10.167,2447.567,3.117,-3.43,87.45,0.0045,UAV,suburban,0.0195,0.0,9.23,-93.19
2026-09-24T06:38:11.438,,,-90.6,0.0,0.0,Background,quiet_rural,,0.9993,9.29,-100.3
2026-09-24T06:38:11.773,2413.501,0.574,-32.18,58.69,0.933,Generic,urban,1.697,0.0029,6.57,-85.66
2026-09-24T06:38:13.275,2436.467,41.016,-40.85,50.03,0.098,WiFi,quiet_rural,0.489,0.1839,9.44,-99.52
2026-09-24T06:38:13.913,2415.789,33.018,-40.23,50.64,0.1023,WiFi,indoor_congested,0.2072,0.1194,9.18,-77.32
2026-09-24T06:38:15.035,2415.87,33.223,-17.75,73.13,0.3315,WiFi,urban,0.6177,0.0053,9.88,-86.49
2026-09-24T06:38:15.755,,,-85.66,0.0,0.0,Background,urban,,0.9571,11.35,-84.98
2026-09-24T06:38:15.944,2478.722,3.896,-20.82,70.06,0.0076,UAV,quiet_rural,0.0149,0.0003,7.86,-100.63
2026-09-24T06:38:16.897,2449.893,5.168,-4.97,85.91,0.0104,UAV,indoor_congested,0.0432,0.0,8.98,-79.67
2026-09-24T06:38:19.538,,,-90.41,0.0,0.0,Background,quiet_rural,,0.9982,10.4,-98.02
2026-09-24T06:38:20.169,2437.512,41.016,-37.45,53.43,0.109,WiFi,suburban,0.641,0.1234,10.1,-92.8
2026-09-24T06:38:22.230,2453.851,5.127,-2.96,87.92,0.0182,UAV,quiet_rural,0.0389,0.0,8.5,-101.29
2026-09-24T06:38:22.725,2469.477,0.0,-72.82,6.21,0.0,Background,indoor_congested,,0.9347,10.67,-77.17
2026-09-24T06:38:24.541,2416.606,0.738,-27.69,63.18,0.9145,Generic,suburban,1.533,0.0011,4.94,-90.47
2026-09-24T06:38:27.476,2405.943,0.0,-74.48,6.73,0.0,Background,indoor_congested,,0.9314,9.34,-79.34
2026-09-24T06:38:28.379,2415.68,32.484,-20.55,70.33,2.0,WiFi,indoor_congested,,0.0074,9.45,-78.55
2026-09-24T06:38:29.198,2450.791,3.732,-9.28,81.6,0.0061,UAV,quiet_rural,0.0471,0.0,7.91,-98.66
2026-09-24T06:38:29.933,2435.129,0.205,-46.28,44.6,2.0,Generic,suburban,,0.0679,5.09,-92.83
2026-09-24T06:38:32.713,2439.933,1.148,-20.63,70.25,0.8985,Generic,indoor_congested,0.958,0.0002,5.15,-77.2
2026-09-24T06:38:33.856,2422.768,2.051,-31.07,59.81,0.0094,UAV,suburban,0.034,0.0027,8.51,-93.5
2026-09-24T06:38:34.650,2459.223,0.0,-78.13,6.31,0.0,Background,urban,,0.9515,10.2,-83.31
2026-09-24T06:38:36.020,2461.524,41.057,-34.96,55.92,2.0,WiFi,quiet_rural,,0.0926,9.93,-98.35
2026-09-24T06:38:36.030,2441.042,1.477,-34.4,56.48,0.758,Generic,indoor_congested,1.726,0.0052,7.8,-78.76
2026-09-24T06:38:36.137,,,-90.57,0.0,0.0,Background,quiet_rural,,0.9992,10.17,-99.91
2026-09-24T06:38:36.359,2437.342,41.057,-28.77,62.11,0.1733,WiFi,suburban,0.2259,0.0449,10.42,-93.13
2026-09-24T06:38:36.588,2456.389,4.881,-17.75,73.13,0.0105,UAV,urban,0.0474,0.0002,10.1,-84.53
2026-09-24T06:38:36.734,,,-90.48,0.0,0.0,Background,quiet_rural,,0.9986,10.56,-98.84
2026-09-24T06:38:37.396,2439.064,4.348,-20.01,70.87,0.0022,UAV,suburban,0.0388,0.0003,7.45,-91.03
2026-09-24T06:38:37.682,2436.229,1.436,-35.07,55.8,0.7835,Generic,quiet_rural,1.413,0.006,7.16,-99.19
2026-09-24T06:38:37.950,2421.847,4.184,-22.24,68.64,0.0067,UAV,indoor_congested,0.0475,0.0005,9.47,-77.99
2026-09-24T06:38:38.311,2449.797,1.477,-25.01,65.87,1.775,Generic,suburban,,0.0006,5.77,-93.5
2026-09-24T06:38:38.619,2419.806,2.42,-3.26,87.61,0.0144,UAV,urban,0.026,0.0,9.1,-83.22
2026-09-24T06:38:39.566,2471.535,1.436,-26.2,64.68,1.918,Generic,suburban,,0.0008,6.17,-91.04
2026-09-24T06:38:39.899,2412.748,21.123,-15.54,75.34,0.1605,WiFi,urban,0.94,0.0009,10.22,-85.17
2026-09-24T06:38:40.133,2435.488,0.246,-41.67,49.21,2.0,Generic,suburban,,0.0247,4.19,-93.8
2026-09-24T06:38:40.240,2436.468,21.082,-35.32,55.56,0.07,WiFi,urban,0.925,0.0286,8.51,-86.24
2026-09-24T06:38:41.607,,,-89.39,0.0,0.0,Background,suburban,,0.9892,8.91,-92.69
2026-09-24T06:38:41.971,2446.426,0.0,-72.89,6.29,0.0,Background,indoor_congested,,0.9341,10.75,-77.17
2026-09-24T06:38:42.227,2470.322,1.805,-14.08,76.8,0.0192,UAV,urban,0.0354,0.0001,7.68,-85.7
2026-09-24T06:38:43.589,,,-88.64,0.0,0.0,Background,suburban,,0.9805,9.64,-90.42
2026-09-24T06:38:43.989,,,-84.33,0.0,0.0,Background,urban,,0.9463,9.3,-83.21
2026-09-24T06:38:45.329,2431.259,0.492,-44.2,46.68,0.92,Generic,quiet_rural,1.783,0.044,5.9,-101.69
2026-09-24T06:38:45.391,2414.639,0.0,-72.46,6.46,0.0,Background,indoor_congested,,0.9311,9.51,-76.92
2026-09-24T06:38:46.436,2467.385,4.348,-5.59,85.29,0.0179,UAV,quiet_rural,0.0238,0.0,7.67,-98.62
2026-09-24T06:38:46.987,2422.188,4.266,-29.94,60.93,0.0147,UAV,urban,0.0287,0.0026,9.47,-84.56
2026-09-24T06:38:47.825,2473.847,1.271,-23.39,67.49,2.0,Generic,urban,,0.0004,6.88,-85.57
2026-09-24T06:38:48.711,2464.891,0.861,-34.38,56.5,0.7885,Generic,urban,1.382,0.0048,4.81,-85.36
2026-09-24T06:38:48.772,2420.361,1.148,-20.34,70.54,2.0,Generic,urban,,0.0002,6.12,-83.43
2026-09-24T06:38:49.266,2415.488,32.402,-28.07,62.81,0.2117,WiFi,quiet_rural,0.687,0.0211,8.95,-100.84
2026-09-24T06:38:49.985,2456.489,4.102,-19.4,71.48,0.0184,UAV,quiet_rural,0.0302,0.0003,7.72,-100.78
2026-09-24T06:38:51.971,,,-90.67,0.0,0.0,Background,quiet_rural,,0.9996,9.9,-101.82
2026-09-24T06:38:53.486,2475.588,0.0,-72.61,6.47,0.0,Background,indoor_congested,,0.9314,9.6,-77.07
2026-09-24T06:38:53.883,2437.688,21.123,-26.11,64.77,0.1432,WiFi,suburban,0.3528,0.0059,8.95,-91.6
2026-09-24T06:38:54.106,,,-90.61,0.0,0.0,Background,quiet_rural,,0.9993,10.75,-100.46
2026-09-24T06:38:54.673,,,-90.59,0.0,0.0,Background,quiet_rural,,0.9993,9.52,-100.37
2026-09-24T06:38:55.389,2461.514,41.139,-14.3,76.58,0.0676,WiFi,urban,0.412,0.0082,9.05,-86.65
2026-09-24T06:38:55.525,2462.061,21.082,-30.85,60.03,0.1235,WiFi,urban,0.1267,0.0133,9.5,-83.03
2026-09-24T06:38:55.526,2431.537,0.0,-74.56,6.54,0.0,Background,indoor_congested,,0.9344,11.02,-79.37
2026-09-24T06:38:55.541,2477.026,2.584,-27.41,63.47,0.0055,UAV,quiet_rural,0.0184,0.0012,8.49,-99.31
2026-09-24T06:38:57.266,2403.354,0.697,-45.49,45.39,2.0,Generic,suburban,,0.0591,6.07,-91.09
2026-09-24T06:38:57.658,2436.918,41.098,-24.0,66.88,0.132,WiFi,urban,0.5017,0.0257,9.13,-86.59
2026-09-24T06:38:59.448,2436.981,41.057,-28.74,62.14,0.071,WiFi,urban,0.605,0.0446,9.5,-84.74
2026-09-24T06:38:59.737,2430.17,1.764,-11.75,79.13,0.0162,UAV,quiet_rural,0.0427,0.0,7.47,-100.3
2026-09-24T06:39:00.081,2454.452,0.779,-19.36,71.52,2.0,Generic,quiet_rural,,0.0002,5.6,-99.98
2026-09-24T06:39:00.165,2415.04,32.279,-22.06,68.81,0.2363,WiFi,urban,0.282,0.0089,9.72,-85.29
2026-09-24T06:39:00.299,2436.176,21.164,-17.07,73.81,0.0888,WiFi,indoor_congested,0.3548,0.0012,9.81,-77.25
2026-09-24T06:39:00.346,2412.299,0.943,-22.67,68.21,2.0,Generic,quiet_rural,,0.0003,7.29,-101.43
2026-09-24T06:39:01.827,2442.337,1.23,-45.84,45.04,0.859,Generic,urban,0.429,0.0647,6.6,-85.82
2026-09-24T06:39:03.108,2436.549,41.016,-37.75,53.13,0.2138,WiFi,indoor_congested,0.4512,0.1285,9.26,-78.39
2026-09-24T06:39:03.872,2412.451,21.0,-41.36,49.52,0.2908,WiFi,urban,0.3394,0.0804,9.53,-86.01
2026-09-24T06:39:04.173,2437.423,41.016,-39.02,51.86,0.3982,WiFi,suburban,0.479,0.1488,9.62,-90.06
2026-09-24T06:39:04.553,2442.738,1.189,-41.08,49.8,0.975,Generic,urban,1.026,0.0226,6.44,-85.35
2026-09-24T06:39:04.756,2427.694,0.574,-47.59,43.29,2.0,Generic,suburban,,0.0918,6.63,-92.65
2026-09-24T06:39:05.617,2439.135,1.518,-17.69,73.18,0.9745,Generic,urban,1.653,0.0001,6.04,-86.84
2026-09-24T06:39:06.043,2412.643,21.123,-19.15,71.73,0.278,WiFi,quiet_rural,0.917,0.0018,9.66,-98.7
2026-09-24T06:39:07.224,2445.112,1.969,-27.06,63.81,0.0124,UAV,indoor_congested,0.0295,0.0011,8.34,-79.83
2026-09-24T06:39:07.980,2446.408,1.477,-34.88,56.0,0.5577,Generic,indoor_congested,0.9905,0.0057,7.29,-77.46
2026-09-24T06:39:08.609,2412.812,1.354,-38.8,52.07,0.861,Generic,urban,1.423,0.0138,9.64,-85.79
2026-09-24T06:39:08.667,2473.332,0.0,-74.49,6.59,0.0,Background,indoor_congested,,0.9341,9.49,-79.23
2026-09-24T06:39:09.276,2430.898,1.107,-44.79,46.09,0.791,Generic,indoor_congested,1.536,0.0507,4.32,-79.06
2026-09-24T06:39:10.162,2432.278,3.65,-28.32,62.56,0.0067,UAV,suburban,0.0149,0.0017,7.98,-92.48
2026-09-24T06:39:10.233,,,-81.67,0.0,0.0,Background,indoor_congested,,0.9397,9.14,-79.97
2026-09-24T06:39:11.454,,,-85.74,0.0,0.0,Background,urban,,0.9568,9.59,-85.18
2026-09-24T06:39:12.125,,,-90.44,0.0,0.0,Background,quiet_rural,,0.9985,9.68,-98.51
2026-09-24T06:39:13.473,,,-90.47,0.0,0.0,Background,quiet_rural,,0.9986,10.92,-98.68
2026-09-24T06:39:14.975,,,-88.89,0.0,0.0,Background,suburban,,0.9838,10.32,-91.07
2026-09-24T06:39:15.165,2455.766,2.092,-22.96,67.91,0.0108,UAV,indoor_congested,0.0324,0.0004,7.36,-76.17
2026-09-24T06:39:16.726,2419.549,1.805,-28.81,62.07,0.0155,UAV,quiet_rural,0.0306,0.0015,6.88,-98.12
2026-09-24T06:39:19.103,,,-90.62,0.0,0.0,Background,quiet_rural,,0.9994,9.3,-100.75
2026-09-24T06:39:19.400,2419.858,0.82,-43.32,47.56,0.7815,Generic,urban,1.402,0.0365,5.59,-83.31
2026-09-24T06:39:19.883,2430.728,1.682,-10.01,80.86,0.0161,UAV,indoor_congested,0.0423,0.0,7.18,-79.85
2026-09-24T06:39:21.034,2442.044,3.404,-30.05,60.82,0.0056,UAV,urban,0.0205,0.0025,8.38,-84.36
2026-09-24T06:39:21.548,2443.391,0.0,-74.46,6.23,0.0,Background,indoor_congested,,0.9343,10.21,-78.91
2026-09-24T06:39:22.414,,,-89.26,0.0,0.0,Background,suburban,,0.9868,9.5,-92.17
2026-09-24T06:39:22.653,2415.458,32.689,-41.27,49.61,0.147,WiFi,indoor_congested,0.994,0.1359,10.14,-77.6
2026-09-24T06:39:22.728,2411.403,21.123,-21.08,69.8,0.227,WiFi,indoor_congested,0.973,0.0025,10.08,-79.99
2026-09-24T06:39:22.941,2407.603,4.471,-31.54,59.33,0.005,UAV,indoor_congested,0.0404,0.0038,9.15,-76.15
2026-09-24T06:39:23.591,,,-90.52,0.0,0.0,Background,quiet_rural,,0.9989,9.44,-99.19
2026-09-24T06:39:25.956,2483.504,0.0,-79.41,6.34,0.0,Background,urban,,0.9556,10.24,-85.04
2026-09-24T06:39:26.160,2415.006,31.951,-23.88,67.0,0.1383,WiFi,suburban,0.7415,0.0111,9.77,-93.65
2026-09-24T06:39:27.836,2436.092,41.057,-29.0,61.88,2.0,WiFi,quiet_rural,,0.046,10.65,-100.45
2026-09-24T06:39:29.663,2467.524,1.354,-31.42,59.46,1.768,Generic,indoor_congested,,0.0026,6.36,-76.9
2026-09-24T06:39:29.753,,,-89.36,0.0,0.0,Background,suburban,,0.9876,10.98,-92.38
2026-09-24T06:39:29.954,2438.243,3.363,-9.58,81.3,0.01,UAV,quiet_rural,0.048,0.0,7.94,-98.31
2026-09-24T06:39:31.858,2433.793,0.0,-74.28,6.23,0.0,Background,indoor_congested,,0.9382,9.84,-78.75
2026-09-24T06:39:31.948,2477.148,0.738,-44.21,46.66,2.0,Generic,suburban,,0.0447,7.55,-90.76
2026-09-24T06:39:34.801,2411.16,21.082,-36.93,53.95,0.0863,WiFi,indoor_congested,0.3518,0.0378,10.52,-76.67
2026-09-24T06:39:35.467,2449.054,3.158,-25.16,65.71,0.0062,UAV,urban,0.0365,0.0008,7.94,-85.66
2026-09-24T06:39:36.832,2436.925,21.082,-35.21,55.67,0.369,WiFi,indoor_congested,0.4417,0.0281,9.23,-76.06
2026-09-24T06:39:36.991,2474.041,4.84,-9.4,81.48,0.0076,UAV,suburban,0.0378,0.0,8.43,-92.56
2026-09-24T06:39:37.079,2412.405,21.205,-13.48,77.4,0.2325,WiFi,indoor_congested,0.579,0.0007,9.61,-76.08
2026-09-24T06:39:37.750,2433.793,0.0,-74.67,6.24,0.0,Background,indoor_congested,,0.9363,9.12,-79.13
2026-09-24T06:39:39.009,2462.764,41.098,-26.97,63.91,2.0,WiFi,urban,,0.0362,9.97,-83.95
2026-09-24T06:39:40.347,2431.864,2.789,-12.23,78.65,2.0,UAV,urban,,0.0,8.96,-83.62
2026-09-24T06:39:40.588,2458.402,0.0,-72.76,6.54,0.0,Background,indoor_congested,,0.9311,9.62,-77.34
2026-09-24T06:39:43.143,,,-90.41,0.0,0.0,Background,quiet_rural,,0.9983,9.96,-98.04
2026-09-24T06:39:44.395,,,-85.43,0.0,0.0,Background,urban,,0.9533,9.14,-84.69
2026-09-24T06:39:46.044,2433.079,4.922,-19.19,71.69,0.0085,UAV,indoor_congested,0.0323,0.0003,8.47,-76.33
2026-09-24T06:39:46.753,2472.786,0.451,-42.54,48.34,0.6587,Generic,urban,0.986,0.0304,4.31,-85.15
2026-09-24T06:39:47.228,2422.431,0.533,-41.64,49.23,0.852,Generic,suburban,0.851,0.0251,7.21,-90.26
2026-09-24T06:39:47.445,2463.194,41.098,-31.34,59.54,0.052,WiFi,quiet_rural,0.886,0.0607,8.75,-98.25
2026-09-24T06:39:47.575,2468.804,1.969,-15.79,75.09,0.009,UAV,suburban,0.0481,0.0001,7.38,-92.1
2026-09-24T06:39:49.011,,,-86.65,0.0,0.0,Background,urban,,0.9629,8.82,-86.5
2026-09-24T06:39:49.787,,,-90.61,0.0,0.0,Background,quiet_rural,,0.9994,10.61,-100.68
2026-09-24T06:39:49.833,2411.204,21.123,-18.67,72.2,2.0,WiFi,suburban,,0.0016,9.28,-92.44
2026-09-24T06:39:50.614,2436.004,41.057,-36.38,54.5,0.1662,WiFi,urban,0.3272,0.1096,10.14,-85.3
2026-09-24T06:39:50.688,,,-90.65,0.0,0.0,Background,quiet_rural,,0.9995,10.95,-101.44
2026-09-24T06:39:51.064,2462.514,21.082,-22.61,68.27,0.1365,WiFi,suburban,0.868,0.0032,8.89,-94.0
2026-09-24T06:39:51.309,2463.125,41.057,-27.84,63.04,0.116,WiFi,quiet_rural,0.9045,0.04,8.75,-98.94
2026-09-24T06:39:52.860,2441.342,5.004,-2.78,88.1,0.0298,UAV,urban,0.0309,0.0,8.85,-84.88
2026-09-24T06:39:54.548,2461.9,21.082,-38.34,52.54,0.0825,WiFi,urban,0.992,0.048,8.38,-83.12
2026-09-24T06:39:55.659,,,-90.59,0.0,0.0,Background,quiet_rural,,0.9992,9.18,-100.36
2026-09-24T06:39:55.795,2411.668,2.994,-13.03,77.85,0.0133,UAV,indoor_congested,0.0387,0.0001,8.12,-76.71
2026-09-24T06:39:55.894,2476.49,0.0,-74.45,6.27,0.0,Background,indoor_congested,,0.9357,9.88,-78.95
2026-09-24T06:39:56.350,2416.442,1.518,-28.81,62.07,0.9835,Generic,indoor_congested,0.416,0.0015,7.27,-77.57
2026-09-24T06:39:56.470,2411.739,21.123,-20.98,69.9,0.38,WiFi,quiet_rural,0.693,0.0024,9.93,-98.65
2026-09-24T06:39:57.170,2462.799,41.139,-14.87,76.01,0.128,WiFi,suburban,0.899,0.0088,9.9,-90.46
2026-09-24T06:39:57.315,,,-84.73,0.0,0.0,Background,urban,,0.9483,10.21,-83.62
2026-09-24T06:39:59.215,,,-89.49,0.0,0.0,Background,suburban,,0.9888,9.0,-92.75
2026-09-24T06:40:00.380,2436.213,41.139,-19.38,71.49,0.1615,WiFi,indoor_congested,0.929,0.0149,9.78,-76.95
2026-09-24T06:40:00.399,2411.346,21.082,-35.53,55.35,2.0,WiFi,indoor_congested,,0.0296,9.1,-77.97
2026-09-24T06:40:02.324,2437.074,41.057,-24.41,66.46,0.347,WiFi,indoor_congested,0.7245,0.0269,10.13,-78.08
2026-09-24T06:40:02.930,,,-88.85,0.0,0.0,Background,suburban,,0.9823,10.21,-90.88
2026-09-24T06:40:03.144,2408.974,0.533,-25.11,65.77,0.9335,Generic,quiet_rural,1.561,0.0006,4.77,-101.31
2026-09-24T06:40:03.426,2415.654,33.551,-31.11,59.76,0.0601,WiFi,suburban,0.2311,0.035,10.65,-93.54
2026-09-24T06:40:04.104,2437.005,41.057,-28.19,62.69,0.1522,WiFi,quiet_rural,0.5097,0.0416,10.2,-101.3
2026-09-24T06:40:04.584,2461.864,41.057,-39.98,50.9,0.4123,WiFi,urban,0.7285,0.1662,9.37,-83.09
2026-09-24T06:40:04.712,2437.339,41.139,-13.31,77.57,0.2139,WiFi,quiet_rural,0.2743,0.0073,8.78,-101.71
2026-09-24T06:40:05.559,,,-85.92,0.0,0.0,Background,urban,,0.9578,10.12,-85.43
2026-09-24T06:40:05.699,2460.781,0.0,-74.94,6.41,0.0,Background,indoor_congested,,0.9357,9.59,-79.58
2026-09-24T06:40:05.725,2417.971,1.436,-30.99,59.88,0.87,Generic,urban,1.822,0.0024,7.52,-84.08
2026-09-24T06:40:07.010,2412.338,21.082,-27.0,63.88,0.1133,WiFi,suburban,0.918,0.0068,9.45,-91.69
2026-09-24T06:40:07.358,2462.418,21.041,-39.74,51.14,2.0,WiFi,quiet_rural,,0.0609,9.94,-98.45
2026-09-24T06:40:07.638,2415.116,32.115,-38.97,51.91,0.0763,WiFi,urban,0.5007,0.0961,10.45,-84.82
2026-09-24T06:40:08.041,2461.023,21.082,-27.59,63.29,0.3093,WiFi,indoor_congested,0.704,0.0076,10.01,-78.99
2026-09-24T06:40:09.771,2460.195,2.748,-22.14,68.74,2.0,UAV,quiet_rural,,0.0004,9.28,-101.37
2026-09-24T06:40:09.958,2451.182,4.143,-9.04,81.84,0.039,UAV,quiet_rural,0.0393,0.0,7.32,-99.95
2026-09-24T06:40:10.560,2482.175,0.328,-39.12,51.76,0.9905,Generic,quiet_rural,0.685,0.0139,5.4,-101.95
2026-09-24T06:40:11.875,2412.542,21.123,-15.92,74.96,2.0,WiFi,quiet_rural,,0.001,9.6,-99.18
2026-09-24T06:40:12.864,2462.997,2.256,-3.28,87.6,0.0025,UAV,quiet_rural,0.0342,0.0,8.13,-98.08
2026-09-24T06:40:12.872,2464.959,1.354,-22.06,68.82,0.882,Generic,suburban,1.49,0.0003,8.25,-93.5
2026-09-24T06:40:13.117,2422.205,2.584,-24.57,66.3,0.0188,UAV,suburban,0.0254,0.0007,7.79,-90.57
2026-09-24T06:40:13.970,2462.086,41.098,-18.53,72.35,2.0,WiFi,indoor_congested,,0.0134,9.67,-79.98
2026-09-24T06:40:14.093,2425.139,0.0,-73.5,6.67,0.0,Background,indoor_congested,,0.9361,10.36,-78.37
2026-09-24T06:40:14.108,2401.295,1.107,-44.45,46.43,0.91,Generic,indoor_congested,1.269,0.0472,8.43,-76.68
2026-09-24T06:40:15.094,2479.784,3.199,-9.97,80.91,2.0,UAV,indoor_congested,,0.0,7.94,-77.54
2026-09-24T06:40:16.547,2421.447,2.174,-12.13,78.75,0.0193,UAV,urban,0.0471,0.0,8.86,-86.36
2026-09-24T06:40:18.069,2453.489,3.814,-25.03,65.84,0.0185,UAV,suburban,0.0396,0.0009,8.28,-90.06
2026-09-24T06:40:18.159,2477.481,1.436,-26.29,64.59,2.0,Generic,urban,,0.0008,8.59,-85.01
2026-09-24T06:40:19.357,,,-90.44,0.0,0.0,Background,quiet_rural,,0.9984,11.23,-98.34
2026-09-24T06:40:19.390,2456.646,4.553,-18.14,72.74,0.0146,UAV,urban,0.032,0.0002,8.05,-85.72
2026-09-24T06:40:21.252,2448.873,1.025,-46.49,44.39,0.773,Generic,quiet_rural,1.642,0.075,7.55,-98.07
2026-09-24T06:40:21.365,2461.747,41.016,-40.21,50.67,0.3443,WiFi,quiet_rural,0.859,0.1698,9.7,-99.17
2026-09-24T06:40:21.402,2457.871,5.127,-9.05,81.82,0.0138,UAV,suburban,0.0246,0.0,8.2,-92.53
2026-09-24T06:40:22.632,2437.229,1.395,-17.1,73.77,0.978,Generic,urban,0.9,0.0001,5.97,-84.75
2026-09-24T06:40:24.252,2428.021,0.574,-42.48,48.4,0.7815,Generic,suburban,1.795,0.0302,6.79,-93.93
2026-09-24T06:40:25.382,2436.064,41.18,-13.21,77.67,0.2577,WiFi,quiet_rural,0.9025,0.0072,9.71,-101.65
2026-09-24T06:40:28.047,,,-85.24,0.0,0.0,Background,urban,,0.9538,10.16,-84.36
2026-09-24T06:40:28.231,,,-89.66,0.0,0.0,Background,suburban,,0.9917,9.71,-93.53
2026-09-24T06:40:29.335,2449.268,2.871,-31.93,58.94,0.0111,UAV,indoor_congested,0.0208,0.0035,8.63,-77.16
2026-09-24T06:40:29.883,2473.373,1.312,-25.34,65.54,0.998,Generic,suburban,0.042,0.0006,6.86,-91.31
2026-09-24T06:40:31.605,2460.839,4.307,-10.2,80.68,0.0122,UAV,indoor_congested,0.0402,0.0,8.59,-76.39
2026-09-24T06:40:31.804,2476.712,1.395,-18.65,72.23,0.772,Generic,suburban,0.574,0.0001,5.46,-92.13
2026-09-24T06:40:32.567,2462.406,21.123,-26.87,64.0,0.38,WiFi,indoor_congested,0.967,0.0067,9.72,-77.01
2026-09-24T06:40:32.656,2462.504,0.0,-73.73,6.12,0.0,Background,indoor_congested,,0.9333,9.83,-77.95
2026-09-24T06:40:33.484,2479.024,3.363,-11.09,79.78,0.0029,UAV,urban,0.0464,0.0,7.13,-83.9
2026-09-24T06:40:34.193,2402.521,0.041,-71.25,9.79,0.0,Background,indoor_congested,,0.933,10.13,-79.05
2026-09-24T06:40:35.710,2426.732,4.102,-12.75,78.13,0.006,UAV,urban,0.042,0.0001,8.69,-83.87
2026-09-24T06:40:36.407,,,-90.59,0.0,0.0,Background,quiet_rural,,0.9993,9.22,-100.19
2026-09-24T06:40:37.826,2453.188,1.354,-38.69,52.19,0.905,Generic,suburban,0.384,0.0136,6.93,-91.02
2026-09-24T06:40:39.856,2404.46,4.43,-24.3,66.58,0.0081,UAV,quiet_rural,0.0361,0.0008,8.42,-99.24
2026-09-24T06:40:40.218,2462.394,21.082,-28.49,62.38,0.3227,WiFi,urban,0.8045,0.0088,10.96,-83.18
2026-09-24T06:40:40.598,2476.123,1.148,-34.05,56.83,1.531,Generic,urban,,0.0046,6.5,-85.2
2026-09-24T06:40:41.066,2425.984,0.82,-21.96,68.92,1.747,Generic,urban,,0.0003,5.0,-83.02
2026-09-24T06:40:41.371,2468.774,3.281,-20.43,70.45,0.0177,UAV,quiet_rural,0.0374,0.0003,10.13,-98.77
2026-09-24T06:40:42.365,2442.382,0.615,-28.97,61.91,0.6173,Generic,quiet_rural,0.978,0.0014,6.3,-99.43
2026-09-24T06:40:42.581,,,-86.27,0.0,0.0,Background,urban,,0.9589,9.11,-85.87
2026-09-24T06:40:42.784,2428.707,1.354,-37.41,53.47,0.8085,Generic,suburban,1.016,0.0102,6.75,-92.36
2026-09-24T06:40:43.704,,,-88.63,0.0,0.0,Background,suburban,,0.9793,8.7,-90.28
2026-09-24T06:40:44.183,2414.574,2.502,-11.31,79.57,0.0145,UAV,indoor_congested,0.0421,0.0,9.77,-78.74
2026-09-24T06:40:45.440,2406.228,2.051,-28.34,62.54,0.0068,UAV,urban,0.0295,0.0014,9.3,-84.62
2026-09-24T06:40:46.144,,,-84.49,0.0,0.0,Background,urban,,0.9489,9.57,-83.46
2026-09-24T06:40:46.482,,,-86.16,0.0,0.0,Background,urban,,0.9594,9.3,-85.74
2026-09-24T06:40:46.915,2405.365,5.045,-31.04,59.84,0.0094,UAV,indoor_congested,0.0288,0.0036,8.76,-76.05
2026-09-24T06:40:47.006,2476.203,2.871,-23.81,67.07,0.0106,UAV,urban,0.0257,0.0006,8.44,-85.94
2026-09-24T06:40:47.734,,,-88.62,0.0,0.0,Background,suburban,,0.9799,9.74,-90.29
2026-09-24T06:40:49.626,2465.012,1.354,-37.56,53.31,2.0,Generic,suburban,,0.0105,6.68,-92.09
2026-09-24T06:40:51.521,,,-88.68,0.0,0.0,Background,suburban,,0.9821,10.74,-90.52
2026-09-24T06:40:51.524,2430.709,0.615,-34.18,56.7,2.0,Generic,suburban,,0.0046,6.22,-91.38
2026-09-24T06:40:51.848,2477.532,1.23,-45.6,45.28,1.706,Generic,urban,,0.0612,7.59,-85.52
2026-09-24T06:40:52.382,,,-90.57,0.0,0.0,Background,quiet_rural,,0.9992,9.32,-100.0
2026-09-24T06:40:52.433,2411.689,21.082,-27.66,63.22,2.0,WiFi,urban,,0.0077,8.6,-83.31
2026-09-24T06:40:53.804,2457.577,1.395,-34.73,56.15,0.9055,Generic,indoor_congested,1.109,0.0055,7.59,-79.86
2026-09-24T06:40:54.179,2437.644,21.082,-36.83,54.05,2.0,WiFi,suburban,,0.037,8.89,-90.21
2026-09-24T06:40:54.588,,,-85.13,0.0,0.0,Background,urban,,0.9558,9.92,-84.29
2026-09-24T06:40:54.618,2475.465,0.0,-71.87,6.94,0.0,Background,indoor_congested,,0.9348,10.53,-76.91
2026-09-24T06:40:54.806,2478.916,1.354,-41.85,49.03,0.986,Generic,indoor_congested,1.628,0.0271,6.26,-79.9
2026-09-24T06:40:55.447,2438.353,3.938,-5.21,85.67,0.0182,UAV,urban,0.0251,0.0,9.14,-84.55
2026-09-24T06:40:56.572,,,-89.01,0.0,0.0,Background,suburban,,0.9849,10.63,-91.26
2026-09-24T06:40:57.324,2452.477,4.676,-9.86,81.02,0.0048,UAV,suburban,0.0468,0.0,9.07,-91.65
2026-09-24T06:40:57.653,,,-90.68,0.0,0.0,Background,quiet_rural,,0.9997,9.76,-101.99
2026-09-24T06:40:58.225,2475.957,0.205,-44.97,45.9,1.639,Generic,quiet_rural,,0.051,4.14,-100.08
2026-09-24T06:40:58.487,2479.504,0.041,-70.57,9.43,0.0,Background,indoor_congested,,0.9355,9.1,-78.22
2026-09-24T06:40:58.633,2451.571,1.23,-24.98,65.89,0.866,Generic,indoor_congested,1.405,0.0006,5.72,-76.88
2026-09-24T06:40:58.805,,,-89.71,0.0,0.0,Background,suburban,,0.9924,9.69,-93.75
2026-09-24T06:40:59.450,2462.691,21.164,-13.45,77.43,2.0,WiFi,suburban,,0.0007,9.26,-91.23
2026-09-24T06:40:59.461,2457.897,2.953,-14.59,76.28,0.0045,UAV,urban,0.0452,0.0001,8.09,-85.97
2026-09-24T06:41:00.841,2469.312,0.0,-72.24,6.47,0.0,Background,indoor_congested,,0.9307,9.41,-76.73
2026-09-24T06:41:01.324,2437.164,41.18,-14.69,76.19,2.0,WiFi,indoor_congested,,0.0086,8.9,-76.46
2026-09-24T06:41:02.069,2445.631,1.271,-46.58,44.3,0.999,Generic,indoor_congested,0.873,0.0761,7.29,-77.22
2026-09-24T06:41:02.624,2464.199,1.025,-33.91,56.97,0.9645,Generic,indoor_congested,1.134,0.0043,5.02,-78.73
2026-09-24T06:41:06.225,2425.973,1.23,-44.87,46.0,0.8505,Generic,indoor_congested,0.932,0.0524,6.34,-76.19
2026-09-24T06:41:07.831,2453.471,1.23,-43.41,47.46,0.9935,Generic,indoor_congested,0.855,0.038,7.3,-77.25
2026-09-24T06:41:10.102,,,-90.54,0.0,0.0,Background,quiet_rural,,0.9989,8.84,-99.42
2026-09-24T06:41:10.482,2462.453,21.123,-18.4,72.48,0.0835,WiFi,quiet_rural,0.856,0.0016,9.25,-100.66
2026-09-24T06:41:12.179,2430.958,1.107,-33.27,57.61,0.869,Generic,indoor_congested,0.366,0.0038,6.29,-76.12
2026-09-24T06:41:12.193,2456.431,2.42,-20.85,70.03,2.0,UAV,urban,,0.0003,8.52,-86.47
2026-09-24T06:41:12.843,,,-90.41,0.0,0.0,Background,quiet_rural,,0.9982,8.66,-98.09
2026-09-24T06:41:13.434,,,-85.49,0.0,0.0,Background,urban,,0.954,10.33,-84.78
2026-09-24T06:41:13.938,2415.301,32.73,-28.49,62.39,2.0,WiFi,quiet_rural,,0.0229,9.06,-98.28
2026-09-24T06:41:14.312,2415.442,32.73,-41.2,49.67,0.1517,WiFi,quiet_rural,0.4823,0.1347,10.69,-99.1
2026-09-24T06:41:14.794,2418.371,0.0,-72.77,6.69,0.0,Background,indoor_congested,,0.9362,9.81,-77.61
2026-09-24T06:41:15.471,2425.304,1.846,-30.29,60.58,2.0,UAV,suburban,,0.0022,6.81,-91.41
2026-09-24T06:41:15.977,,,-90.67,0.0,0.0,Background,quiet_rural,,0.9996,10.88,-101.8
2026-09-24T06:41:16.644,2403.306,0.451,-36.97,53.91,0.963,Generic,quiet_rural,1.347,0.0086,7.32,-100.01
2026-09-24T06:41:18.379,2461.76,21.041,-41.34,49.54,0.056,WiFi,suburban,0.707,0.0797,9.08,-91.26
2026-09-24T06:41:18.588,2462.282,41.098,-21.98,68.9,0.247,WiFi,urban,0.7285,0.0202,9.85,-83.38
2026-09-24T06:41:18.975,2481.522,1.354,-39.77,51.1,2.0,Generic,indoor_congested,,0.0172,6.47,-78.71
2026-09-24T06:41:19.120,,,-85.18,0.0,0.0,Background,urban,,0.9529,9.81,-84.32
2026-09-24T06:41:19.485,2436.31,21.082,-28.98,61.9,0.068,WiFi,urban,0.814,0.0096,9.23,-86.67
2026-09-24T06:41:19.888,2476.454,5.209,-9.13,81.74,0.0176,UAV,suburban,0.0416,0.0,8.8,-93.05
2026-09-24T06:41:21.052,2415.979,33.264,-20.03,70.85,0.0523,WiFi,indoor_congested,0.5775,0.0074,10.01,-78.48
2026-09-24T06:41:21.310,2466.176,1.312,-28.12,62.76,0.902,Generic,indoor_congested,1.878,0.0012,6.2,-78.8
2026-09-24T06:41:21.661,2418.903,4.471,-21.97,68.91,0.0092,UAV,quiet_rural,0.0213,0.0005,9.72,-99.94
2026-09-24T06:41:21.683,,,-86.36,0.0,0.0,Background,urban,,0.9575,9.51,-85.94
2026-09-24T06:41:21.922,2459.9,0.041,-71.11,9.8,0.0,Background,indoor_congested,,0.9345,9.42,-79.16
2026-09-24T06:41:23.858,2479.464,4.143,-28.85,62.03,2.0,UAV,suburban,,0.002,8.05,-92.73
2026-09-24T06:41:25.440,,,-84.77,0.0,0.0,Background,urban,,0.9498,9.65,-83.8
2026-09-24T06:41:25.585,2442.724,1.354,-17.53,73.34,2.0,Generic,urban,,0.0001,6.45,-85.36
2026-09-24T06:41:25.762,2410.642,0.82,-45.22,45.65,0.8355,Generic,suburban,1.007,0.0564,7.42,-92.57
2026-09-24T06:41:26.102,2461.139,21.164,-15.73,75.15,0.1165,WiFi,urban,0.873,0.001,9.25,-84.23
2026-09-24T06:41:27.828,2415.232,31.787,-34.23,56.64,0.422,WiFi,indoor_congested,0.841,0.0482,8.95,-77.35
2026-09-24T06:41:28.463,2401.186,0.0,-72.14,6.13,0.0,Background,indoor_congested,,0.9363,11.26,-76.31
2026-09-24T06:41:29.507,2413.209,1.846,-9.53,81.35,0.0071,UAV,quiet_rural,0.0489,0.0,6.92,-99.13
2026-09-24T06:41:30.142,2432.766,2.666,-14.62,76.25,0.0187,UAV,urban,0.0483,0.0001,7.49,-85.21
2026-09-24T06:41:30.755,2480.361,4.676,-29.63,61.24,0.0096,UAV,urban,0.0283,0.0025,7.63,-84.27
2026-09-24T06:41:32.770,2413.372,4.512,-26.57,64.31,0.01,UAV,urban,0.0477,0.0013,9.23,-85.62
2026-09-24T06:41:33.395,2460.453,0.0,-73.26,6.31,0.0,Background,indoor_congested,,0.9341,9.34,-77.64
2026-09-24T06:41:33.716,2475.424,0.0,-72.16,6.14,0.0,Background,indoor_congested,,0.93,9.29,-76.24
2026-09-24T06:41:34.470,2437.833,0.492,-44.79,46.09,0.931,Generic,urban,1.92,0.0502,6.04,-85.68
2026-09-24T06:41:35.207,2463.099,21.082,-29.84,61.03,2.0,WiFi,suburban,,0.0112,9.72,-91.11
2026-09-24T06:41:35.531,,,-88.98,0.0,0.0,Background,suburban,,0.9827,9.85,-91.22
2026-09-24T06:41:36.228,,,-90.4,0.0,0.0,Background,quiet_rural,,0.9981,10.13,-98.05
2026-09-24T06:41:37.467,2450.137,0.82,-21.58,69.3,0.7895,Generic,urban,1.142,0.0003,4.86,-85.49
2026-09-24T06:41:37.889,2465.25,1.23,-44.01,46.87,1.941,Generic,indoor_congested,,0.0433,7.12,-77.58
2026-09-24T06:41:38.002,,,-81.17,0.0,0.0,Background,indoor_congested,,0.9384,9.01,-79.46
2026-09-24T06:41:38.027,2406.856,4.922,-18.2,72.68,0.0138,UAV,suburban,0.0234,0.0002,8.93,-90.53
2026-09-24T06:41:38.070,2410.088,1.764,-10.55,80.33,0.0101,UAV,urban,0.047,0.0,7.5,-83.13
2026-09-24T06:41:38.878,2473.114,1.395,-25.09,65.79,0.877,Generic,indoor_congested,0.904,0.0006,8.49,-76.16
2026-09-24T06:41:39.664,2438.317,4.676,-19.63,71.24,0.0172,UAV,suburban,0.0419,0.0003,9.52,-92.86
2026-09-24T06:41:41.557,2403.123,3.486,-26.49,64.39,0.018,UAV,suburban,0.0316,0.0011,9.31,-91.83
2026-09-24T06:41:41.906,2463.11,41.057,-23.54,67.34,0.227,WiFi,indoor_congested,0.4917,0.0242,9.56,-79.69
2026-09-24T06:41:42.237,2425.571,3.404,-31.24,59.64,0.0133,UAV,urban,0.032,0.0032,7.12,-84.17
2026-09-24T06:41:43.674,2443.628,0.984,-34.36,56.52,0.9895,Generic,quiet_rural,0.35,0.005,5.45,-98.25
2026-09-24T06:41:44.618,2450.365,1.271,-41.71,49.16,2.0,Generic,urban,,0.0264,5.35,-85.44
2026-09-24T06:41:45.386,2413.566,0.902,-26.68,64.2,0.79,Generic,urban,1.302,0.0008,6.97,-85.2
2026-09-24T06:41:46.444,2464.145,0.0,-74.48,6.88,0.0,Background,indoor_congested,,0.9361,9.98,-79.64
2026-09-24T06:41:46.552,2402.364,1.518,-18.52,72.35,0.8505,Generic,suburban,1.899,0.0001,7.33,-93.16
2026-09-24T06:41:46.717,2445.407,1.189,-18.9,71.98,0.8245,Generic,indoor_congested,0.966,0.0001,7.07,-76.28
2026-09-24T06:41:47.194,2461.665,21.082,-20.68,70.2,0.1172,WiFi,suburban,0.5553,0.0023,10.71,-91.88
2026-09-24T06:41:48.006,2437.962,21.082,-30.07,60.8,2.0,WiFi,suburban,,0.0116,9.04,-90.68
2026-09-24T06:41:48.159,2480.768,0.984,-35.7,55.18,0.939,Generic,urban,0.453,0.0067,6.31,-83.75
2026-09-24T06:41:48.491,2469.722,3.281,-12.94,77.94,2.0,UAV,suburban,,0.0001,8.89,-90.56
2026-09-24T06:41:48.640,2436.65,21.082,-19.0,71.87,0.1493,WiFi,urban,0.6725,0.0017,9.67,-84.18
2026-09-24T06:41:49.678,2476.203,0.943,-25.36,65.52,2.0,Generic,urban,,0.0006,3.75,-83.74
2026-09-24T06:41:50.370,2475.014,1.312,-25.32,65.56,1.749,Generic,suburban,,0.0006,6.25,-92.68
2026-09-24T06:41:51.908,2453.9,1.189,-43.44,47.43,2.0,Generic,indoor_congested,,0.0381,7.69,-76.43
2026-09-24T06:41:52.305,2452.964,1.395,-35.07,55.81,2.0,Generic,quiet_rural,,0.006,7.38,-100.56
2026-09-24T06:41:52.756,2479.556,0.902,-27.64,63.24,0.586,Generic,urban,1.489,0.0011,6.12,-85.48
2026-09-24T06:41:53.104,2458.569,3.773,-29.92,60.96,0.0142,UAV,suburban,0.0212,0.0025,9.41,-93.17
2026-09-24T06:41:53.803,2436.211,41.18,-15.49,75.38,0.1573,WiFi,indoor_congested,0.6535,0.0095,9.01,-76.33
2026-09-24T06:41:53.874,2436.45,41.057,-29.86,61.02,0.2758,WiFi,urban,0.5917,0.0509,10.0,-83.16
2026-09-24T06:41:53.950,2447.942,0.246,-43.17,47.71,2.0,Generic,quiet_rural,,0.0343,4.98,-101.1
2026-09-24T06:41:54.153,2471.691,0.0,-74.89,6.32,0.0,Background,indoor_congested,,0.9337,9.88,-79.42
2026-09-24T06:41:54.350,2461.175,21.041,-40.94,49.94,0.237,WiFi,urban,0.778,0.0748,10.11,-85.3
2026-09-24T06:41:55.515,2415.385,32.402,-41.76,49.12,0.2652,WiFi,indoor_congested,0.484,0.1438,11.52,-78.88
2026-09-24T06:41:57.598,,,-90.41,0.0,0.0,Background,quiet_rural,,0.9981,9.76,-98.01
2026-09-24T06:41:58.144,2462.404,41.057,-21.35,69.52,0.311,WiFi,urban,0.908,0.0186,9.5,-84.57
2026-09-24T06:41:58.535,2431.476,3.076,-5.38,85.5,0.0078,UAV,urban,0.0359,0.0,8.17,-84.55
2026-09-24T06:41:59.319,2430.668,1.559,-21.69,69.19,0.7755,Generic,quiet_rural,1.169,0.0003,8.09,-100.23
2026-09-24T06:42:01.116,2412.455,4.799,-5.15,85.72,0.0046,UAV,suburban,0.0473,0.0,8.87,-91.24
2026-09-24T06:42:01.177,,,-88.84,0.0,0.0,Background,suburban,,0.9827,9.53,-90.9
2026-09-24T06:42:01.458,2412.539,21.041,-39.45,51.43,0.3902,WiFi,urban,0.4047,0.0579,9.08,-86.61
2026-09-24T06:42:01.639,2411.155,21.082,-28.07,62.8,0.1723,WiFi,suburban,0.603,0.0083,10.1,-93.76
2026-09-24T06:42:02.872,2468.035,1.271,-21.76,69.11,0.9155,Generic,suburban,1.313,0.0003,5.42,-92.8
2026-09-24T06:42:03.698,2424.838,4.143,-26.84,64.04,0.0056,UAV,urban,0.0409,0.0013,7.97,-83.49
2026-09-24T06:42:04.561,2465.961,0.369,-30.32,60.56,0.6537,Generic,quiet_rural,0.885,0.0019,4.52,-99.7
2026-09-24T06:42:04.866,,,-85.87,0.0,0.0,Background,urban,,0.9509,9.78,-85.09
2026-09-24T06:42:05.131,,,-90.5,0.0,0.0,Background,quiet_rural,,0.9989,9.69,-99.17
2026-09-24T06:42:06.974,2435.982,21.164,-15.15,75.73,0.184,WiFi,indoor_congested,0.456,0.0009,9.58,-77.57
2026-09-24T06:42:08.191,,,-90.41,0.0,0.0,Background,quiet_rural,,0.9983,10.22,-98.18
2026-09-24T06:42:08.372,2460.474,0.697,-22.38,68.5,1.922,Generic,suburban,,0.0003,5.05,-90.8
2026-09-24T06:42:08.471,2472.97,3.158,-19.87,71.0,0.0053,UAV,indoor_congested,0.0196,0.0002,7.49,-77.23
2026-09-24T06:42:10.040,2412.377,21.082,-27.2,63.68,2.0,WiFi,quiet_rural,,0.0071,9.85,-101.4
2026-09-24T06:42:10.945,2443.848,3.773,-15.46,75.42,0.0136,UAV,quiet_rural,0.0385,0.0001,8.71,-101.35
2026-09-24T06:42:11.082,,,-84.63,0.0,0.0,Background,urban,,0.9516,9.05,-83.76
2026-09-24T06:42:11.392,2447.904,1.354,-31.31,59.57,0.9825,Generic,quiet_rural,1.148,0.0025,6.67,-98.7
2026-09-24T06:42:11.678,2420.024,1.312,-20.65,70.23,2.0,Generic,suburban,,0.0002,6.93,-93.62
2026-09-24T06:42:11.749,,,-90.44,0.0,0.0,Background,quiet_rural,,0.9984,9.52,-98.35
2026-09-24T06:42:12.058,2408.509,0.369,-31.24,59.64,2.0,Generic,suburban,,0.0023,6.21,-91.24
2026-09-24T06:42:12.303,2461.638,21.041,-41.57,49.31,2.0,WiFi,quiet_rural,,0.083,9.4,-101.55
2026-09-24T06:42:13.309,2407.245,1.395,-32.45,58.43,2.0,Generic,urban,,0.0033,6.2,-85.28
2026-09-24T06:42:14.281,2418.33,0.0,-74.32,6.07,0.0,Background,indoor_congested,,0.9372,9.92,-78.61
2026-09-24T06:42:15.128,,,-85.16,0.0,0.0,Background,urban,,0.9514,9.99,-84.17
2026-09-24T06:42:16.525,,,-89.57,0.0,0.0,Background,suburban,,0.9904,9.8,-93.1
2026-09-24T06:42:16.546,,,-89.66,0.0,0.0,Background,suburban,,0.9914,9.77,-93.53
2026-09-24T06:42:17.719,2442.061,0.615,-27.13,63.75,0.7865,Generic,suburban,1.347,0.0009,5.75,-91.35
2026-09-24T06:42:18.900,2462.424,21.164,-13.67,77.21,0.332,WiFi,urban,0.5383,0.0007,9.72,-83.92
2026-09-24T06:42:20.352,2402.857,0.779,-28.56,62.32,0.899,Generic,quiet_rural,1.886,0.0013,6.85,-100.3
2026-09-24T06:42:21.094,,,-80.32,0.0,0.0,Background,indoor_congested,,0.9329,8.77,-78.41
2026-09-24T06:42:22.461,2415.498,32.197,-41.31,49.57,0.1907,WiFi,suburban,0.646,0.1335,10.5,-90.05
2026-09-24T06:42:23.949,2411.479,21.082,-25.57,65.31,0.1293,WiFi,quiet_rural,0.2531,0.0053,9.91,-99.68
2026-09-24T06:42:24.730,2444.454,3.281,-23.74,67.13,0.0145,UAV,indoor_congested,0.0377,0.0006,7.89,-78.65
2026-09-24T06:42:25.044,2460.71,1.436,-31.76,59.12,0.9645,Generic,suburban,0.36,0.0028,7.49,-93.03
2026-09-24T06:42:25.684,,,-89.01,0.0,0.0,Background,suburban,,0.9838,9.46,-91.26
2026-09-24T06:42:26.901,2436.766,21.041,-35.91,54.97,0.314,WiFi,urban,0.905,0.0317,10.29,-84.03
2026-09-24T06:42:27.487,,,-88.65,0.0,0.0,Background,suburban,,0.9807,9.51,-90.32
2026-09-24T06:42:28.294,2411.983,21.082,-25.74,65.13,0.2188,WiFi,suburban,0.3927,0.0055,10.65,-90.89
2026-09-24T06:42:28.720,2403.655,1.354,-34.79,56.08,0.89,Generic,suburban,1.611,0.0056,6.4,-90.19
2026-09-24T06:42:28.752,2477.911,0.902,-35.77,55.11,2.0,Generic,urban,,0.0067,6.57,-84.93
2026-09-24T06:42:29.328,2428.569,4.799,-15.0,75.88,0.0131,UAV,suburban,0.0142,0.0001,8.56,-93.58
2026-09-24T06:42:30.309,2415.743,33.264,-35.4,55.48,0.086,WiFi,quiet_rural,0.4957,0.0621,9.49,-99.95
2026-09-24T06:42:31.881,2406.909,0.779,-43.07,47.8,0.9235,Generic,suburban,0.39,0.035,5.31,-91.19
2026-09-24T06:42:32.677,2414.574,1.395,-46.23,44.65,1.968,Generic,indoor_congested,,0.0713,6.66,-79.7
2026-09-24T06:42:34.191,2436.167,41.057,-27.14,63.74,0.1258,WiFi,indoor_congested,0.5087,0.037,9.32,-76.11
2026-09-24T06:42:34.266,,,-89.26,0.0,0.0,Background,suburban,,0.9871,9.94,-92.0
2026-09-24T06:42:34.616,2415.21,32.361,-24.16,66.71,0.1915,WiFi,urban,0.992,0.0121,9.96,-83.77
2026-09-24T06:42:37.723,2419.815,1.066,-44.17,46.71,0.8225,Generic,indoor_congested,0.83,0.0442,6.15,-76.85
2026-09-24T06:42:37.830,2418.984,1.354,-23.3,67.57,0.882,Generic,suburban,1.346,0.0004,8.28,-92.01
2026-09-24T06:42:38.443,2463.434,1.436,-22.76,68.12,0.9025,Generic,quiet_rural,1.927,0.0004,6.87,-99.39
2026-09-24T06:42:39.450,2437.445,41.016,-41.48,49.4,2.0,WiFi,quiet_rural,,0.1969,9.8,-98.23
2026-09-24T06:42:41.228,2435.893,21.041,-40.15,50.73,0.134,WiFi,quiet_rural,0.6613,0.0652,10.0,-100.37
2026-09-24T06:42:41.726,2466.835,3.855,-15.16,75.72,0.0054,UAV,quiet_rural,0.0398,0.0001,8.36,-101.04
2026-09-24T06:42:41.877,,,-90.52,0.0,0.0,Background,quiet_rural,,0.9988,9.32,-99.24
2026-09-24T06:42:44.352,2428.343,3.938,-21.88,69.0,0.0146,UAV,indoor_congested,0.0222,0.0004,8.27,-76.29
2026-09-24T06:42:44.869,2461.504,41.057,-33.42,57.46,0.4255,WiFi,urban,0.983,0.077,9.02,-85.86
2026-09-24T06:42:45.955,2412.015,21.082,-27.3,63.58,2.0,WiFi,urban,,0.0072,9.12,-83.62
2026-09-24T06:42:46.428,,,-90.53,0.0,0.0,Background,quiet_rural,,0.9989,9.73,-99.41
2026-09-24T06:42:46.528,2448.07,4.43,-11.36,79.51,0.0077,UAV,urban,0.0173,0.0,9.18,-85.78
2026-09-24T06:42:46.605,2461.583,21.082,-29.58,61.29,0.317,WiFi,indoor_congested,0.4945,0.0107,9.99,-77.15
2026-09-24T06:42:47.414,2438.929,1.107,-43.97,46.91,0.8295,Generic,quiet_rural,1.177,0.0436,6.82,-101.79
2026-09-24T06:42:49.663,2461.137,0.984,-21.43,69.45,0.7815,Generic,urban,1.164,0.0003,6.08,-85.21
2026-09-24T06:42:49.739,2427.477,0.0,-79.21,6.35,0.0,Background,urban,,0.9531,9.76,-84.76
2026-09-24T06:42:50.976,2452.931,1.395,-39.85,51.03,0.8215,Generic,urban,0.946,0.0176,5.44,-86.31
2026-09-24T06:42:51.659,2440.439,4.102,-7.72,83.16,0.0148,UAV,suburban,0.0444,0.0,8.75,-91.44
2026-09-24T06:42:52.170,2405.857,2.215,-5.33,85.55,0.0088,UAV,quiet_rural,0.0355,0.0,6.4,-99.36
2026-09-24T06:42:52.828,,,-90.61,0.0,0.0,Background,quiet_rural,,0.9993,10.31,-100.63
2026-09-24T06:42:52.931,2438.01,41.016,-39.99,50.89,2.0,WiFi,quiet_rural,,0.1668,9.06,-98.66
2026-09-24T06:42:53.217,2408.916,0.041,-71.38,9.83,0.0,Background,indoor_congested,,0.9323,9.55,-79.52
2026-09-24T06:42:54.353,2453.931,1.6,-16.96,73.92,1.815,Generic,indoor_congested,,0.0001,6.23,-78.97
2026-09-24T06:42:55.527,2460.617,1.23,-18.86,72.02,0.947,Generic,indoor_congested,0.623,0.0001,6.68,-78.55
2026-09-24T06:42:55.690,,,-84.28,0.0,0.0,Background,urban,,0.9484,10.41,-83.12
2026-09-24T06:42:55.737,2480.114,1.354,-21.84,69.03,1.824,Generic,indoor_congested,,0.0003,6.37,-76.0
2026-09-24T06:42:56.070,,,-90.54,0.0,0.0,Background,quiet_rural,,0.999,8.78,-99.47
2026-09-24T06:42:56.213,2408.043,1.436,-23.74,67.13,0.793,Generic,suburban,0.806,0.0005,8.7,-92.66
2026-09-24T06:42:56.891,,,-89.35,0.0,0.0,Background,suburban,,0.9883,8.86,-92.38
2026-09-24T06:42:57.768,,,-90.54,0.0,0.0,Background,quiet_rural,,0.999,9.83,-99.54
2026-09-24T06:42:58.445,2436.091,1.518,-21.85,69.02,0.8625,Generic,indoor_congested,1.467,0.0003,6.79,-77.09
2026-09-24T06:42:58.446,2434.623,3.158,-7.36,83.51,0.0111,UAV,urban,0.049,0.0,7.86,-85.16
2026-09-24T06:43:02.419,,,-90.65,0.0,0.0,Background,quiet_rural,,0.9995,9.62,-101.24
2026-09-24T06:43:03.550,2427.682,0.0,-75.29,6.4,0.0,Background,indoor_congested,,0.9384,9.52,-79.96
2026-09-24T06:43:05.562,2440.713,1.395,-31.25,59.62,0.872,Generic,quiet_rural,1.201,0.0025,5.79,-100.21
2026-09-24T06:43:06.238,2419.328,1.107,-22.83,68.05,0.8015,Generic,indoor_congested,1.514,0.0003,2.71,-76.99
2026-09-24T06:43:07.841,2423.553,2.215,-11.06,79.82,0.0098,UAV,suburban,0.0389,0.0,7.48,-92.91
2026-09-24T06:43:08.146,2429.558,4.758,-8.31,82.57,0.0141,UAV,suburban,0.0207,0.0,9.58,-91.54
2026-09-24T06:43:08.548,,,-89.31,0.0,0.0,Background,suburban,,0.9881,10.25,-92.29
2026-09-24T06:43:08.893,2449.53,2.133,-28.86,62.01,0.0231,UAV,urban,0.0243,0.0016,9.26,-86.64
2026-09-24T06:43:11.900,2437.27,21.082,-40.44,50.44,0.2091,WiFi,quiet_rural,0.2416,0.0686,9.34,-101.22
2026-09-24T06:43:12.121,2462.031,41.098,-31.81,59.06,2.0,WiFi,quiet_rural,,0.064,9.32,-101.13
2026-09-24T06:43:12.194,2438.693,4.307,-24.55,66.32,0.0153,UAV,quiet_rural,0.0391,0.0008,8.7,-98.0
2026-09-24T06:43:12.372,2438.891,1.271,-35.64,55.24,0.9685,Generic,urban,0.484,0.0067,6.5,-86.41
2026-09-24T06:43:14.508,2465.55,4.717,-5.74,85.14,0.0091,UAV,quiet_rural,0.047,0.0,9.12,-101.75
2026-09-24T06:43:14.647,2418.709,0.41,-42.42,48.46,0.764,Generic,suburban,0.973,0.0295,6.51,-93.46
2026-09-24T06:43:15.340,2468.888,1.354,-31.96,58.92,2.0,Generic,suburban,,0.003,8.78,-92.14
2026-09-24T06:43:15.967,2466.371,4.307,-7.3,83.58,0.0152,UAV,quiet_rural,0.0385,0.0,8.63,-101.86
2026-09-24T06:43:16.179,2418.577,4.84,-30.99,59.89,2.0,UAV,urban,,0.0035,7.38,-86.43
2026-09-24T06:43:17.341,2452.303,3.65,-7.48,83.4,0.0058,UAV,suburban,0.0212,0.0,8.3,-91.27
2026-09-24T06:43:18.060,2453.401,4.881,-13.44,77.44,0.0022,UAV,quiet_rural,0.0286,0.0001,8.33,-101.49
2026-09-24T06:43:21.086,2462.364,41.221,-13.72,77.16,0.288,WiFi,urban,0.4452,0.0077,9.91,-83.99
2026-09-24T06:43:21.962,2469.075,2.789,-23.02,67.86,2.0,UAV,indoor_congested,,0.0005,7.24,-78.82
2026-09-24T06:43:22.139,2455.154,3.117,-31.45,59.43,0.0057,UAV,suburban,0.0158,0.0032,7.51,-92.15
2026-09-24T06:43:23.438,2436.887,41.098,-20.41,70.47,0.11,WiFi,indoor_congested,0.993,0.0168,9.83,-77.91
2026-09-24T06:43:24.344,2438.278,4.84,-18.06,72.82,0.0182,UAV,quiet_rural,0.0369,0.0002,9.36,-101.12
2026-09-24T06:43:27.002,2403.835,2.174,-14.18,76.69,0.0087,UAV,quiet_rural,0.0333,0.0001,8.94,-99.23
2026-09-24T06:43:27.916,,,-84.85,0.0,0.0,Background,urban,,0.9511,10.21,-83.88
2026-09-24T06:43:29.083,2402.933,3.322,-5.79,85.09,0.0152,UAV,quiet_rural,0.031,0.0,7.3,-101.49
2026-09-24T06:43:29.285,2435.311,0.0,-72.59,6.8,0.0,Background,indoor_congested,,0.9338,9.23,-77.42
2026-09-24T06:43:29.941,2471.954,1.477,-29.61,61.26,2.0,Generic,urban,,0.0017,6.21,-85.02
2026-09-24T06:43:30.325,2412.927,21.041,-35.34,55.54,0.1753,WiFi,urban,0.3794,0.0286,8.99,-84.1
2026-09-24T06:43:30.672,,,-89.65,0.0,0.0,Background,suburban,,0.9917,9.92,-93.59
2026-09-24T06:43:31.436,2455.792,2.666,-15.07,75.81,2.0,UAV,indoor_congested,,0.0001,8.11,-79.03
2026-09-24T06:43:32.086,,,-87.0,0.0,0.0,Background,urban,,0.9645,9.6,-86.97
2026-09-24T06:43:32.134,2434.795,1.271,-26.65,64.23,2.0,Generic,urban,,0.0009,8.17,-85.72
2026-09-24T06:43:34.385,2461.174,1.107,-26.8,64.08,0.772,Generic,indoor_congested,1.582,0.0009,4.37,-79.13
2026-09-24T06:43:35.403,2419.532,4.184,-27.04,63.83,0.0153,UAV,indoor_congested,0.0363,0.0014,7.86,-77.31
2026-09-24T06:43:35.847,2459.974,2.666,-16.72,74.15,0.0068,UAV,suburban,0.0186,0.0001,8.22,-93.32
2026-09-24T06:43:38.657,2409.601,2.051,-13.69,77.19,0.0074,UAV,indoor_congested,0.0308,0.0001,8.47,-79.98
2026-09-24T06:43:39.829,2471.001,0.328,-38.67,52.21,0.769,Generic,quiet_rural,1.268,0.0126,6.73,-99.01
2026-09-24T06:43:39.877,2451.075,0.984,-38.47,52.41,0.879,Generic,suburban,1.878,0.0126,6.03,-91.34
2026-09-24T06:43:40.691,2475.834,0.861,-20.76,70.12,0.823,Generic,quiet_rural,1.129,0.0002,7.31,-99.6
2026-09-24T06:43:40.976,2441.001,0.451,-38.53,52.35,0.891,Generic,quiet_rural,1.114,0.0124,7.03,-101.94
2026-09-24T06:43:41.910,2480.838,0.0,-72.32,6.44,0.0,Background,indoor_congested,,0.9327,10.4,-76.83
2026-09-24T06:43:43.079,,,-89.18,0.0,0.0,Background,suburban,,0.9869,9.06,-91.84
2026-09-24T06:43:43.473,2478.0,0.656,-32.56,58.32,0.857,Generic,quiet_rural,1.511,0.0032,6.31,-99.02
2026-09-24T06:43:44.193,2415.426,32.895,-26.77,64.11,0.2645,WiFi,urban,0.6533,0.0182,8.85,-83.33
2026-09-24T06:43:44.449,,,-88.51,0.0,0.0,Background,suburban,,0.9787,9.6,-90.09
2026-09-24T06:43:44.761,2433.873,0.615,-40.56,50.31,2.0,Generic,urban,,0.0197,5.36,-85.58
2026-09-24T06:43:46.893,2463.134,41.057,-33.77,57.11,0.3027,WiFi,suburban,0.878,0.0803,10.23,-93.04
2026-09-24T06:43:47.819,2415.569,32.525,-25.24,65.64,0.1296,WiFi,urban,0.2009,0.0143,10.2,-83.9
2026-09-24T06:43:48.255,2437.829,1.066,-30.47,60.4,0.9475,Generic,indoor_congested,0.271,0.002,3.84,-79.87
2026-09-24T06:43:48.747,2402.02,2.789,-7.94,82.93,0.0058,UAV,urban,0.0261,0.0,8.14,-85.47
2026-09-24T06:43:49.786,2411.713,21.041,-37.0,53.88,2.0,WiFi,quiet_rural,,0.0382,9.76,-99.37
2026-09-24T06:43:50.448,2479.844,3.568,-19.65,71.22,0.011,UAV,indoor_congested,0.047,0.0003,8.66,-77.2
2026-09-24T06:43:51.453,2436.199,21.082,-35.89,54.99,0.2175,WiFi,quiet_rural,0.861,0.0315,9.15,-101.83
2026-09-24T06:43:52.684,2415.258,32.812,-20.48,70.39,2.0,WiFi,indoor_congested,,0.0075,9.18,-79.99
2026-09-24T06:43:53.033,2443.227,2.01,-5.6,85.27,0.0026,UAV,indoor_congested,0.0174,0.0,7.52,-79.23
2026-09-24T06:43:53.762,2461.334,41.057,-25.38,65.5,0.223,WiFi,indoor_congested,0.923,0.03,12.09,-79.62
2026-09-24T06:43:54.172,,,-90.65,0.0,0.0,Background,quiet_rural,,0.9995,9.44,-101.24
2026-09-24T06:43:54.859,2436.58,21.123,-22.18,68.7,0.383,WiFi,urban,0.634,0.003,9.22,-86.86
2026-09-24T06:43:57.223,2436.467,3.896,-29.82,61.06,0.0021,UAV,indoor_congested,0.0105,0.0025,9.08,-79.67
2026-09-24T06:44:00.848,2478.239,1.518,-19.75,71.13,0.7615,Generic,suburban,0.684,0.0002,6.08,-91.17
2026-09-24T06:44:00.969,2409.282,0.615,-41.75,49.12,2.0,Generic,quiet_rural,,0.0258,6.57,-100.04
2026-09-24T06:44:01.003,2436.116,21.041,-40.98,49.9,0.323,WiFi,suburban,0.8735,0.0749,9.82,-92.88
2026-09-24T06:44:02.405,,,-90.44,0.0,0.0,Background,quiet_rural,,0.9983,10.24,-98.23
2026-09-24T06:44:02.466,,,-78.39,0.0,0.0,Background,indoor_congested,,0.9368,10.06,-76.51
2026-09-24T06:44:02.556,2462.136,41.057,-37.15,53.73,0.195,WiFi,indoor_congested,0.511,0.1198,10.01,-78.02
2026-09-24T06:44:03.974,2460.994,21.123,-22.78,68.1,0.462,WiFi,suburban,0.995,0.0033,8.86,-90.38
2026-09-24T06:44:04.599,2408.601,0.41,-29.92,60.96,0.988,Generic,quiet_rural,1.066,0.0017,6.88,-100.28
2026-09-24T06:44:06.684,2455.446,0.943,-40.15,50.72,1.527,Generic,quiet_rural,,0.0184,7.29,-99.33
2026-09-24T06:44:06.884,2436.847,41.098,-24.78,66.09,2.0,WiFi,suburban,,0.0279,10.0,-93.76
2026-09-24T06:44:07.560,2437.245,21.123,-16.91,73.97,0.3853,WiFi,urban,0.7335,0.0012,9.5,-83.74
2026-09-24T06:44:09.039,2416.188,33.715,-40.81,50.07,0.1101,WiFi,indoor_congested,0.1495,0.1336,9.14,-76.56
2026-09-24T06:44:09.273,2465.064,1.477,-18.5,72.38,0.7465,Generic,indoor_congested,0.448,0.0001,6.75,-79.98
2026-09-24T06:44:10.464,2471.66,4.184,-11.27,79.6,0.011,UAV,indoor_congested,0.0141,0.0,7.61,-76.64
2026-09-24T06:44:11.128,,,-89.46,0.0,0.0,Background,suburban,,0.9907,9.7,-92.91
2026-09-24T06:44:12.539,2471.594,1.682,-20.09,70.79,0.0126,UAV,urban,0.0425,0.0002,6.01,-85.88
2026-09-24T06:44:13.309,2478.006,0.615,-36.17,54.71,0.8515,Generic,quiet_rural,1.422,0.0073,7.74,-100.34
2026-09-24T06:44:14.168,2422.026,1.148,-38.91,51.97,0.5647,Generic,urban,0.878,0.014,6.3,-84.71
2026-09-24T06:44:14.652,2452.086,0.0,-79.01,6.42,0.0,Background,urban,,0.9504,9.68,-84.52
2026-09-24T06:44:15.048,2470.122,1.436,-27.74,63.14,0.928,Generic,indoor_congested,1.105,0.0011,7.81,-76.37
2026-09-24T06:44:16.362,,,-90.45,0.0,0.0,Background,quiet_rural,,0.9985,10.0,-98.49
2026-09-24T06:44:16.869,2470.818,0.451,-42.67,48.21,0.755,Generic,suburban,1.83,0.0312,6.27,-93.82
2026-09-24T06:44:17.261,2443.291,1.148,-46.2,44.68,1.886,Generic,urban,,0.0696,6.82,-84.31
2026-09-24T06:44:17.332,2448.723,0.0,-71.84,6.28,0.0,Background,indoor_congested,,0.9318,9.46,-76.17
2026-09-24T06:44:18.652,2462.263,41.057,-41.04,49.84,0.1155,WiFi,indoor_congested,0.6103,0.1875,9.88,-78.45
2026-09-24T06:44:19.021,2449.253,3.938,-8.45,82.43,0.0093,UAV,indoor_congested,0.0359,0.0,8.85,-76.5
2026-09-24T06:44:21.448,2461.742,41.016,-40.8,50.08,0.0784,WiFi,suburban,0.4278,0.1825,9.76,-90.64
2026-09-24T06:44:22.534,2476.578,2.707,-23.93,66.95,0.019,UAV,suburban,0.0235,0.0006,7.38,-93.65
2026-09-24T06:44:22.692,2469.235,1.23,-37.96,52.92,2.0,Generic,quiet_rural,,0.0114,6.25,-102.0
2026-09-24T06:44:22.870,2406.479,4.307,-32.07,58.81,0.0084,UAV,urban,0.0393,0.0042,8.14,-83.18
2026-09-24T06:44:23.079,2415.422,32.854,-15.48,75.4,0.0577,WiFi,quiet_rural,0.651,0.0037,10.2,-101.25
2026-09-24T06:44:23.771,2459.517,0.492,-28.44,62.43,1.507,Generic,suburban,,0.0012,5.07,-93.03
2026-09-24T06:44:25.356,2409.887,1.477,-19.6,71.27,1.738,Generic,urban,,0.0002,6.64,-83.44
2026-09-24T06:44:25.881,2423.082,5.004,-6.4,84.48,0.0142,UAV,indoor_congested,0.0354,0.0,8.86,-77.95
2026-09-24T06:44:25.959,2462.643,0.287,-43.27,47.61,1.821,Generic,suburban,,0.0354,4.77,-91.24
2026-09-24T06:44:25.994,2456.551,1.354,-44.56,46.32,2.0,Generic,indoor_congested,,0.0498,6.67,-77.51
2026-09-24T06:44:26.451,2426.756,5.004,-21.68,69.2,0.0103,UAV,indoor_congested,0.0409,0.0005,10.57,-79.4
2026-09-24T06:44:26.883,2439.599,1.518,-23.64,67.24,1.616,Generic,suburban,,0.0005,5.89,-91.28
2026-09-24T06:44:26.993,2461.446,41.098,-17.53,73.35,0.0985,WiFi,urban,0.3798,0.0119,9.61,-84.99
2026-09-24T06:44:27.314,2474.33,1.559,-27.04,63.83,0.8105,Generic,urban,0.825,0.001,6.36,-86.19
2026-09-24T06:44:27.557,2431.035,3.609,-16.0,74.87,0.0112,UAV,suburban,0.0289,0.0001,9.25,-92.99
2026-09-24T06:44:27.939,2473.433,0.041,-70.34,9.73,0.0,Background,indoor_congested,,0.9353,10.34,-78.11
2026-09-24T06:44:28.413,2445.061,1.518,-37.97,52.9,0.8235,Generic,indoor_congested,0.6,0.0117,6.67,-77.17
2026-09-24T06:44:28.770,2417.915,1.395,-22.24,68.64,0.821,Generic,suburban,1.982,0.0003,7.64,-93.78
2026-09-24T06:44:29.050,2458.818,0.615,-43.59,47.29,1.976,Generic,suburban,,0.0388,6.47,-93.59
2026-09-24T06:44:31.091,2477.889,2.42,-13.09,77.79,0.0041,UAV,quiet_rural,0.0421,0.0,8.62,-100.97
2026-09-24T06:44:32.333,,,-86.6,0.0,0.0,Background,urban,,0.9642,9.38,-86.43
2026-09-24T06:44:33.852,2438.602,1.189,-40.67,50.21,0.9825,Generic,indoor_congested,0.5,0.0206,6.7,-76.27
2026-09-24T06:44:34.332,2456.37,2.871,-25.38,65.49,0.0064,UAV,quiet_rural,0.0211,0.0008,8.91,-98.76
2026-09-24T06:44:34.611,2436.155,21.164,-19.84,71.04,0.304,WiFi,indoor_congested,0.69,0.002,10.44,-76.63
2026-09-24T06:44:35.204,2462.053,41.098,-17.86,73.02,0.3723,WiFi,indoor_congested,0.6645,0.0124,9.82,-78.54
2026-09-24T06:44:35.721,,,-90.47,0.0,0.0,Background,quiet_rural,,0.9987,10.09,-98.65
2026-09-24T06:44:36.713,2406.395,0.0,-74.98,6.52,0.0,Background,indoor_congested,,0.938,9.11,-79.79
2026-09-24T06:44:37.292,2413.5,0.943,-40.47,50.41,0.891,Generic,suburban,0.287,0.0197,7.07,-93.54
2026-09-24T06:44:37.992,2471.527,0.0,-72.41,6.11,0.0,Background,indoor_congested,,0.9282,10.04,-76.39
2026-09-24T06:44:38.026,2411.591,21.041,-37.2,53.67,0.153,WiFi,quiet_rural,0.642,0.0394,10.3,-98.19
2026-09-24T06:44:38.622,2436.245,21.164,-12.83,78.05,0.2897,WiFi,indoor_congested,0.8905,0.0006,8.77,-79.94
2026-09-24T06:44:38.918,2477.29,0.041,-70.46,9.15,0.0,Background,indoor_congested,,0.9329,8.88,-77.78
2026-09-24T06:44:40.068,2441.457,1.559,-31.63,59.25,0.0093,UAV,indoor_congested,0.0264,0.0028,9.45,-77.11
2026-09-24T06:44:40.960,,,-81.55,0.0,0.0,Background,indoor_congested,,0.9426,9.44,-79.95
2026-09-24T06:44:42.199,2458.986,2.297,-2.23,88.65,2.0,UAV,indoor_congested,,0.0,8.14,-78.49
2026-09-24T06:44:42.848,2467.936,2.502,-6.29,84.58,0.0092,UAV,suburban,0.0481,0.0,7.23,-93.52
2026-09-24T06:44:43.132,2422.3,1.436,-29.12,61.76,0.9505,Generic,urban,1.616,0.0016,6.32,-83.95
2026-09-24T06:44:48.234,,,-85.28,0.0,0.0,Background,urban,,0.9527,9.83,-84.42
2026-09-24T06:44:48.861,2454.647,1.682,-20.21,70.67,0.0138,UAV,indoor_congested,0.0259,0.0002,7.67,-77.72
2026-09-24T06:44:50.545,2415.286,32.279,-36.96,53.92,0.203,WiFi,suburban,0.83,0.073,10.92,-93.62
2026-09-24T06:44:51.134,,,-90.66,0.0,0.0,Background,quiet_rural,,0.9996,9.62,-101.55
2026-09-24T06:44:52.241,2465.468,2.789,-27.54,63.34,0.0067,UAV,urban,0.0147,0.0013,8.01,-83.07
2026-09-24T06:44:52.474,2411.812,21.041,-32.98,57.9,0.3695,WiFi,indoor_congested,0.945,0.0191,9.43,-77.77
2026-09-24T06:44:53.463,2437.428,41.098,-14.43,76.45,0.3083,WiFi,quiet_rural,0.838,0.0083,9.08,-101.67
2026-09-24T06:44:54.399,2461.552,21.164,-14.72,76.16,0.144,WiFi,urban,0.868,0.0008,10.2,-86.33
2026-09-24T06:44:54.555,,,-85.56,0.0,0.0,Background,urban,,0.9542,9.61,-84.7
2026-09-24T06:44:54.742,2443.35,3.281,-21.11,69.76,0.0058,UAV,indoor_congested,0.0415,0.0003,7.76,-78.16
2026-09-24T06:44:57.316,2438.202,21.082,-24.76,66.11,0.149,WiFi,urban,0.832,0.0047,10.26,-86.64
2026-09-24T06:44:57.732,2437.722,21.041,-36.28,54.59,0.2867,WiFi,urban,0.712,0.0338,9.3,-86.28
2026-09-24T06:44:58.027,2404.661,1.805,-25.26,65.61,0.0039,UAV,urban,0.0223,0.0007,6.96,-83.54
2026-09-24T06:44:58.453,,,-88.88,0.0,0.0,Background,suburban,,0.9831,11.51,-91.0
2026-09-24T06:44:58.589,,,-85.71,0.0,0.0,Background,urban,,0.9557,10.12,-85.0
2026-09-24T06:44:59.292,,,-90.62,0.0,0.0,Background,quiet_rural,,0.9995,9.4,-100.95
2026-09-24T06:44:59.522,2462.134,40.975,-39.28,51.59,0.422,WiFi,quiet_rural,0.7995,0.1526,10.15,-101.65
2026-09-24T06:44:59.544,2411.433,21.041,-31.89,58.99,2.0,WiFi,indoor_congested,,0.0159,11.08,-77.18
2026-09-24T06:45:00.224,2435.557,0.0,-73.13,6.38,0.0,Background,indoor_congested,,0.9309,10.95,-77.55
2026-09-24T06:45:01.371,2415.796,1.148,-27.8,63.08,0.9705,Generic,indoor_congested,0.519,0.0011,7.86,-77.33
2026-09-24T06:45:04.538,2455.984,1.066,-31.34,59.54,0.9035,Generic,indoor_congested,1.049,0.0024,4.95,-79.28
2026-09-24T06:45:05.007,2439.211,1.395,-24.23,66.64,0.909,Generic,urban,0.312,0.0005,6.17,-83.36
2026-09-24T06:45:06.680,,,-89.62,0.0,0.0,Background,suburban,,0.9906,9.88,-93.37
2026-09-24T06:45:06.864,2428.345,1.354,-43.98,46.9,0.7585,Generic,indoor_congested,0.631,0.0436,6.86,-79.97
2026-09-24T06:45:07.796,2469.616,1.682,-2.77,88.11,0.0096,UAV,suburban,0.0236,0.0,7.31,-91.08
2026-09-24T06:45:07.824,2408.158,0.0,-71.95,7.0,0.0,Background,indoor_congested,,0.9345,9.87,-76.98
2026-09-24T06:45:09.849,2439.826,4.963,-17.09,73.79,0.0197,UAV,urban,0.0292,0.0002,7.98,-84.31
2026-09-24T06:45:09.980,2462.989,41.098,-33.92,56.96,2.0,WiFi,urban,,0.0816,9.92,-83.68
2026-09-24T06:45:10.225,2473.128,1.395,-36.32,54.56,0.9015,Generic,indoor_congested,0.491,0.0079,6.84,-76.64
2026-09-24T06:45:11.317,2432.541,1.395,-23.02,67.86,1.891,Generic,urban,,0.0004,6.86,-84.93
2026-09-24T06:45:12.108,,,-86.06,0.0,0.0,Background,urban,,0.9583,9.92,-85.59
2026-09-24T06:45:13.301,2437.224,2.461,-22.24,68.64,0.0026,UAV,suburban,0.0355,0.0004,8.12,-92.9
2026-09-24T06:45:13.707,2415.459,3.938,-15.15,75.72,0.0069,UAV,suburban,0.0433,0.0001,7.83,-92.23
2026-09-24T06:45:13.946,,,-89.05,0.0,0.0,Background,suburban,,0.9849,10.01,-91.43
2026-09-24T06:45:14.141,2436.529,21.082,-19.1,71.78,2.0,WiFi,quiet_rural,,0.0018,10.13,-101.05
2026-09-24T06:45:15.220,2416.202,1.271,-39.54,51.34,2.0,Generic,urban,,0.0161,5.83,-83.3
2026-09-24T06:45:15.477,2424.038,4.348,-17.82,73.06,0.0102,UAV,quiet_rural,0.0122,0.0002,8.7,-99.21
2026-09-24T06:45:15.599,2436.192,41.139,-17.1,73.78,2.0,WiFi,urban,,0.0114,9.4,-86.99
2026-09-24T06:45:16.433,2462.1,41.016,-35.95,54.92,0.306,WiFi,urban,0.7145,0.1034,10.33,-84.93
2026-09-24T06:45:16.608,2437.966,21.082,-34.89,55.99,0.433,WiFi,urban,0.956,0.0266,9.08,-84.23
2026-09-24T06:45:16.652,2437.234,21.082,-21.01,69.86,2.0,WiFi,indoor_congested,,0.0024,8.94,-78.94
2026-09-24T06:45:16.750,2436.544,0.943,-30.86,60.02,0.8295,Generic,quiet_rural,1.556,0.0022,6.88,-101.92
2026-09-24T06:45:16.965,2472.824,1.271,-27.93,62.94,0.9495,Generic,urban,1.729,0.0011,7.11,-83.09
2026-09-24T06:45:17.210,,,-90.6,0.0,0.0,Background,quiet_rural,,0.9992,9.81,-100.29
2026-09-24T06:45:17.544,2437.509,41.057,-34.08,56.8,0.4255,WiFi,suburban,0.535,0.0836,9.21,-90.44
2026-09-24T06:45:18.715,,,-85.17,0.0,0.0,Background,urban,,0.9557,9.62,-84.33
2026-09-24T06:45:19.223,2439.075,1.477,-21.52,69.36,0.882,Generic,suburban,1.123,0.0003,8.44,-92.36
2026-09-24T06:45:21.269,2462.04,21.164,-14.06,76.82,2.0,WiFi,indoor_congested,,0.0007,9.56,-79.66
2026-09-24T06:45:23.843,2412.075,3.322,-24.32,66.55,0.0128,UAV,suburban,0.0335,0.0007,8.68,-91.72
2026-09-24T06:45:25.831,2475.096,0.533,-34.67,56.21,2.0,Generic,quiet_rural,,0.0051,5.53,-99.2
2026-09-24T06:45:25.855,2404.641,1.271,-34.8,56.08,0.8395,Generic,quiet_rural,1.397,0.0056,6.89,-100.04
2026-09-24T06:45:26.461,2441.455,5.086,-16.5,74.38,0.0155,UAV,indoor_congested,0.037,0.0002,9.31,-78.93
2026-09-24T06:45:26.636,,,-85.72,0.0,0.0,Background,urban,,0.9554,10.21,-84.95
2026-09-24T06:45:27.573,2463.676,0.902,-34.15,56.73,0.7835,Generic,quiet_rural,1.192,0.0047,6.26,-101.09
2026-09-24T06:45:29.253,,,-90.45,0.0,0.0,Background,quiet_rural,,0.9984,9.33,-98.53
2026-09-24T06:45:29.831,,,-89.25,0.0,0.0,Background,suburban,,0.9871,9.06,-92.08
2026-09-24T06:45:30.906,2437.123,21.164,-18.51,72.36,0.3333,WiFi,quiet_rural,0.718,0.0016,8.87,-101.24
2026-09-24T06:45:32.663,2461.119,2.83,-13.36,77.52,0.0169,UAV,quiet_rural,0.0479,0.0001,8.59,-100.29
2026-09-24T06:45:33.035,2402.97,1.559,-17.72,73.16,0.9915,Generic,urban,1.259,0.0001,7.91,-83.01
2026-09-24T06:45:34.429,,,-90.46,0.0,0.0,Background,quiet_rural,,0.9986,10.98,-98.62
2026-09-24T06:45:36.262,2451.7,1.846,-9.75,81.13,0.005,UAV,suburban,0.0433,0.0,7.15,-92.31
2026-09-24T06:45:39.043,2411.166,21.164,-14.9,75.98,0.211,WiFi,indoor_congested,0.968,0.0009,9.59,-78.48
2026-09-24T06:45:39.770,,,-89.77,0.0,0.0,Background,suburban,,0.9925,11.05,-93.88
2026-09-24T06:45:40.028,,,-90.47,0.0,0.0,Background,quiet_rural,,0.9986,10.03,-98.79
2026-09-24T06:45:40.381,2417.992,0.287,-43.12,47.76,0.783,Generic,quiet_rural,1.55,0.0342,6.37,-98.78
2026-09-24T06:45:40.413,2435.748,41.098,-38.41,52.47,0.0855,WiFi,quiet_rural,0.952,0.1387,9.93,-99.77
2026-09-24T06:45:40.630,2412.714,21.041,-33.2,57.68,0.4263,WiFi,indoor_congested,0.791,0.02,9.31,-76.27
2026-09-24T06:45:40.971,,,-90.43,0.0,0.0,Background,quiet_rural,,0.9985,8.93,-98.36
2026-09-24T06:45:41.678,2419.264,3.486,-18.62,72.26,0.017,UAV,urban,0.034,0.0002,7.91,-84.16
2026-09-24T06:45:41.814,2461.488,41.057,-35.05,55.83,0.3888,WiFi,suburban,0.4283,0.0935,9.62,-92.92
2026-09-24T06:45:44.326,2412.421,21.041,-29.19,61.69,0.1597,WiFi,suburban,0.2098,0.01,9.14,-90.56
2026-09-24T06:45:44.392,2430.82,4.02,-11.48,79.4,0.0156,UAV,urban,0.0414,0.0,8.12,-86.26
2026-09-24T06:45:44.710,2477.343,1.025,-34.33,56.54,0.818,Generic,urban,0.397,0.0048,5.46,-84.63
2026-09-24T06:45:45.268,,,-86.39,0.0,0.0,Background,urban,,0.9588,10.31,-85.95
2026-09-24T06:45:45.366,2465.533,1.641,-10.28,80.6,0.0073,UAV,indoor_congested,0.0322,0.0,7.32,-79.59
2026-09-24T06:45:45.689,2412.098,0.656,-35.08,55.79,2.0,Generic,urban,,0.0057,7.21,-84.05
2026-09-24T06:45:45.878,2476.818,1.23,-36.52,54.35,0.8255,Generic,indoor_congested,0.68,0.0081,4.51,-76.27
2026-09-24T06:45:46.198,2408.195,1.887,-9.54,81.33,0.0044,UAV,urban,0.0161,0.0,8.69,-84.97
2026-09-24T06:45:47.890,2441.45,1.271,-35.99,54.89,1.608,Generic,indoor_congested,,0.0072,6.31,-76.93
2026-09-24T06:45:48.655,2461.879,41.098,-20.18,70.7,2.0,WiFi,quiet_rural,,0.0163,8.81,-101.5
2026-09-24T06:45:49.647,,,-90.57,0.0,0.0,Background,quiet_rural,,0.9992,9.32,-100.03
2026-09-24T06:45:49.894,2424.163,1.477,-29.85,61.03,1.66,Generic,urban,,0.0018,7.7,-83.43
2026-09-24T06:45:50.256,2415.538,32.238,-19.57,71.3,0.3257,WiFi,quiet_rural,0.5123,0.0062,10.09,-100.25
2026-09-24T06:45:50.633,2414.758,0.861,-33.46,57.42,0.6945,Generic,suburban,1.432,0.004,7.35,-92.63
2026-09-24T06:45:50.684,2481.324,1.189,-27.04,63.84,2.0,Generic,quiet_rural,,0.0009,5.53,-98.87
2026-09-24T06:45:50.730,2412.195,21.082,-34.08,56.8,0.273,WiFi,urban,0.936,0.0231,9.05,-83.73
2026-09-24T06:45:51.058,,,-84.4,0.0,0.0,Background,urban,,0.9456,9.38,-83.16
2026-09-24T06:45:53.599,2430.084,3.773,-21.95,68.92,0.017,UAV,suburban,0.047,0.0004,10.21,-90.84
2026-09-24T06:45:54.755,2461.2,41.098,-18.38,72.5,0.445,WiFi,indoor_congested,0.5353,0.0132,10.42,-76.03
2026-09-24T06:45:54.779,2462.621,41.098,-19.43,71.44,0.1263,WiFi,indoor_congested,0.823,0.0151,9.26,-77.96
2026-09-24T06:45:54.821,2429.281,0.0,-72.68,6.3,0.0,Background,indoor_congested,,0.9297,9.37,-76.96
2026-09-24T06:45:55.834,2415.785,32.525,-22.7,68.18,0.2773,WiFi,suburban,0.7525,0.01,9.53,-93.68
2026-09-24T06:45:57.468,2446.333,1.518,-23.75,67.13,1.893,Generic,indoor_congested,,0.0005,7.06,-77.67
2026-09-24T06:46:00.579,2479.513,1.312,-32.41,58.47,0.9125,Generic,indoor_congested,1.116,0.0032,5.91,-79.86
2026-09-24T06:46:00.996,2461.495,21.082,-39.45,51.42,0.1905,WiFi,quiet_rural,0.2824,0.0582,9.93,-100.53
2026-09-24T06:46:01.030,2461.273,21.123,-21.05,69.83,0.3864,WiFi,quiet_rural,0.429,0.0025,9.9,-101.87
2026-09-24T06:46:01.638,2415.469,32.854,-27.55,63.33,0.32,WiFi,quiet_rural,0.964,0.0203,9.82,-99.34
2026-09-24T06:46:02.053,2424.602,4.922,-16.49,74.39,0.0154,UAV,suburban,0.0263,0.0002,7.7,-91.89
2026-09-24T06:46:02.218,2465.991,4.266,-15.8,75.08,0.0074,UAV,urban,0.0378,0.0001,8.32,-83.48
2026-09-24T06:46:03.053,2413.151,1.436,-37.51,53.36,2.0,Generic,indoor_congested,,0.0104,8.63,-78.26
2026-09-24T06:46:03.896,2462.87,4.348,-14.33,76.55,0.0098,UAV,suburban,0.0196,0.0001,8.51,-90.93
2026-09-24T06:46:04.494,2445.626,3.322,-6.4,84.47,0.0069,UAV,quiet_rural,0.0327,0.0,9.04,-99.27
2026-09-24T06:46:05.824,2436.65,21.164,-12.83,78.04,0.2457,WiFi,quiet_rural,0.6415,0.0006,10.66,-100.78
2026-09-24T06:46:06.237,2438.469,0.0,-78.32,6.41,0.0,Background,urban,,0.9488,9.58,-83.77
2026-09-24T06:46:06.499,,,-89.56,0.0,0.0,Background,suburban,,0.9903,9.53,-93.22
2026-09-24T06:46:10.916,2462.745,41.057,-34.13,56.74,2.0,WiFi,suburban,,0.0842,9.56,-91.49
2026-09-24T06:46:12.099,2412.038,21.164,-17.16,73.72,0.244,WiFi,quiet_rural,0.713,0.0013,9.84,-98.17
2026-09-24T06:46:12.753,2461.874,21.164,-15.25,75.63,0.1319,WiFi,suburban,0.2671,0.0009,9.74,-92.93
2026-09-24T06:46:16.387,2432.655,4.102,-25.8,65.07,0.0094,UAV,urban,0.0468,0.001,9.34,-86.79
2026-09-24T06:46:18.149,2414.838,31.91,-19.62,71.26,0.1828,WiFi,urban,0.4465,0.0061,10.0,-85.02
2026-09-24T06:46:18.993,2405.205,0.0,-72.99,6.24,0.0,Background,indoor_congested,,0.9309,9.49,-77.35
2026-09-24T06:46:20.980,2437.108,21.041,-40.65,50.23,2.0,WiFi,urban,,0.0709,9.44,-83.7
2026-09-24T06:46:21.346,2437.339,41.098,-35.44,55.43,0.193,WiFi,indoor_congested,0.2817,0.0983,9.88,-77.39
2026-09-24T06:46:21.420,2436.533,2.215,-24.46,66.42,0.0066,UAV,quiet_rural,0.0117,0.0006,7.79,-100.98
2026-09-24T06:46:22.098,2437.241,41.016,-37.67,53.21,0.1425,WiFi,indoor_congested,0.1663,0.1269,10.33,-78.23
2026-09-24T06:46:23.628,2466.571,1.23,-28.22,62.65,2.0,Generic,urban,,0.0012,7.29,-84.32
2026-09-24T06:46:25.248,2422.442,0.369,-41.56,49.32,0.9445,Generic,urban,0.632,0.0244,6.85,-86.8
2026-09-24T06:46:26.457,2437.457,21.041,-36.46,54.42,0.2707,WiFi,indoor_congested,0.6315,0.035,8.61,-76.4
2026-09-24T06:46:27.092,,,-89.58,0.0,0.0,Background,suburban,,0.9902,9.73,-93.17
2026-09-24T06:46:27.123,2461.648,1.354,-18.13,72.74,2.0,Generic,quiet_rural,,0.0001,7.36,-100.39
2026-09-24T06:46:27.818,2415.59,32.854,-29.27,61.61,0.3957,WiFi,suburban,0.8005,0.0257,10.34,-93.49
2026-09-24T06:46:27.899,2460.947,21.082,-28.05,62.82,0.292,WiFi,indoor_congested,0.3646,0.0082,9.51,-78.55
2026-09-24T06:46:28.093,,,-90.47,0.0,0.0,Background,quiet_rural,,0.9987,9.07,-98.79
2026-09-24T06:46:28.292,2401.515,1.23,-24.94,65.93,2.0,Generic,suburban,,0.0006,6.39,-93.82
2026-09-24T06:46:28.564,2449.325,2.256,-5.14,85.74,0.0045,UAV,indoor_congested,0.0261,0.0,8.59,-79.69
2026-09-24T06:46:29.316,2410.712,5.086,-25.08,65.8,2.0,UAV,suburban,,0.001,9.38,-90.71
2026-09-24T06:46:29.496,2415.613,1.189,-36.7,54.17,2.0,Generic,indoor_congested,,0.0084,5.97,-78.87
2026-09-24T06:46:32.250,,,-90.43,0.0,0.0,Background,quiet_rural,,0.9984,9.37,-98.38
2026-09-24T06:46:32.370,2412.875,1.066,-36.9,53.98,0.963,Generic,urban,1.493,0.0088,6.92,-84.96
2026-09-24T06:46:32.376,2437.216,41.139,-19.82,71.06,0.087,WiFi,quiet_rural,0.7095,0.0157,10.16,-99.3
2026-09-24T06:46:33.561,2463.074,41.016,-40.71,50.17,0.2667,WiFi,urban,0.3874,0.1809,9.13,-83.39
2026-09-24T06:46:33.781,2461.319,41.057,-28.56,62.32,2.0,WiFi,suburban,,0.0437,9.88,-93.67
2026-09-24T06:46:34.480,2412.675,21.041,-41.73,49.15,2.0,WiFi,suburban,,0.0855,8.52,-91.7
2026-09-24T06:46:34.606,2471.24,3.076,-17.94,72.93,0.003,UAV,urban,0.0277,0.0002,9.53,-83.13
2026-09-24T06:46:34.932,2413.051,0.574,-26.47,64.4,0.897,Generic,quiet_rural,0.998,0.0008,4.05,-99.17
2026-09-24T06:46:35.244,2447.625,2.092,-30.87,60.01,0.0033,UAV,urban,0.041,0.0025,7.26,-84.04
2026-09-24T06:46:36.272,2426.757,0.451,-39.89,50.98,0.572,Generic,urban,0.7805,0.0167,4.46,-84.82
2026-09-24T06:46:36.773,2412.541,21.041,-32.76,58.12,0.343,WiFi,suburban,0.399,0.0184,8.77,-90.08
2026-09-24T06:46:36.800,2462.785,21.082,-30.15,60.72,2.0,WiFi,quiet_rural,,0.0118,9.59,-101.99
2026-09-24T06:46:38.456,2435.865,41.057,-29.02,61.85,0.0954,WiFi,suburban,0.2656,0.0458,10.52,-93.62
2026-09-24T06:46:38.965,2466.609,1.559,-19.46,71.41,0.843,Generic,suburban,1.754,0.0002,7.19,-91.79
2026-09-24T06:46:39.315,2469.383,2.953,-16.18,74.7,0.0102,UAV,indoor_congested,0.0342,0.0001,9.34,-77.43
2026-09-24T06:46:40.337,2461.389,21.0,-41.34,49.54,0.3655,WiFi,quiet_rural,0.982,0.0797,9.02,-100.03
2026-09-24T06:46:41.083,,,-90.49,0.0,0.0,Background,quiet_rural,,0.9987,10.56,-98.9
2026-09-24T06:46:41.924,,,-89.55,0.0,0.0,Background,suburban,,0.9904,9.49,-93.01
2026-09-24T06:46:46.167,,,-79.51,0.0,0.0,Background,indoor_congested,,0.938,9.66,-77.64
2026-09-24T06:46:47.141,2443.299,1.395,-39.31,51.57,0.925,Generic,indoor_congested,1.934,0.0155,6.4,-78.85
2026-09-24T06:46:47.692,2437.396,41.098,-25.07,65.81,2.0,WiFi,urban,,0.0291,9.71,-83.29
2026-09-24T06:46:48.135,2415.715,32.936,-37.13,53.75,0.0523,WiFi,indoor_congested,0.5843,0.0776,9.8,-76.54
2026-09-24T06:46:48.992,2462.096,21.082,-29.91,60.97,0.392,WiFi,suburban,0.98,0.0113,9.25,-92.2
2026-09-24T06:46:50.233,2436.661,4.594,-31.51,59.37,0.0041,UAV,quiet_rural,0.0496,0.0038,8.8,-101.51
2026-09-24T06:46:50.737,2406.554,1.189,-29.61,61.27,2.0,Generic,indoor_congested,,0.0017,5.29,-76.65
2026-09-24T06:46:52.034,2441.713,0.615,-43.57,47.31,0.9935,Generic,quiet_rural,0.355,0.0386,4.73,-98.51
2026-09-24T06:46:52.599,2437.728,21.041,-39.4,51.48,0.3365,WiFi,indoor_congested,0.5177,0.0574,9.13,-78.14
2026-09-24T06:46:52.905,2436.941,41.057,-33.03,57.85,0.0627,WiFi,quiet_rural,0.5415,0.0738,9.33,-101.58
2026-09-24T06:46:54.259,2456.903,1.559,-22.71,68.16,2.0,Generic,urban,,0.0004,6.44,-85.44
2026-09-24T06:46:55.535,2431.228,2.625,-4.03,86.85,0.017,UAV,quiet_rural,0.0474,0.0,9.02,-98.12
2026-09-24T06:46:55.965,2411.918,21.082,-29.57,61.3,0.386,WiFi,suburban,0.891,0.0107,9.79,-92.59
2026-09-24T06:46:56.589,2432.747,0.041,-71.8,9.16,0.0,Background,indoor_congested,,0.9346,10.16,-79.24
2026-09-24T06:46:57.127,,,-88.98,0.0,0.0,Background,suburban,,0.9835,8.95,-91.08
2026-09-24T06:46:59.238,2437.95,41.098,-27.22,63.66,0.308,WiFi,indoor_congested,0.4365,0.0374,9.71,-78.95
2026-09-24T06:46:59.394,2444.786,1.107,-28.91,61.97,0.8525,Generic,urban,0.627,0.0014,6.13,-84.38
2026-09-24T06:47:00.872,,,-88.85,0.0,0.0,Background,suburban,,0.9819,10.01,-90.91
2026-09-24T06:47:01.561,2421.71,0.861,-43.57,47.31,0.905,Generic,suburban,1.38,0.0392,6.74,-93.75
2026-09-24T06:47:02.246,2449.379,0.0,-71.37,6.85,0.0,Background,indoor_congested,,0.9315,8.97,-76.15
2026-09-24T06:47:02.556,2455.952,2.338,-29.97,60.91,0.0157,UAV,suburban,0.029,0.0021,8.17,-92.52
2026-09-24T06:47:02.712,2461.135,1.395,-35.4,55.48,0.9415,Generic,indoor_congested,0.499,0.0064,6.85,-77.88
2026-09-24T06:47:03.125,2462.261,41.057,-34.6,56.28,2.0,WiFi,suburban,,0.0886,9.85,-93.79
2026-09-24T06:47:03.194,2431.275,3.24,-14.9,75.98,0.005,UAV,suburban,0.0151,0.0001,8.14,-92.84
2026-09-24T06:47:03.522,2477.434,0.0,-73.48,6.31,0.0,Background,indoor_congested,,0.9335,9.12,-77.96
2026-09-24T06:47:04.192,,,-90.48,0.0,0.0,Background,quiet_rural,,0.9986,10.48,-98.83
2026-09-24T06:47:05.526,,,-85.1,0.0,0.0,Background,urban,,0.9544,10.05,-84.26
2026-09-24T06:47:06.741,2462.327,41.057,-32.35,58.53,0.267,WiFi,indoor_congested,0.694,0.0684,10.84,-78.51
2026-09-24T06:47:06.923,,,-90.59,0.0,0.0,Background,quiet_rural,,0.9992,9.3,-100.17
2026-09-24T06:47:07.860,2453.219,0.492,-39.03,51.84,1.671,Generic,suburban,,0.0138,5.32,-91.32
2026-09-24T06:47:08.916,2412.448,1.477,-42.51,48.37,1.986,Generic,indoor_congested,,0.0321,7.27,-78.59
2026-09-24T06:47:09.092,2431.428,1.395,-17.39,73.49,0.953,Generic,suburban,1.515,0.0001,7.96,-92.48
2026-09-24T06:47:09.105,2468.397,0.533,-47.68,43.2,0.87,Generic,quiet_rural,1.897,0.0935,7.0,-100.37
2026-09-24T06:47:09.118,2453.427,0.861,-23.88,67.0,0.985,Generic,urban,1.337,0.0004,5.27,-86.09
2026-09-24T06:47:09.215,2463.951,3.691,-24.05,66.83,0.0054,UAV,suburban,0.0211,0.0007,8.06,-90.57
2026-09-24T06:47:09.995,2406.78,1.354,-27.44,63.44,0.896,Generic,quiet_rural,0.352,0.001,7.2,-101.57
2026-09-24T06:47:10.130,,,-90.64,0.0,0.0,Background,quiet_rural,,0.9995,9.07,-101.14
2026-09-24T06:47:10.205,2427.166,1.354,-23.17,67.7,2.0,Generic,suburban,,0.0004,6.78,-92.52
2026-09-24T06:47:10.475,2416.962,3.24,-20.11,70.77,0.0136,UAV,indoor_congested,0.0448,0.0003,8.14,-79.85
2026-09-24T06:47:10.631,2477.682,1.477,-38.6,52.28,2.0,Generic,suburban,,0.0133,5.73,-92.46
2026-09-24T06:47:10.966,,,-90.47,0.0,0.0,Background,quiet_rural,,0.9986,9.18,-98.68
2026-09-24T06:47:12.539,2457.701,0.779,-39.51,51.37,0.929,Generic,urban,1.853,0.0154,4.62,-83.83
2026-09-24T06:47:12.872,2423.542,1.189,-44.66,46.22,0.762,Generic,indoor_congested,0.999,0.0498,6.7,-79.02
2026-09-24T06:47:14.407,2412.337,21.082,-29.75,61.13,2.0,WiFi,urban,,0.011,9.54,-85.11
2026-09-24T06:47:15.098,,,-90.67,0.0,0.0,Background,quiet_rural,,0.9996,9.71,-101.79
2026-09-24T06:47:17.048,2411.881,0.984,-24.56,66.32,0.9785,Generic,urban,1.483,0.0005,6.11,-86.57
2026-09-24T06:47:17.138,,,-89.46,0.0,0.0,Background,suburban,,0.9898,9.37,-92.84
2026-09-24T06:47:18.191,2404.391,1.354,-34.01,56.87,2.0,Generic,urban,,0.0046,7.24,-85.4
2026-09-24T06:47:18.524,2411.452,21.082,-29.17,61.71,0.1737,WiFi,urban,0.7655,0.0099,9.11,-85.92
2026-09-24T06:47:18.975,,,-90.62,0.0,0.0,Background,quiet_rural,,0.9993,10.23,-100.69
2026-09-24T06:47:19.438,,,-85.45,0.0,0.0,Background,urban,,0.956,10.59,-84.79
2026-09-24T06:47:20.157,2459.852,3.65,-15.12,75.76,0.0146,UAV,quiet_rural,0.017,0.0001,8.36,-99.33
2026-09-24T06:47:20.860,,,-89.69,0.0,0.0,Background,suburban,,0.9911,9.88,-93.66
2026-09-24T06:47:20.953,2412.245,21.082,-25.16,65.72,2.0,WiFi,quiet_rural,,0.005,10.09,-99.43
2026-09-24T06:47:21.648,2419.19,3.445,-21.26,69.61,0.0147,UAV,quiet_rural,0.046,0.0004,7.14,-99.0
2026-09-24T06:47:22.074,,,-84.48,0.0,0.0,Background,urban,,0.9523,9.09,-83.58
2026-09-24T06:47:22.116,2414.204,0.943,-43.6,47.28,0.9245,Generic,suburban,1.564,0.0396,7.74,-93.98
2026-09-24T06:47:22.744,2480.849,1.312,-31.47,59.41,0.899,Generic,urban,1.107,0.0026,6.18,-84.19
2026-09-24T06:47:23.490,2449.872,0.492,-35.18,55.7,2.0,Generic,suburban,,0.0058,6.2,-92.15
2026-09-24T06:47:23.587,2438.072,21.164,-12.39,78.48,2.0,WiFi,quiet_rural,,0.0006,9.42,-98.35
2026-09-24T06:47:25.269,2409.83,1.764,-22.67,68.2,0.0045,UAV,quiet_rural,0.0141,0.0004,7.5,-98.43
2026-09-24T06:47:26.974,2420.725,2.215,-24.51,66.37,2.0,UAV,suburban,,0.0006,8.29,-90.45
2026-09-24T06:47:27.094,2476.961,3.24,-29.6,61.28,0.0064,UAV,urban,0.0412,0.0022,8.98,-85.42
2026-09-24T06:47:27.570,2478.937,4.676,-27.52,63.36,0.0116,UAV,suburban,0.0276,0.0016,8.36,-90.25
2026-09-24T06:47:28.755,2470.83,0.0,-75.13,6.4,0.0,Background,indoor_congested,,0.939,10.11,-79.88
2026-09-24T06:47:29.561,,,-89.08,0.0,0.0,Background,suburban,,0.9842,9.48,-91.39
2026-09-24T06:47:30.114,2437.209,41.057,-33.04,57.84,0.479,WiFi,indoor_congested,0.7305,0.0738,10.37,-77.44
2026-09-24T06:47:30.311,2437.651,2.912,-8.39,82.49,2.0,UAV,suburban,,0.0,8.64,-93.7
2026-09-24T06:47:30.855,2437.68,21.123,-21.74,69.14,0.3503,WiFi,quiet_rural,0.779,0.0028,9.5,-98.47
2026-09-24T06:47:31.314,2438.752,5.045,-21.7,69.18,0.0053,UAV,suburban,0.0239,0.0005,7.97,-92.87
2026-09-24T06:47:31.846,,,-89.11,0.0,0.0,Background,suburban,,0.9855,10.33,-91.63
2026-09-24T06:47:34.300,2420.627,0.0,-72.55,6.42,0.0,Background,indoor_congested,,0.9318,9.82,-76.99
2026-09-24T06:47:34.873,2416.112,0.861,-44.17,46.71,0.862,Generic,suburban,0.524,0.0446,7.04,-91.68
2026-09-24T06:47:35.453,2453.581,5.086,-13.38,77.49,0.0158,UAV,suburban,0.0284,0.0001,8.54,-90.37
2026-09-24T06:47:36.641,2404.252,1.189,-20.18,70.7,0.912,Generic,indoor_congested,0.355,0.0002,4.76,-76.46
2026-09-24T06:47:37.360,2450.834,2.912,-24.94,65.93,0.0168,UAV,suburban,0.039,0.0007,8.02,-93.68
2026-09-24T06:47:41.922,2436.429,41.139,-20.6,70.28,0.2057,WiFi,quiet_rural,0.834,0.0172,9.63,-99.4
2026-09-24T06:47:42.612,2431.769,4.225,-15.64,75.24,0.0158,UAV,quiet_rural,0.0218,0.0001,8.65,-100.02
2026-09-24T06:47:43.245,2431.794,1.271,-18.77,72.11,2.0,Generic,indoor_congested,,0.0001,5.96,-79.21
2026-09-24T06:47:43.505,2430.213,1.354,-22.26,68.62,0.862,Generic,quiet_rural,1.281,0.0003,7.98,-98.75
2026-09-24T06:47:44.591,2431.484,2.748,-28.93,61.94,0.0166,UAV,suburban,0.043,0.0018,8.4,-93.35
2026-09-24T06:47:46.579,2411.891,21.123,-22.5,68.38,0.21,WiFi,quiet_rural,0.929,0.0031,9.12,-100.6
2026-09-24T06:47:46.990,2436.616,21.123,-22.19,68.69,0.372,WiFi,quiet_rural,0.649,0.003,9.28,-99.61
2026-09-24T06:47:49.027,2402.905,4.758,-10.12,80.75,0.0066,UAV,urban,0.0297,0.0,9.02,-84.06
2026-09-24T06:47:49.269,,,-89.64,0.0,0.0,Background,suburban,,0.991,9.02,-93.44
2026-09-24T06:47:49.802,2436.008,0.0,-72.29,6.25,0.0,Background,indoor_congested,,0.9285,10.43,-76.54
2026-09-24T06:47:50.432,2412.866,21.164,-15.83,75.05,2.0,WiFi,indoor_congested,,0.001,10.01,-76.53
2026-09-24T06:47:50.642,2473.295,1.518,-22.37,68.51,0.8365,Generic,suburban,1.33,0.0003,6.81,-91.94
2026-09-24T06:47:50.782,2470.411,1.025,-42.7,48.18,2.0,Generic,urban,,0.032,6.49,-84.3
2026-09-24T06:47:51.222,,,-84.43,0.0,0.0,Background,urban,,0.9459,9.37,-83.21
2026-09-24T06:47:51.418,,,-78.39,0.0,0.0,Background,indoor_congested,,0.938,10.8,-76.44
2026-09-24T06:47:52.891,,,-90.62,0.0,0.0,Background,quiet_rural,,0.9994,9.28,-100.78
2026-09-24T06:47:54.247,2474.18,1.518,-31.89,58.99,2.0,Generic,suburban,,0.003,7.29,-93.05
2026-09-24T06:47:54.817,2448.283,2.625,-7.07,83.8,0.0025,UAV,urban,0.0426,0.0,7.59,-83.87
2026-09-24T06:47:54.873,2435.111,3.527,-21.06,69.82,0.0037,UAV,quiet_rural,0.0115,0.0003,8.64,-101.03
2026-09-24T06:47:54.925,2402.937,0.246,-45.24,45.63,1.887,Generic,suburban,,0.0544,4.79,-92.78
2026-09-24T06:47:56.508,2453.042,3.814,-26.46,64.41,0.0031,UAV,indoor_congested,0.0327,0.0012,7.81,-77.87
2026-09-24T06:47:56.618,,,-90.64,0.0,0.0,Background,quiet_rural,,0.9995,9.4,-101.16
2026-09-24T06:47:57.445,,,-90.63,0.0,0.0,Background,quiet_rural,,0.9994,10.06,-100.88
2026-09-24T06:47:58.752,2461.326,41.057,-38.0,52.88,0.0692,WiFi,indoor_congested,0.4252,0.1324,9.5,-78.98
2026-09-24T06:48:01.328,2402.12,1.6,-22.99,67.89,0.0056,UAV,urban,0.0194,0.0004,7.65,-83.63
2026-09-24T06:48:01.539,2414.948,31.91,-20.44,70.43,0.469,WiFi,indoor_congested,0.6705,0.0068,10.25,-77.72
2026-09-24T06:48:02.531,2457.432,0.41,-44.46,46.42,0.9055,Generic,urban,1.014,0.0464,6.03,-85.31
2026-09-24T06:48:02.584,2468.096,1.271,-32.23,58.65,2.0,Generic,indoor_congested,,0.0031,6.61,-77.14
2026-09-24T06:48:03.072,2408.056,4.43,-13.95,76.93,0.0035,UAV,indoor_congested,0.0488,0.0001,9.22,-78.14
2026-09-24T06:48:03.637,,,-89.74,0.0,0.0,Background,suburban,,0.9916,10.12,-93.83
2026-09-24T06:48:05.050,2436.346,41.057,-32.67,58.21,0.3312,WiFi,suburban,0.4093,0.0707,11.14,-93.84
2026-09-24T06:48:06.091,2411.603,21.082,-27.31,63.56,0.4803,WiFi,indoor_congested,0.692,0.0072,9.96,-76.69
2026-09-24T06:48:07.993,2462.738,41.098,-15.89,74.98,0.2824,WiFi,quiet_rural,0.4725,0.0099,10.4,-101.01
2026-09-24T06:48:09.398,2444.863,2.789,-12.06,78.82,2.0,UAV,quiet_rural,,0.0,8.75,-98.93
2026-09-24T06:48:09.979,2437.494,1.025,-37.5,53.38,0.992,Generic,suburban,1.975,0.0102,6.17,-90.93
2026-09-24T06:48:10.470,2480.643,1.477,-18.31,72.56,0.642,Generic,indoor_congested,0.881,0.0001,7.11,-76.41
2026-09-24T06:48:10.778,2462.862,41.098,-21.73,69.15,0.17,WiFi,urban,0.3854,0.0196,9.41,-86.26
2026-09-24T06:48:11.283,2469.552,3.404,-3.77,87.11,0.0113,UAV,urban,0.0337,0.0,8.61,-83.25
2026-09-24T06:48:13.105,,,-89.02,0.0,0.0,Background,suburban,,0.9854,9.49,-91.42
2026-09-24T06:48:15.183,2412.729,21.123,-20.09,70.79,2.0,WiFi,suburban,,0.0021,9.36,-90.1
2026-09-24T06:48:15.273,2451.197,3.609,-2.93,87.95,0.0196,UAV,quiet_rural,0.041,0.0,8.06,-98.92
2026-09-24T06:48:16.220,2436.931,21.164,-15.48,75.4,0.1517,WiFi,indoor_congested,0.9375,0.0009,9.7,-78.53
2026-09-24T06:48:16.497,2437.146,41.057,-34.43,56.45,0.1327,WiFi,urban,0.9035,0.0868,9.56,-84.79
2026-09-24T06:48:16.995,2436.939,41.098,-28.07,62.81,0.0994,WiFi,indoor_congested,0.1134,0.0412,9.3,-79.76
2026-09-24T06:48:17.018,2438.763,0.287,-38.95,51.93,0.9265,Generic,quiet_rural,0.381,0.0134,5.84,-101.08
2026-09-24T06:48:18.143,2437.305,41.098,-22.51,68.37,0.1343,WiFi,suburban,0.83,0.0216,9.63,-93.46
2026-09-24T06:48:20.728,,,-90.63,0.0,0.0,Background,quiet_rural,,0.9995,8.91,-100.96
2026-09-24T06:48:20.994,2437.294,21.041,-34.44,56.44,2.0,WiFi,quiet_rural,,0.0246,9.1,-98.79
2026-09-24T06:48:21.221,2476.294,2.215,-29.13,61.75,0.0096,UAV,quiet_rural,0.0491,0.0018,8.08,-101.58
2026-09-24T06:48:21.288,2467.475,0.984,-22.9,67.97,2.0,Generic,urban,,0.0003,5.51,-83.31
2026-09-24T06:48:22.601,2415.214,32.32,-34.89,55.98,2.0,WiFi,indoor_congested,,0.0548,9.4,-79.77
2026-09-24T06:48:24.266,2465.713,1.436,-37.47,53.41,2.0,Generic,indoor_congested,,0.0103,9.03,-78.82
2026-09-24T06:48:24.327,,,-89.59,0.0,0.0,Background,suburban,,0.9903,9.72,-93.18
2026-09-24T06:48:24.336,2410.231,1.559,-20.48,70.39,2.0,Generic,urban,,0.0002,7.93,-85.97
2026-09-24T06:48:27.381,2433.912,3.609,-30.49,60.38,0.0026,UAV,quiet_rural,0.0449,0.0028,9.08,-101.01
2026-09-24T06:48:27.745,2453.421,3.281,-4.12,86.75,0.0138,UAV,urban,0.0478,0.0,8.28,-85.94
2026-09-24T06:48:28.045,2455.224,2.707,-19.1,71.78,0.0043,UAV,suburban,0.0264,0.0002,6.59,-91.76
2026-09-24T06:48:29.198,2411.774,21.082,-26.34,64.54,2.0,WiFi,urban,,0.0061,9.26,-85.92
2026-09-24T06:48:30.723,2444.192,1.354,-28.53,62.35,0.985,Generic,urban,1.472,0.0014,8.29,-84.86
2026-09-24T06:48:31.296,2416.529,2.256,-26.11,64.77,0.0119,UAV,urban,0.0337,0.0009,7.47,-83.13
2026-09-24T06:48:33.380,2460.621,4.02,-5.67,85.21,0.0051,UAV,suburban,0.0307,0.0,8.17,-90.2
2026-09-24T06:48:35.030,2432.891,0.0,-73.75,6.86,0.0,Background,indoor_congested,,0.9328,9.59,-78.74
2026-09-24T06:48:35.309,2452.382,0.697,-40.77,50.11,0.9355,Generic,quiet_rural,0.979,0.0208,5.6,-99.66
2026-09-24T06:48:35.572,,,-89.38,0.0,0.0,Background,suburban,,0.9897,9.55,-92.57
2026-09-24T06:48:35.600,2424.254,1.518,-30.15,60.73,0.934,Generic,indoor_congested,1.264,0.002,6.1,-78.03
2026-09-24T06:48:35.643,2419.93,0.0,-74.11,6.46,0.0,Background,indoor_congested,,0.938,10.19,-78.87
2026-09-24T06:48:36.315,,,-81.6,0.0,0.0,Background,indoor_congested,,0.9396,10.39,-79.97
2026-09-24T06:48:36.522,2462.385,41.057,-31.18,59.7,0.1862,WiFi,suburban,0.2681,0.0595,9.69,-92.44
2026-09-24T06:48:36.757,2437.181,41.057,-41.26,49.62,0.0951,WiFi,urban,0.2092,0.1926,9.81,-83.39
2026-09-24T06:48:36.807,2436.284,41.098,-20.25,70.63,2.0,WiFi,indoor_congested,,0.0165,8.97,-79.37
2026-09-24T06:48:37.690,2421.617,0.41,-29.61,61.27,2.0,Generic,suburban,,0.0016,5.05,-93.43
2026-09-24T06:48:37.971,,,-90.51,0.0,0.0,Background,quiet_rural,,0.9988,9.47,-99.17
2026-09-24T06:48:39.172,2415.36,32.197,-41.39,49.49,0.4213,WiFi,quiet_rural,0.7745,0.135,9.53,-99.26
2026-09-24T06:48:39.853,2442.442,1.395,-19.41,71.47,1.696,Generic,urban,,0.0002,6.9,-86.01
2026-09-24T06:48:40.097,2421.285,2.092,-6.76,84.12,0.0125,UAV,suburban,0.0205,0.0,8.53,-91.26
2026-09-24T06:48:41.130,2462.981,41.18,-16.94,73.94,0.3277,WiFi,urban,0.8115,0.0112,9.44,-84.58
2026-09-24T06:48:41.337,2471.425,4.184,-6.27,84.61,0.0164,UAV,quiet_rural,0.0275,0.0,8.89,-100.03
2026-09-24T06:48:41.448,2437.927,21.082,-35.92,54.96,2.0,WiFi,suburban,,0.0317,9.75,-90.27
2026-09-24T06:48:42.491,2434.51,4.553,-10.75,80.13,0.0158,UAV,indoor_congested,0.0211,0.0,7.86,-79.59
2026-09-24T06:48:42.856,2483.217,0.0,-73.95,6.43,0.0,Background,indoor_congested,,0.9377,9.94,-78.65
2026-09-24T06:48:43.839,2436.514,21.164,-13.51,77.37,2.0,WiFi,quiet_rural,,0.0007,9.5,-101.35
2026-09-24T06:48:44.579,,,-89.19,0.0,0.0,Background,suburban,,0.9869,11.1,-91.87
2026-09-24T06:48:47.607,2456.338,0.656,-36.12,54.76,1.728,Generic,quiet_rural,,0.0072,5.12,-100.09
2026-09-24T06:48:49.539,2436.886,41.057,-36.66,54.22,0.287,WiFi,suburban,0.3662,0.113,10.17,-92.23
2026-09-24T06:48:50.288,2438.206,1.025,-43.14,47.74,1.809,Generic,suburban,,0.0359,7.36,-90.72
2026-09-24T06:48:50.344,2410.753,0.287,-35.48,55.4,0.8775,Generic,suburban,1.237,0.0061,3.9,-93.68
2026-09-24T06:48:50.730,2478.708,1.189,-35.52,55.35,0.781,Generic,suburban,1.316,0.0065,6.78,-90.42
2026-09-24T06:48:50.734,2441.509,2.871,-21.22,69.66,0.0065,UAV,urban,0.0488,0.0003,10.57,-86.13
2026-09-24T06:48:52.206,2403.455,1.436,-17.01,73.87,0.987,Generic,suburban,1.072,0.0001,8.67,-93.74
2026-09-24T06:48:52.464,2419.568,1.559,-28.92,61.95,0.753,Generic,indoor_congested,0.534,0.0015,8.59,-78.2
2026-09-24T06:48:57.318,2443.113,1.887,-2.42,88.46,0.0048,UAV,quiet_rural,0.0376,0.0,10.0,-99.03
2026-09-24T06:48:57.743,,,-90.56,0.0,0.0,Background,quiet_rural,,0.9992,9.33,-99.9
2026-09-24T06:48:57.791,,,-90.68,0.0,0.0,Background,quiet_rural,,0.9996,9.84,-102.0
2026-09-24T06:48:58.449,,,-89.59,0.0,0.0,Background,suburban,,0.9915,10.0,-93.31
2026-09-24T06:48:58.674,2412.866,21.082,-26.62,64.25,0.3013,WiFi,indoor_congested,0.8085,0.0064,10.45,-79.66
2026-09-24T06:49:00.467,2411.706,0.738,-22.88,68.0,0.797,Generic,urban,0.419,0.0004,6.35,-84.72
2026-09-24T06:49:00.565,2433.445,0.041,-69.03,9.25,0.0,Background,indoor_congested,,0.9312,9.68,-76.22
2026-09-24T06:49:01.830,2460.921,21.082,-36.35,54.52,0.3385,WiFi,urban,0.489,0.0342,9.07,-85.22
2026-09-24T06:49:04.178,2424.526,1.846,-21.89,68.99,0.005,UAV,quiet_rural,0.0418,0.0003,9.15,-98.46
2026-09-24T06:49:04.754,,,-90.67,0.0,0.0,Background,quiet_rural,,0.9996,9.76,-101.81
2026-09-24T06:49:05.462,2437.07,41.057,-32.34,58.53,0.3574,WiFi,indoor_congested,0.4042,0.0682,9.8,-78.03
2026-09-24T06:49:05.498,,,-90.62,0.0,0.0,Background,quiet_rural,,0.9994,9.13,-100.79
2026-09-24T06:49:07.986,2421.732,3.035,-23.41,67.47,0.0091,UAV,indoor_congested,0.0278,0.0005,7.75,-79.3
2026-09-24T06:49:08.631,2411.973,4.266,-28.12,62.76,0.0076,UAV,quiet_rural,0.0487,0.0018,8.88,-99.84
2026-09-24T06:49:09.500,2457.141,1.436,-42.65,48.23,2.0,Generic,urban,,0.0328,8.6,-83.35
2026-09-24T06:49:09.680,,,-85.39,0.0,0.0,Background,urban,,0.9534,10.26,-84.58
2026-09-24T06:49:10.336,2462.521,41.098,-28.81,62.07,0.3908,WiFi,urban,0.3862,0.0453,8.77,-86.57
2026-09-24T06:49:11.401,2478.09,0.0,-72.96,6.67,0.0,Background,indoor_congested,,0.9347,9.83,-77.75
2026-09-24T06:49:11.874,,,-85.53,0.0,0.0,Background,urban,,0.9579,9.68,-84.87
2026-09-24T06:49:12.435,2415.215,31.91,-29.48,61.4,0.1006,WiFi,quiet_rural,0.486,0.0247,9.74,-98.17
2026-09-24T06:49:12.696,2450.812,0.697,-33.42,57.46,0.987,Generic,suburban,0.094,0.0039,4.76,-91.39
2026-09-24T06:49:14.491,2461.353,0.82,-26.56,64.32,0.8695,Generic,suburban,1.449,0.0008,5.93,-90.48
2026-09-24T06:49:14.885,2436.955,41.057,-28.99,61.89,0.1808,WiFi,suburban,0.5343,0.046,9.45,-90.05
2026-09-24T06:49:16.341,,,-90.49,0.0,0.0,Background,quiet_rural,,0.9986,8.68,-98.79
2026-09-24T06:49:19.167,2461.083,41.139,-15.23,75.65,2.0,WiFi,urban,,0.0091,10.13,-85.42
2026-09-24T06:49:19.529,2477.41,2.338,-3.26,87.61,0.0192,UAV,suburban,0.041,0.0,7.19,-91.33
2026-09-24T06:49:20.093,2413.57,1.148,-46.64,44.24,2.0,Generic,indoor_congested,,0.0762,7.3,-76.04
2026-09-24T06:49:20.099,2420.087,1.107,-41.7,49.18,0.806,Generic,urban,1.145,0.0262,6.39,-83.85
2026-09-24T06:49:20.283,2441.027,0.984,-34.76,56.12,0.8485,Generic,quiet_rural,0.798,0.0054,6.01,-98.5
2026-09-24T06:49:20.863,2436.144,21.164,-17.7,73.18,0.158,WiFi,suburban,0.6603,0.0014,8.72,-90.39
2026-09-24T06:49:21.414,2461.271,41.139,-16.2,74.68,0.3843,WiFi,indoor_congested,0.8235,0.0102,10.16,-77.07
2026-09-24T06:49:21.886,2403.972,2.543,-20.83,70.05,0.0168,UAV,quiet_rural,0.0413,0.0003,9.05,-100.3
2026-09-24T06:49:22.943,,,-90.48,0.0,0.0,Background,quiet_rural,,0.9987,9.51,-98.86
2026-09-24T06:49:23.807,2461.644,41.18,-15.48,75.4,0.1777,WiFi,quiet_rural,0.4487,0.0095,10.06,-99.08
2026-09-24T06:49:24.345,2438.369,1.107,-44.97,45.91,2.0,Generic,indoor_congested,,0.0529,6.2,-79.05
2026-09-24T06:49:24.620,2421.777,0.779,-31.94,58.94,0.8925,Generic,urban,1.988,0.0028,5.85,-83.67
2026-09-24T06:49:24.876,2428.625,0.0,-74.43,6.13,0.0,Background,indoor_congested,,0.9398,10.76,-78.77
2026-09-24T06:49:25.028,2472.164,3.773,-24.7,66.18,0.0151,UAV,indoor_congested,0.0342,0.0008,8.31,-77.98
2026-09-24T06:49:25.732,2462.279,21.082,-23.28,67.6,0.1113,WiFi,suburban,0.7425,0.0036,9.63,-91.16
2026-09-24T06:49:26.599,2446.773,1.682,-18.18,72.69,0.0167,UAV,suburban,0.0185,0.0001,7.19,-93.51
2026-09-24T06:49:26.658,2423.683,3.609,-4.72,86.15,0.0083,UAV,quiet_rural,0.0281,0.0,8.71,-100.84
2026-09-24T06:49:28.113,2453.968,0.697,-47.81,43.06,2.0,Generic,urban,,0.0965,6.99,-86.56
2026-09-24T06:49:28.525,,,-90.46,0.0,0.0,Background,quiet_rural,,0.9985,9.45,-98.43
2026-09-24T06:49:30.678,2441.043,1.436,-26.93,63.95,0.8875,Generic,urban,0.712,0.0009,7.29,-85.52
2026-09-24T06:49:31.066,2429.076,0.0,-72.09,6.96,0.0,Background,indoor_congested,,0.9356,9.43,-77.12
2026-09-24T06:49:31.885,2436.352,41.016,-38.34,52.54,0.188,WiFi,urban,0.6335,0.1369,8.9,-85.08
2026-09-24T06:49:32.432,2437.755,21.082,-27.49,63.39,0.078,WiFi,indoor_congested,0.616,0.0074,10.19,-78.76
2026-09-24T06:49:32.883,2441.838,5.127,-18.09,72.79,0.0073,UAV,suburban,0.021,0.0002,10.15,-91.63
2026-09-24T06:49:33.311,,,-85.11,0.0,0.0,Background,urban,,0.9551,9.64,-84.23
2026-09-24T06:49:33.362,2464.851,0.574,-31.02,59.86,2.0,Generic,suburban,,0.0022,5.36,-91.62
2026-09-24T06:49:33.600,2434.985,4.963,-25.98,64.9,0.0027,UAV,indoor_congested,0.0165,0.0012,8.86,-79.44
2026-09-24T06:49:34.228,,,-90.64,0.0,0.0,Background,quiet_rural,,0.9995,9.43,-101.22
2026-09-24T06:49:35.853,2467.255,2.502,-7.68,83.2,2.0,UAV,suburban,,0.0,8.6,-90.0
2026-09-24T06:49:36.204,2436.484,41.098,-31.84,59.04,0.2454,WiFi,urban,0.4345,0.0645,11.36,-84.33
2026-09-24T06:49:36.797,2415.135,32.361,-24.94,65.94,2.0,WiFi,indoor_congested,,0.0134,11.33,-79.58
2026-09-24T06:49:37.653,2438.022,3.691,-15.86,75.02,0.0137,UAV,urban,0.0282,0.0001,8.69,-86.71
2026-09-24T06:49:38.058,,,-86.09,0.0,0.0,Background,urban,,0.9589,9.97,-85.6
2026-09-24T06:49:38.510,2452.148,0.041,-68.89,9.39,0.0,Background,indoor_congested,,0.9325,9.2,-76.34
2026-09-24T06:49:39.009,2416.111,33.387,-21.7,69.17,0.3132,WiFi,suburban,0.4627,0.0094,9.43,-91.37
2026-09-24T06:49:40.202,2474.675,1.436,-28.82,62.06,1.972,Generic,suburban,,0.0014,5.47,-92.69
2026-09-24T06:49:40.602,2438.019,41.057,-23.17,67.71,0.239,WiFi,indoor_congested,0.954,0.0232,9.97,-79.48
2026-09-24T06:49:41.640,2462.574,21.041,-27.71,63.16,2.0,WiFi,urban,,0.0078,8.76,-86.45
2026-09-24T06:49:42.415,2414.965,32.074,-18.77,72.11,2.0,WiFi,quiet_rural,,0.0054,9.11,-101.64
2026-09-24T06:49:42.778,2415.488,32.854,-38.24,52.64,2.0,WiFi,suburban,,0.09,10.49,-90.65
2026-09-24T06:49:43.806,2474.273,1.271,-36.28,54.6,0.7935,Generic,quiet_rural,0.729,0.0078,8.04,-99.71
2026-09-24T06:49:43.936,2479.115,0.0,-72.36,6.74,0.0,Background,indoor_congested,,0.9327,10.54,-77.25
2026-09-24T06:49:44.208,2436.748,21.082,-24.28,66.59,2.0,WiFi,quiet_rural,,0.0043,8.83,-100.44
2026-09-24T06:49:44.509,2436.759,21.205,-13.63,77.25,0.0565,WiFi,suburban,0.1483,0.0007,9.24,-92.47
2026-09-24T06:49:44.849,2437.799,21.041,-38.11,52.77,0.1595,WiFi,urban,0.3678,0.0461,9.16,-86.74
2026-09-24T06:49:44.894,2478.808,1.354,-24.56,66.32,0.9385,Generic,indoor_congested,0.964,0.0005,7.05,-78.88
2026-09-24T06:49:45.399,2436.269,41.18,-14.37,76.51,2.0,WiFi,indoor_congested,,0.0083,9.56,-79.9
2026-09-24T06:49:45.936,2415.463,32.279,-22.02,68.86,0.159,WiFi,quiet_rural,0.936,0.0088,9.22,-99.32
2026-09-24T06:49:46.140,2421.983,0.779,-34.29,56.59,0.889,Generic,suburban,1.385,0.0048,6.77,-92.04
2026-09-24T06:49:48.231,,,-86.16,0.0,0.0,Background,urban,,0.9585,9.03,-85.76
2026-09-24T06:49:48.427,2475.098,0.82,-44.05,46.82,0.777,Generic,urban,1.382,0.0433,6.39,-85.13
2026-09-24T06:49:48.509,2411.848,21.164,-17.28,73.6,2.0,WiFi,suburban,,0.0013,9.25,-91.57
2026-09-24T06:49:51.382,2419.682,2.42,-30.59,60.28,0.005,UAV,urban,0.0347,0.0025,8.11,-83.68
2026-09-24T06:49:52.806,2472.78,4.512,-18.03,72.85,0.0059,UAV,urban,0.0454,0.0002,9.66,-84.98
2026-09-24T06:49:53.761,2457.126,0.656,-17.09,73.79,2.0,Generic,quiet_rural,,0.0001,4.48,-101.12
2026-09-24T06:49:54.656,2462.859,41.098,-18.15,72.73,0.0673,WiFi,urban,0.7655,0.0129,10.06,-85.74
2026-09-24T06:49:54.824,2461.841,41.057,-24.31,66.56,0.0707,WiFi,suburban,0.7455,0.0265,10.13,-93.87
2026-09-24T06:49:55.223,,,-84.59,0.0,0.0,Background,urban,,0.9487,9.47,-83.49
2026-09-24T06:49:55.359,2462.004,1.354,-23.35,67.53,2.0,Generic,urban,,0.0004,6.87,-86.0
2026-09-24T06:49:55.666,2437.356,21.164,-14.73,76.15,2.0,WiFi,quiet_rural,,0.0008,10.69,-99.47
2026-09-24T06:49:57.648,2461.733,41.18,-14.55,76.33,0.1862,WiFi,indoor_congested,0.5243,0.0084,9.52,-77.97
2026-09-24T06:49:58.452,2431.577,1.641,-30.51,60.36,0.0028,UAV,suburban,0.0124,0.0022,8.15,-91.84
2026-09-24T06:49:58.821,2460.156,3.322,-3.24,87.64,0.0184,UAV,suburban,0.0451,0.0,7.76,-92.63
2026-09-24T06:49:59.259,2415.398,32.936,-14.12,76.75,2.0,WiFi,indoor_congested,,0.0031,9.35,-79.52
2026-09-24T06:50:00.854,2467.838,0.902,-23.32,67.56,2.0,Generic,suburban,,0.0004,5.8,-93.12
2026-09-24T06:50:01.401,2463.278,2.83,-9.68,81.2,0.015,UAV,urban,0.0232,0.0,7.58,-83.25
2026-09-24T06:50:02.530,,,-84.33,0.0,0.0,Background,urban,,0.95,9.26,-83.11
2026-09-24T06:50:02.888,2459.928,5.127,-20.51,70.37,0.0141,UAV,urban,0.0244,0.0004,8.56,-86.57
2026-09-24T06:50:03.086,2404.386,1.518,-19.19,71.68,1.938,Generic,indoor_congested,,0.0002,5.6,-78.69
2026-09-24T06:50:03.225,2447.259,2.994,-23.9,66.97,0.0066,UAV,urban,0.0156,0.0006,8.86,-86.39
2026-09-24T06:50:03.708,2428.588,1.189,-29.21,61.67,0.908,Generic,suburban,1.151,0.0015,8.48,-92.7
2026-09-24T06:50:04.112,,,-89.54,0.0,0.0,Background,suburban,,0.9904,9.54,-93.08
2026-09-24T06:50:04.742,2477.272,0.451,-45.32,45.56,0.845,Generic,quiet_rural,1.294,0.0559,6.4,-100.91
2026-09-24T06:50:04.877,,,-88.86,0.0,0.0,Background,suburban,,0.9822,9.39,-90.84
2026-09-24T06:50:05.623,2462.692,41.057,-23.07,67.8,0.1165,WiFi,suburban,0.903,0.0229,9.71,-93.51
2026-09-24T06:50:05.991,,,-89.09,0.0,0.0,Background,suburban,,0.986,9.76,-91.57
2026-09-24T06:50:06.486,2455.655,4.963,-22.88,68.0,0.0091,UAV,quiet_rural,0.0153,0.0006,8.31,-99.13
2026-09-24T06:50:06.677,2467.014,1.148,-45.91,44.97,0.8635,Generic,indoor_congested,1.82,0.0649,5.48,-77.29
2026-09-24T06:50:06.966,2456.998,0.943,-18.12,72.75,2.0,Generic,urban,,0.0001,3.41,-83.99
2026-09-24T06:50:09.713,2432.026,2.707,-15.23,75.65,0.0098,UAV,indoor_congested,0.0374,0.0001,7.21,-76.08
2026-09-24T06:50:10.039,2437.258,41.139,-15.01,75.86,0.0574,WiFi,urban,0.3945,0.0089,11.03,-86.16
2026-09-24T06:50:11.243,2439.968,2.256,-20.46,70.41,0.0445,UAV,indoor_congested,0.0454,0.0003,7.99,-79.34
2026-09-24T06:50:12.591,,,-85.88,0.0,0.0,Background,urban,,0.9538,12.31,-85.21
2026-09-24T06:50:14.919,2439.986,0.0,-74.41,6.3,0.0,Background,indoor_congested,,0.9353,9.81,-79.02
2026-09-24T06:50:16.291,2421.201,0.0,-72.15,6.12,0.0,Background,indoor_congested,,0.9334,8.98,-76.31
2026-09-24T06:50:17.104,2456.6,0.738,-41.2,49.68,0.832,Generic,suburban,1.181,0.023,6.35,-92.11
2026-09-24T06:50:17.737,2410.376,3.035,-3.87,87.0,0.0074,UAV,indoor_congested,0.0391,0.0,7.66,-78.34
2026-09-24T06:50:18.140,2406.764,0.0,-71.69,6.93,0.0,Background,indoor_congested,,0.927,10.03,-76.52
2026-09-24T06:50:18.881,2462.413,41.18,-14.02,76.85,2.0,WiFi,indoor_congested,,0.008,9.92,-76.97
2026-09-24T06:50:19.469,2456.442,1.477,-27.77,63.11,2.0,Generic,urban,,0.0012,7.04,-83.44
2026-09-24T06:50:20.090,2466.212,1.148,-37.49,53.39,0.988,Generic,indoor_congested,1.018,0.0099,7.55,-77.51
2026-09-24T06:50:20.719,,,-88.65,0.0,0.0,Background,suburban,,0.9812,10.96,-90.52
2026-09-24T06:50:21.968,2462.303,41.057,-28.1,62.78,0.2283,WiFi,quiet_rural,0.824,0.0415,9.23,-101.51
2026-09-24T06:50:22.513,,,-89.25,0.0,0.0,Background,suburban,,0.9881,9.02,-92.02
2026-09-24T06:50:23.266,,,-89.04,0.0,0.0,Background,suburban,,0.9848,9.51,-91.47
2026-09-24T06:50:24.422,2462.745,21.164,-14.34,76.54,0.0536,WiFi,quiet_rural,0.4365,0.0008,9.55,-101.64
2026-09-24T06:50:25.766,2451.843,2.42,-29.22,61.66,0.0047,UAV,suburban,0.0129,0.0018,7.55,-93.88
2026-09-24T06:50:26.297,2461.609,21.041,-33.43,57.45,0.0402,WiFi,indoor_congested,0.5823,0.0206,10.51,-77.45
2026-09-24T06:50:27.039,2445.671,4.881,-17.74,73.13,0.0027,UAV,suburban,0.0145,0.0002,9.22,-93.02
2026-09-24T06:50:28.000,2463.468,3.322,-22.3,68.58,0.0183,UAV,suburban,0.0379,0.0004,8.74,-93.61
2026-09-24T06:50:28.191,2462.938,21.164,-13.76,77.12,0.2192,WiFi,quiet_rural,0.4085,0.0007,9.03,-99.38
2026-09-24T06:50:28.288,2437.056,41.139,-12.46,78.42,0.3515,WiFi,suburban,0.559,0.0066,9.56,-90.24
2026-09-24T06:50:29.294,2462.276,41.098,-23.6,67.27,0.0813,WiFi,quiet_rural,0.9505,0.0244,9.47,-100.75
2026-09-24T06:50:29.821,2410.004,0.0,-74.8,6.91,0.0,Background,indoor_congested,,0.9364,10.41,-79.96
2026-09-24T06:50:31.400,2405.347,1.395,-27.21,63.67,1.912,Generic,suburban,,0.001,7.06,-90.38
2026-09-24T06:50:31.410,2453.274,0.369,-39.95,50.93,0.972,Generic,suburban,1.306,0.0169,6.12,-92.87
2026-09-24T06:50:32.532,2418.498,0.902,-45.03,45.84,0.9415,Generic,urban,1.457,0.0532,4.81,-83.56
2026-09-24T06:50:32.615,2430.429,0.779,-45.86,45.02,1.961,Generic,suburban,,0.0644,7.17,-91.15
2026-09-24T06:50:33.650,2409.963,0.0,-72.36,7.22,0.0,Background,indoor_congested,,0.9356,9.5,-77.74
2026-09-24T06:50:33.719,2473.927,2.502,-5.34,85.54,0.0615,UAV,suburban,0.0644,0.0,8.27,-91.88
2026-09-24T06:50:33.815,2473.578,0.0,-73.29,6.55,0.0,Background,indoor_congested,,0.9351,9.49,-77.98
2026-09-24T06:50:34.124,2468.58,1.354,-25.15,65.73,2.0,Generic,indoor_congested,,0.0006,8.15,-76.05
2026-09-24T06:50:34.157,2421.912,0.738,-33.54,57.34,2.0,Generic,urban,,0.004,4.01,-86.24
2026-09-24T06:50:35.083,,,-86.72,0.0,0.0,Background,urban,,0.9639,9.6,-86.67
2026-09-24T06:50:35.145,2411.47,21.082,-31.48,59.4,0.1387,WiFi,urban,0.6475,0.0148,8.89,-86.17
2026-09-24T06:50:37.262,2427.051,1.107,-31.58,59.3,0.959,Generic,urban,1.681,0.0026,6.44,-86.89
2026-09-24T06:50:38.113,2464.135,3.445,-18.95,71.92,2.0,UAV,indoor_congested,,0.0002,9.83,-79.75
2026-09-24T06:50:38.424,2453.691,3.076,-12.2,78.68,0.0167,UAV,suburban,0.0235,0.0,9.83,-90.02
2026-09-24T06:50:38.543,2437.014,0.984,-29.26,61.62,0.889,Generic,quiet_rural,0.34,0.0015,6.6,-101.66
2026-09-24T06:50:38.680,2411.437,4.184,-4.78,86.09,0.0043,UAV,suburban,0.0244,0.0,8.33,-91.74
2026-09-24T06:50:39.042,2435.971,2.297,-20.68,70.2,0.0026,UAV,suburban,0.0454,0.0003,7.06,-92.98
2026-09-24T06:50:39.557,2436.566,21.082,-22.09,68.79,0.2847,WiFi,suburban,0.8485,0.0029,9.45,-92.79
2026-09-24T06:50:40.014,2436.067,41.057,-34.06,56.82,0.208,WiFi,quiet_rural,0.831,0.0834,9.9,-99.12
2026-09-24T06:50:41.087,2408.315,1.518,-22.99,67.89,2.0,Generic,indoor_congested,,0.0004,6.47,-76.19
2026-09-24T06:50:41.369,,,-90.62,0.0,0.0,Background,quiet_rural,,0.9994,9.59,-100.77
2026-09-24T06:50:41.995,,,-90.43,0.0,0.0,Background,quiet_rural,,0.9984,9.11,-98.24
2026-09-24T06:50:42.406,2415.17,31.992,-18.51,72.37,0.1688,WiFi,quiet_rural,0.466,0.0052,9.46,-99.69
2026-09-24T06:50:42.438,2471.126,1.107,-29.56,61.32,0.8155,Generic,indoor_congested,1.495,0.0016,4.73,-78.34
2026-09-24T06:50:42.916,,,-88.84,0.0,0.0,Background,suburban,,0.9812,9.12,-90.84
2026-09-24T06:50:43.792,2440.362,1.477,-24.33,66.55,0.99,Generic,urban,0.55,0.0005,6.47,-85.68
2026-09-24T06:50:47.161,,,-90.63,0.0,0.0,Background,quiet_rural,,0.9995,10.35,-100.99
2026-09-24T06:50:47.210,2414.207,0.697,-42.46,48.41,0.7845,Generic,suburban,0.937,0.0304,6.2,-92.78
2026-09-24T06:50:48.037,,,-85.28,0.0,0.0,Background,urban,,0.9509,9.53,-84.46
2026-09-24T06:50:48.528,2443.67,3.814,-8.33,82.55,0.0084,UAV,suburban,0.03,0.0,9.16,-91.87
2026-09-24T06:50:50.201,,,-89.04,0.0,0.0,Background,suburban,,0.9855,8.82,-91.52
2026-09-24T06:50:50.225,2462.081,41.098,-15.47,75.41,2.0,WiFi,suburban,,0.0094,9.35,-93.14
2026-09-24T06:50:50.836,2435.511,1.436,-23.78,67.1,0.923,Generic,suburban,1.699,0.0005,6.55,-91.7
2026-09-24T06:50:51.321,2452.783,0.0,-80.03,6.73,0.0,Background,urban,,0.9601,9.38,-86.46
2026-09-24T06:50:51.752,2437.487,41.057,-38.23,52.65,0.143,WiFi,suburban,0.1593,0.1348,10.9,-92.72
2026-09-24T06:50:53.307,2413.67,1.189,-17.82,73.05,0.783,Generic,indoor_congested,0.779,0.0001,6.38,-78.38
2026-09-24T06:50:53.406,2452.146,1.764,-29.08,61.8,0.0097,UAV,quiet_rural,0.0198,0.0016,7.45,-98.24
2026-09-24T06:50:53.597,2433.716,2.42,-5.96,84.92,2.0,UAV,suburban,,0.0,7.5,-93.63
2026-09-24T06:50:54.198,,,-88.8,0.0,0.0,Background,suburban,,0.9827,10.02,-90.8
2026-09-24T06:50:54.393,2418.166,0.0,-74.82,6.15,0.0,Background,indoor_congested,,0.9378,10.28,-79.27
2026-09-24T06:50:56.689,2422.688,1.271,-25.0,65.87,1.709,Generic,urban,,0.0006,5.16,-85.16
2026-09-24T06:50:56.967,2425.04,2.051,-29.53,61.35,0.0104,UAV,suburban,0.0206,0.0019,6.95,-92.92
2026-09-24T06:50:57.752,2463.373,0.533,-30.06,60.82,1.704,Generic,urban,,0.0018,5.45,-85.09
2026-09-24T06:50:58.008,2474.293,0.533,-27.71,63.17,0.969,Generic,urban,0.279,0.001,3.79,-85.49
2026-09-24T06:50:58.475,2421.481,1.189,-41.38,49.5,0.851,Generic,indoor_congested,0.995,0.0242,7.98,-77.43
2026-09-24T06:50:59.303,2418.489,1.518,-28.49,62.38,0.7795,Generic,urban,1.413,0.0014,8.56,-85.24
2026-09-24T06:50:59.366,2405.972,0.492,-43.8,47.08,0.9075,Generic,quiet_rural,0.259,0.0403,6.71,-100.56
2026-09-24T06:51:00.706,2447.355,1.559,-20.68,70.2,0.9875,Generic,suburban,0.125,0.0002,8.91,-90.57
2026-09-24T06:51:00.992,2482.304,0.369,-31.45,59.42,2.0,Generic,suburban,,0.0024,4.57,-92.96
2026-09-24T06:51:04.516,2444.568,4.184,-2.7,88.18,0.0186,UAV,suburban,0.0222,0.0,7.95,-91.03
2026-09-24T06:51:05.315,,,-90.45,0.0,0.0,Background,quiet_rural,,0.9984,9.5,-98.32
2026-09-24T06:51:05.742,2462.468,41.057,-38.78,52.09,0.044,WiFi,quiet_rural,0.828,0.1447,9.63,-100.3
2026-09-24T06:51:06.470,2450.359,4.676,-27.66,63.22,2.0,UAV,indoor_congested,,0.0017,9.2,-76.35
2026-09-24T06:51:06.614,2415.605,32.648,-29.88,61.0,2.0,WiFi,quiet_rural,,0.0276,9.38,-100.46
2026-09-24T06:51:09.866,2407.642,0.615,-19.34,71.54,2.0,Generic,quiet_rural,,0.0002,4.85,-101.44
2026-09-24T06:51:09.981,2466.489,3.65,-8.45,82.43,0.0192,UAV,suburban,0.0304,0.0,8.65,-91.77
2026-09-24T06:51:11.501,2437.656,41.098,-19.77,71.11,0.3015,WiFi,suburban,0.3388,0.0156,9.42,-93.76
2026-09-24T06:51:12.271,2412.363,0.041,-69.79,9.2,0.0,Background,indoor_congested,,0.9328,9.48,-76.95
2026-09-24T06:51:12.388,2403.638,1.066,-44.9,45.98,0.979,Generic,indoor_congested,0.338,0.0517,5.75,-77.98
2026-09-24T06:51:13.402,2439.78,4.512,-26.92,63.96,0.0144,UAV,indoor_congested,0.0311,0.0014,8.43,-79.94
2026-09-24T06:51:13.891,2458.425,1.436,-24.75,66.13,0.823,Generic,urban,0.814,0.0006,7.46,-84.68
2026-09-24T06:51:14.610,2457.4,2.461,-9.53,81.35,0.0108,UAV,urban,0.0406,0.0,7.87,-84.36
2026-09-24T06:51:15.163,,,-90.61,0.0,0.0,Background,quiet_rural,,0.9994,10.56,-100.64
2026-09-24T06:51:16.181,2449.751,3.65,-7.19,83.68,0.009,UAV,indoor_congested,0.0274,0.0,7.33,-77.36
2026-09-24T06:51:17.541,2461.338,41.098,-20.32,70.56,0.291,WiFi,quiet_rural,0.385,0.0166,9.02,-101.84
2026-09-24T06:51:18.342,2415.117,32.484,-20.85,70.03,0.2928,WiFi,suburban,0.467,0.0076,10.45,-91.72
2026-09-24T06:51:18.356,2415.819,33.469,-36.31,54.56,0.1883,WiFi,indoor_congested,0.521,0.0716,9.62,-78.3
2026-09-24T06:51:18.473,2408.497,2.174,-30.57,60.3,0.011,UAV,indoor_congested,0.0152,0.0024,7.99,-78.69
2026-09-24T06:51:18.751,2424.66,1.928,-31.29,59.59,0.0158,UAV,urban,0.0439,0.0027,6.82,-83.65
2026-09-24T06:51:18.975,2420.066,1.148,-40.34,50.54,2.0,Generic,urban,,0.019,6.34,-83.07
2026-09-24T06:51:19.335,2477.125,2.953,-7.52,83.36,0.015,UAV,indoor_congested,0.0267,0.0,7.39,-76.94
2026-09-24T06:51:21.361,2472.353,0.861,-22.47,68.41,0.8005,Generic,urban,1.485,0.0003,5.4,-85.17
2026-09-24T06:51:22.621,2477.866,1.559,-24.88,65.99,0.7925,Generic,suburban,1.218,0.0006,6.0,-92.68
2026-09-24T06:51:22.775,2437.66,21.164,-16.7,74.17,0.3332,WiFi,quiet_rural,0.497,0.0012,9.32,-101.67
2026-09-24T06:51:23.478,2436.629,21.041,-36.08,54.8,0.2943,WiFi,urban,0.5467,0.0325,9.38,-84.75
2026-09-24T06:51:24.850,,,-90.66,0.0,0.0,Background,quiet_rural,,0.9996,10.29,-101.43
2026-09-24T06:51:25.311,,,-86.33,0.0,0.0,Background,urban,,0.959,9.88,-85.92
2026-09-24T06:51:26.451,,,-90.56,0.0,0.0,Background,quiet_rural,,0.9991,11.34,-99.76
2026-09-24T06:51:26.520,,,-85.45,0.0,0.0,Background,urban,,0.9547,8.87,-84.72
2026-09-24T06:51:26.577,2461.302,0.779,-37.72,53.16,0.7905,Generic,suburban,1.406,0.0105,7.77,-92.87
2026-09-24T06:51:27.327,,,-89.01,0.0,0.0,Background,suburban,,0.9847,9.83,-91.3
2026-09-24T06:51:27.554,2410.968,0.041,-71.12,9.25,0.0,Background,indoor_congested,,0.935,9.43,-78.5
2026-09-24T06:51:27.904,2436.214,21.082,-20.63,70.25,2.0,WiFi,suburban,,0.0023,9.98,-91.54
2026-09-24T06:51:28.071,2422.46,0.533,-44.51,46.36,0.8505,Generic,quiet_rural,1.084,0.0472,5.49,-100.41
2026-09-24T06:51:28.638,2474.492,1.6,-20.1,70.78,2.0,Generic,suburban,,0.0002,7.78,-91.91
2026-09-24T06:51:31.109,,,-86.73,0.0,0.0,Background,urban,,0.9647,9.75,-86.59
2026-09-24T06:51:31.671,2436.084,21.082,-36.29,54.59,0.3597,WiFi,quiet_rural,0.728,0.0337,10.53,-100.08
2026-09-24T06:51:31.831,2408.936,3.855,-24.38,66.49,0.0137,UAV,urban,0.0446,0.0007,8.19,-85.83
2026-09-24T06:51:33.832,,,-90.52,0.0,0.0,Background,quiet_rural,,0.999,9.74,-99.48
2026-09-24T06:51:34.364,2462.157,21.123,-21.75,69.13,0.08,WiFi,quiet_rural,0.6223,0.0028,8.36,-101.11
2026-09-24T06:51:34.662,2437.534,41.098,-34.79,56.09,0.2375,WiFi,indoor_congested,0.789,0.0907,9.05,-78.01
2026-09-24T06:51:36.240,2451.033,1.764,-24.69,66.19,2.0,UAV,urban,,0.0006,7.65,-85.8
2026-09-24T06:51:36.611,2462.415,21.164,-15.22,75.66,0.113,WiFi,urban,0.662,0.0009,9.14,-86.19
2026-09-24T06:51:37.228,,,-88.8,0.0,0.0,Background,suburban,,0.9824,9.61,-90.71
2026-09-24T06:51:37.526,2421.782,4.102,-5.78,85.1,0.0057,UAV,suburban,0.0372,0.0,8.39,-93.23
2026-09-24T06:51:37.538,2411.879,21.082,-30.92,59.96,0.058,WiFi,urban,0.2248,0.0134,9.25,-85.65
2026-09-24T06:51:37.627,2424.236,0.0,-73.72,6.92,0.0,Background,indoor_congested,,0.936,9.42,-78.87
2026-09-24T06:51:38.063,2467.431,0.738,-41.68,49.19,1.746,Generic,quiet_rural,,0.0255,7.07,-99.01
2026-09-24T06:51:38.547,2481.595,1.354,-33.92,56.96,1.737,Generic,urban,,0.0045,5.56,-84.75
2026-09-24T06:51:38.812,,,-90.64,0.0,0.0,Background,quiet_rural,,0.9995,9.59,-101.3
2026-09-24T06:51:40.206,2429.281,0.0,-73.02,6.64,0.0,Background,indoor_congested,,0.9338,10.26,-77.73
2026-09-24T06:51:41.085,,,-89.45,0.0,0.0,Background,suburban,,0.9894,11.02,-92.62
2026-09-24T06:51:41.460,2465.361,5.004,-17.03,73.85,0.0057,UAV,suburban,0.0284,0.0002,8.68,-93.08
2026-09-24T06:51:42.172,2444.118,4.348,-14.09,76.78,0.0035,UAV,suburban,0.0368,0.0001,8.58,-91.85
2026-09-24T06:51:43.137,2407.74,1.354,-37.01,53.87,0.8545,Generic,urban,0.684,0.0092,6.22,-83.68
2026-09-24T06:51:44.493,,,-86.22,0.0,0.0,Background,urban,,0.9586,8.79,-85.75
2026-09-24T06:51:47.260,2463.547,0.902,-22.19,68.69,2.0,Generic,urban,,0.0003,6.35,-83.01
2026-09-24T06:51:47.396,,,-89.46,0.0,0.0,Background,suburban,,0.9897,9.01,-92.79
2026-09-24T06:51:47.932,2436.84,41.098,-15.49,75.39,0.2818,WiFi,indoor_congested,0.4873,0.0094,9.68,-78.02
2026-09-24T06:51:49.052,2411.968,4.02,-20.92,69.95,0.0189,UAV,urban,0.0399,0.0004,9.01,-83.94
2026-09-24T06:51:49.099,2462.344,5.127,-4.99,85.89,0.0154,UAV,indoor_congested,0.0463,0.0,7.7,-78.04
2026-09-24T06:51:49.134,2436.769,21.164,-17.39,73.49,0.2663,WiFi,urban,0.3428,0.0013,8.93,-84.34
2026-09-24T06:51:49.216,,,-89.66,0.0,0.0,Background,suburban,,0.9913,10.45,-93.58
2026-09-24T06:51:49.742,2436.879,21.123,-18.29,72.59,0.3512,WiFi,urban,0.417,0.0015,9.68,-86.95
2026-09-24T06:51:50.884,2424.901,2.215,-16.93,73.95,0.0185,UAV,suburban,0.045,0.0001,8.92,-92.05
2026-09-24T06:51:51.281,2428.601,1.066,-36.65,54.23,0.987,Generic,indoor_congested,0.429,0.0081,5.18,-78.04
2026-09-24T06:51:51.719,2409.963,0.861,-21.85,69.03,2.0,Generic,quiet_rural,,0.0003,6.54,-100.61
2026-09-24T06:51:52.386,2422.104,0.0,-78.16,6.13,0.0,Background,urban,,0.9472,9.22,-83.08
2026-09-24T06:51:53.338,2415.22,32.566,-23.88,66.99,0.2035,WiFi,indoor_congested,0.895,0.0118,8.88,-76.26
2026-09-24T06:51:53.397,,,-90.45,0.0,0.0,Background,quiet_rural,,0.9985,9.84,-98.55
2026-09-24T06:51:53.771,2416.307,0.656,-19.54,71.34,0.7675,Generic,suburban,1.53,0.0002,6.5,-91.65
2026-09-24T06:51:55.551,2412.172,5.045,-13.04,77.83,0.0097,UAV,indoor_congested,0.0327,0.0001,8.25,-79.73
2026-09-24T06:51:56.628,2445.959,3.486,-15.02,75.85,0.0169,UAV,indoor_congested,0.0351,0.0001,10.67,-77.68
2026-09-24T06:51:57.304,2475.923,1.723,-27.1,63.78,0.0132,UAV,quiet_rural,0.0204,0.001,8.02,-99.71
2026-09-24T06:51:57.646,,,-89.57,0.0,0.0,Background,suburban,,0.9907,10.3,-93.28
2026-09-24T06:51:57.760,,,-90.59,0.0,0.0,Background,quiet_rural,,0.9993,9.66,-100.31
2026-09-24T06:51:57.942,2423.957,1.354,-25.28,65.59,0.9975,Generic,quiet_rural,0.79,0.0006,6.4,-98.23
2026-09-24T06:51:58.018,,,-90.5,0.0,0.0,Background,quiet_rural,,0.9988,9.73,-98.99
2026-09-24T06:51:58.022,2454.121,1.395,-36.25,54.63,0.9135,Generic,indoor_congested,0.969,0.0078,7.17,-79.03
2026-09-24T06:51:58.032,,,-89.59,0.0,0.0,Background,suburban,,0.9912,8.87,-93.3
2026-09-24T06:51:59.195,2436.165,41.098,-27.5,63.38,0.17,WiFi,suburban,0.595,0.0385,10.04,-92.61
2026-09-24T06:51:59.334,2425.285,1.107,-17.36,73.52,0.6547,Generic,urban,0.587,0.0001,4.21,-83.8
2026-09-24T06:51:59.717,2461.793,2.707,-16.45,74.43,0.0148,UAV,suburban,0.0222,0.0001,7.3,-93.93
2026-09-24T06:52:00.749,,,-86.69,0.0,0.0,Background,urban,,0.9623,10.46,-86.49
2026-09-24T06:52:02.230,2411.36,21.041,-41.8,49.08,0.1213,WiFi,urban,0.9765,0.0863,9.12,-83.64
2026-09-24T06:52:03.104,2480.438,5.127,-12.28,78.6,0.0121,UAV,urban,0.0179,0.0001,9.29,-84.98
2026-09-24T06:52:03.183,,,-90.5,0.0,0.0,Background,quiet_rural,,0.9988,9.92,-99.16
2026-09-24T06:52:03.572,2440.499,1.395,-23.03,67.84,0.948,Generic,suburban,0.864,0.0004,7.56,-91.99
2026-09-24T06:52:05.996,2462.887,41.098,-27.81,63.07,0.1948,WiFi,suburban,0.649,0.04,9.55,-92.43
2026-09-24T06:52:06.877,2436.547,21.082,-36.25,54.63,0.358,WiFi,urban,0.65,0.0337,9.48,-84.67
2026-09-24T06:52:06.969,2419.333,0.943,-36.76,54.11,0.4373,Generic,urban,0.979,0.0085,6.54,-83.05
2026-09-24T06:52:08.388,2437.475,21.164,-16.97,73.91,0.214,WiFi,suburban,0.7195,0.0012,9.3,-93.38
2026-09-24T06:52:08.496,2461.672,41.057,-30.1,60.78,2.0,WiFi,urban,,0.0522,9.98,-86.81
2026-09-24T06:52:08.763,2444.867,0.0,-73.41,7.0,0.0,Background,indoor_congested,,0.9332,9.31,-78.68
2026-09-24T06:52:09.503,2415.295,0.0,-78.49,6.27,0.0,Background,urban,,0.9514,9.98,-83.82
2026-09-24T06:52:10.502,2459.504,4.963,-24.96,65.92,0.011,UAV,urban,0.0168,0.001,7.33,-86.36
2026-09-24T06:52:11.210,,,-86.64,0.0,0.0,Background,urban,,0.9644,9.64,-86.52
2026-09-24T06:52:12.672,2437.0,21.082,-30.24,60.64,0.0885,WiFi,indoor_congested,0.871,0.012,9.76,-78.01
2026-09-24T06:52:13.524,2479.124,1.395,-23.32,67.56,0.9035,Generic,suburban,0.83,0.0004,6.02,-91.97
2026-09-24T06:52:13.769,2462.391,21.164,-15.59,75.29,0.3955,WiFi,urban,0.493,0.001,9.34,-84.17
2026-09-24T06:52:13.833,2462.312,41.098,-28.44,62.44,0.4255,WiFi,urban,0.989,0.0433,10.78,-86.24
2026-09-24T06:52:13.861,2436.599,0.82,-46.27,44.61,0.816,Generic,suburban,0.416,0.0702,7.61,-90.33
2026-09-24T06:52:14.816,2449.233,4.225,-9.77,81.11,0.0111,UAV,quiet_rural,0.0156,0.0,9.36,-99.21
2026-09-24T06:52:14.950,2462.584,41.098,-18.03,72.85,0.3832,WiFi,urban,0.5623,0.0127,8.99,-83.16
2026-09-24T06:52:15.562,2432.475,3.609,-22.14,68.74,0.0061,UAV,indoor_congested,0.0113,0.0004,7.31,-79.88
2026-09-24T06:52:16.446,2442.181,0.041,-72.02,9.1,0.0,Background,indoor_congested,,0.9388,11.16,-79.46
2026-09-24T06:52:18.314,,,-90.44,0.0,0.0,Background,quiet_rural,,0.9986,10.03,-98.39
2026-09-24T06:52:19.845,2445.572,4.881,-27.48,63.4,0.0154,UAV,suburban,0.0329,0.0016,9.73,-91.8
2026-09-24T06:52:20.048,2436.339,21.082,-36.2,54.68,0.2345,WiFi,indoor_congested,0.3476,0.0334,9.06,-76.09
2026-09-24T06:52:21.604,2438.482,1.107,-27.79,63.08,0.9995,Generic,indoor_congested,1.744,0.0011,4.8,-78.55
2026-09-24T06:52:22.970,2469.969,1.354,-32.95,57.93,2.0,Generic,indoor_congested,,0.0037,6.84,-76.78
2026-09-24T06:52:24.768,2411.791,21.082,-24.6,66.28,0.3802,WiFi,suburban,0.4077,0.0045,8.66,-91.6
2026-09-24T06:52:24.816,2412.374,21.123,-19.61,71.27,0.2335,WiFi,indoor_congested,0.5523,0.0019,9.17,-77.01
2026-09-24T06:52:25.363,2411.3,21.082,-29.67,61.21,2.0,WiFi,suburban,,0.0108,8.74,-92.68
2026-09-24T06:52:26.790,2443.032,0.902,-21.88,69.0,1.848,Generic,quiet_rural,,0.0003,6.35,-99.25
2026-09-24T06:52:27.269,2403.019,1.805,-4.49,86.39,0.0138,UAV,indoor_congested,0.0487,0.0,8.42,-76.93
2026-09-24T06:52:28.389,2437.873,21.123,-23.36,67.52,2.0,WiFi,urban,,0.0037,8.76,-85.97
2026-09-24T06:52:30.728,2452.618,1.723,-14.08,76.8,0.0039,UAV,suburban,0.0143,0.0001,6.53,-90.72
2026-09-24T06:52:31.352,2461.524,21.082,-36.11,54.77,0.0558,WiFi,indoor_congested,0.3644,0.0329,10.19,-78.01
2026-09-24T06:52:31.527,2430.207,0.861,-43.94,46.94,0.7745,Generic,urban,1.475,0.0413,4.84,-84.38
2026-09-24T06:52:33.099,,,-85.46,0.0,0.0,Background,urban,,0.953,9.34,-84.6
2026-09-24T06:52:33.244,,,-90.54,0.0,0.0,Background,quiet_rural,,0.999,9.63,-99.69
2026-09-24T06:52:33.404,,,-86.8,0.0,0.0,Background,urban,,0.9644,9.74,-86.75
2026-09-24T06:52:34.030,2449.053,1.395,-40.23,50.65,2.0,Generic,indoor_congested,,0.0191,7.17,-77.51
2026-09-24T06:52:34.623,2436.95,41.057,-40.25,50.63,0.2797,WiFi,indoor_congested,0.848,0.1725,10.7,-77.28
2026-09-24T06:52:36.077,,,-84.54,0.0,0.0,Background,urban,,0.9479,9.94,-83.41
2026-09-24T06:52:36.571,2435.96,21.082,-25.37,65.51,0.3158,WiFi,suburban,0.495,0.0052,9.07,-90.88
2026-09-24T06:52:37.445,2461.117,21.082,-27.0,63.88,0.212,WiFi,urban,0.2219,0.0068,10.33,-84.32
2026-09-24T06:52:37.604,2439.002,0.0,-72.5,6.65,0.0,Background,indoor_congested,,0.9329,10.14,-77.18
2026-09-24T06:52:37.704,2415.266,1.518,-28.03,62.85,0.0184,UAV,indoor_congested,0.0321,0.0012,8.46,-79.03
2026-09-24T06:52:39.181,2410.385,4.471,-17.11,73.77,0.003,UAV,suburban,0.0275,0.0002,9.0,-90.7
2026-09-24T06:52:39.299,2410.455,0.0,-75.06,6.31,0.0,Background,indoor_congested,,0.9384,9.69,-79.71
2026-09-24T06:52:39.759,2471.526,1.723,-27.15,63.73,0.0191,UAV,suburban,0.0492,0.0011,8.94,-90.95
2026-09-24T06:52:40.542,,,-90.6,0.0,0.0,Background,quiet_rural,,0.9993,10.08,-100.57
2026-09-24T06:52:42.186,2418.056,0.369,-33.31,57.57,2.0,Generic,suburban,,0.0037,4.57,-93.05
2026-09-24T06:52:44.242,2461.75,21.082,-30.91,59.96,0.1847,WiFi,suburban,0.864,0.0135,8.48,-92.93
2026-09-24T06:52:44.724,2478.276,1.23,-43.66,47.22,1.699,Generic,urban,,0.0404,6.04,-84.7
2026-09-24T06:52:47.988,2459.288,5.004,-23.34,67.54,0.0164,UAV,suburban,0.0429,0.0007,8.31,-92.58
2026-09-24T06:52:50.066,2436.999,21.123,-21.08,69.8,0.3908,WiFi,urban,0.4178,0.0025,9.92,-86.44
2026-09-24T06:52:50.513,2436.469,4.881,-8.56,82.32,0.0117,UAV,quiet_rural,0.0237,0.0,7.08,-100.74
2026-09-24T06:52:53.333,2404.856,2.994,-12.2,78.68,0.0153,UAV,indoor_congested,0.0439,0.0,7.84,-78.02
2026-09-24T06:52:54.472,2418.632,1.805,-14.57,76.31,0.0066,UAV,suburban,0.0229,0.0001,7.72,-91.98
2026-09-24T06:52:54.920,,,-85.65,0.0,0.0,Background,urban,,0.9562,10.02,-84.96
2026-09-24T06:52:55.204,,,-88.6,0.0,0.0,Background,suburban,,0.9802,9.61,-90.31
2026-09-24T06:52:56.940,2470.595,1.436,-29.59,61.28,0.939,Generic,urban,1.459,0.0017,7.61,-85.49
2026-09-24T06:52:58.475,2405.368,0.615,-20.9,69.98,0.7815,Generic,suburban,0.756,0.0002,4.79,-92.88
2026-09-24T06:53:00.383,2462.252,21.164,-18.12,72.76,0.483,WiFi,suburban,0.996,0.0015,9.07,-92.39
2026-09-24T06:53:02.303,2443.842,1.395,-23.42,67.46,0.8215,Generic,indoor_congested,0.561,0.0004,6.83,-79.65
2026-09-24T06:53:02.498,2438.796,4.184,-17.48,73.4,0.0149,UAV,indoor_congested,0.0172,0.0002,9.38,-77.68
2026-09-24T06:53:02.924,2461.977,41.057,-28.11,62.77,0.3303,WiFi,indoor_congested,0.777,0.0415,8.96,-79.9
2026-09-24T06:53:03.922,2412.66,21.041,-36.88,54.0,0.2471,WiFi,quiet_rural,0.3072,0.0374,9.95,-99.72
2026-09-24T06:53:04.890,,,-88.63,0.0,0.0,Background,suburban,,0.9801,9.51,-90.27
2026-09-24T06:53:05.583,2471.674,1.477,-21.22,69.66,2.0,Generic,suburban,,0.0003,6.3,-91.96
2026-09-24T06:53:07.406,2430.661,2.789,-23.89,66.99,0.0169,UAV,quiet_rural,0.0343,0.0006,7.6,-98.35
2026-09-24T06:53:07.969,2411.057,21.082,-31.81,59.06,0.1511,WiFi,suburban,0.2827,0.0157,8.72,-93.66
2026-09-24T06:53:08.351,2437.167,21.082,-32.91,57.97,0.251,WiFi,indoor_congested,0.832,0.019,9.15,-78.1
2026-09-24T06:53:09.426,2467.937,3.445,-10.76,80.12,2.0,UAV,indoor_congested,,0.0,6.94,-79.6
2026-09-24T06:53:09.615,2435.171,4.635,-19.92,70.96,0.0116,UAV,urban,0.0254,0.0003,9.29,-86.76
2026-09-24T06:53:11.139,2456.429,3.609,-5.89,84.98,0.0115,UAV,indoor_congested,0.0183,0.0,7.43,-78.45
2026-09-24T06:53:11.326,2454.062,1.189,-32.99,57.88,2.0,Generic,indoor_congested,,0.0036,4.83,-79.29
2026-09-24T06:53:11.340,2413.982,0.0,-74.59,6.4,0.0,Background,indoor_congested,,0.9405,9.35,-79.19
2026-09-24T06:53:11.427,,,-85.97,0.0,0.0,Background,urban,,0.9591,9.34,-85.45
2026-09-24T06:53:11.467,2411.86,21.082,-35.23,55.65,0.143,WiFi,suburban,0.902,0.0282,9.93,-91.02
2026-09-24T06:53:13.002,2423.925,0.533,-43.81,47.07,2.0,Generic,urban,,0.0402,4.62,-83.87
2026-09-24T06:53:14.173,2461.272,21.041,-40.35,50.53,2.0,WiFi,suburban,,0.0674,8.69,-90.57
2026-09-24T06:53:14.175,2412.714,1.23,-22.33,68.54,2.0,Generic,indoor_congested,,0.0003,5.17,-79.28
2026-09-24T06:53:14.774,2436.031,41.016,-39.78,51.1,0.317,WiFi,urban,0.5563,0.1623,9.78,-85.19
2026-09-24T06:53:15.825,,,-90.67,0.0,0.0,Background,quiet_rural,,0.9996,10.74,-101.85
2026-09-24T06:53:16.902,2458.546,0.041,-69.66,9.52,0.0,Background,indoor_congested,,0.9267,9.66,-77.01
2026-09-24T06:53:17.765,2432.968,1.6,-19.71,71.17,0.0023,UAV,quiet_rural,0.0142,0.0002,6.09,-101.27
2026-09-24T06:53:18.025,2452.434,2.051,-7.75,83.12,0.0089,UAV,suburban,0.0428,0.0,9.29,-91.96
2026-09-24T06:53:18.153,2461.862,41.057,-32.64,58.24,0.2615,WiFi,quiet_rural,0.936,0.0703,10.39,-100.33
2026-09-24T06:53:18.327,2406.462,2.297,-11.61,79.26,0.0047,UAV,quiet_rural,0.0185,0.0,7.88,-100.28
2026-09-24T06:53:18.907,2411.767,21.082,-23.01,67.87,0.0473,WiFi,urban,0.5177,0.0035,10.62,-84.03
2026-09-24T06:53:19.773,,,-90.64,0.0,0.0,Background,quiet_rural,,0.9995,9.08,-101.32
2026-09-24T06:53:19.986,2462.894,21.123,-17.08,73.8,2.0,WiFi,quiet_rural,,0.0012,9.53,-98.04
2026-09-24T06:53:21.050,2463.738,3.322,-29.61,61.26,0.0102,UAV,suburban,0.0404,0.0022,8.65,-91.37
2026-09-24T06:53:23.062,,,-90.66,0.0,0.0,Background,quiet_rural,,0.9995,9.48,-101.32
2026-09-24T06:53:23.699,2462.294,2.174,-31.79,59.09,0.0161,UAV,suburban,0.0303,0.0032,7.81,-92.83
2026-09-24T06:53:23.801,2415.272,31.869,-38.91,51.97,0.43,WiFi,urban,0.886,0.0938,9.73,-83.86
2026-09-24T06:53:24.798,2436.155,21.164,-16.77,74.11,0.2896,WiFi,suburban,0.4995,0.0012,8.71,-92.33
2026-09-24T06:53:25.908,2449.701,2.461,-14.1,76.78,0.0063,UAV,urban,0.0199,0.0001,8.91,-84.0
2026-09-24T06:53:26.118,2462.11,3.404,-14.09,76.79,0.0164,UAV,urban,0.0413,0.0001,7.39,-86.82
2026-09-24T06:53:26.365,2462.824,41.098,-22.97,67.91,0.1801,WiFi,urban,0.2654,0.0228,10.2,-85.82
2026-09-24T06:53:27.016,2419.316,0.82,-34.22,56.66,0.9365,Generic,urban,1.089,0.0046,3.91,-84.05
2026-09-24T06:53:29.232,2462.22,41.18,-17.82,73.05,2.0,WiFi,suburban,,0.0124,9.68,-90.68
2026-09-24T06:53:29.321,2437.217,41.057,-38.16,52.72,0.1063,WiFi,indoor_congested,0.2903,0.1344,10.8,-77.36
2026-09-24T06:53:29.552,2436.364,21.082,-25.27,65.61,0.2696,WiFi,quiet_rural,0.461,0.0051,9.41,-100.07
2026-09-24T06:53:30.156,2458.488,2.912,-16.3,74.57,0.0178,UAV,quiet_rural,0.0375,0.0001,7.1,-101.88
2026-09-24T06:53:30.160,2417.951,1.066,-38.34,52.53,0.9055,Generic,urban,1.954,0.012,6.18,-84.3
2026-09-24T06:53:30.166,2405.728,1.066,-21.29,69.59,2.0,Generic,suburban,,0.0002,6.21,-93.12
2026-09-24T06:53:31.416,2443.109,0.574,-27.37,63.51,0.911,Generic,quiet_rural,0.278,0.001,5.82,-99.83
2026-09-24T06:53:32.402,2421.138,0.861,-34.6,56.28,0.966,Generic,urban,0.758,0.0052,6.66,-86.98
2026-09-24T06:53:32.598,2457.214,1.271,-30.2,60.68,1.808,Generic,indoor_congested,,0.0019,5.77,-76.1
2026-09-24T06:53:33.007,,,-90.59,0.0,0.0,Background,quiet_rural,,0.9993,10.57,-100.29
2026-09-24T06:53:33.257,2468.988,0.82,-39.66,51.22,0.939,Generic,quiet_rural,1.057,0.0163,7.01,-100.16
2026-09-24T06:53:33.661,2414.945,31.787,-35.99,54.88,0.215,WiFi,suburban,0.766,0.0619,9.06,-90.98
2026-09-24T06:53:33.732,2446.546,0.861,-39.65,51.23,2.0,Generic,urban,,0.0163,6.46,-86.25
2026-09-24T06:53:35.283,2436.899,41.098,-33.8,57.08,0.27,WiFi,indoor_congested,0.705,0.0808,9.81,-76.66
2026-09-24T06:53:35.646,2462.808,21.082,-25.02,65.86,0.185,WiFi,quiet_rural,0.5807,0.0049,9.37,-100.9
2026-09-24T06:53:36.517,2440.06,1.312,-28.74,62.14,0.9765,Generic,indoor_congested,0.169,0.0014,6.36,-76.09
2026-09-24T06:53:37.025,,,-86.87,0.0,0.0,Background,urban,,0.9656,8.78,-86.92
2026-09-24T06:53:37.118,2469.535,3.896,-4.44,86.44,0.0113,UAV,indoor_congested,0.0398,0.0,9.7,-77.83
2026-09-24T06:53:37.419,2439.986,0.0,-71.87,6.33,0.0,Background,indoor_congested,,0.926,9.14,-76.13
2026-09-24T06:53:37.907,2411.976,21.164,-18.27,72.61,0.321,WiFi,urban,0.4432,0.0015,9.0,-83.44
2026-09-24T06:53:38.066,2435.571,1.518,-28.97,61.91,0.903,Generic,indoor_congested,1.928,0.0015,8.29,-76.79
2026-09-24T06:53:39.067,2462.685,1.969,-23.78,67.1,0.017,UAV,indoor_congested,0.0274,0.0005,7.92,-79.01
2026-09-24T06:53:39.161,2442.119,0.0,-71.24,7.07,0.0,Background,indoor_congested,,0.9294,9.23,-76.27
2026-09-24T06:53:40.486,,,-89.38,0.0,0.0,Background,suburban,,0.9879,10.14,-92.46
2026-09-24T06:53:40.541,,,-89.14,0.0,0.0,Background,suburban,,0.9858,8.98,-91.8
2026-09-24T06:53:41.249,,,-88.75,0.0,0.0,Background,suburban,,0.982,10.05,-90.64
2026-09-24T06:53:41.488,2440.956,3.65,-12.98,77.9,0.0116,UAV,quiet_rural,0.0247,0.0001,7.85,-101.34
2026-09-24T06:53:42.693,2453.005,0.779,-25.61,65.26,1.998,Generic,quiet_rural,,0.0007,5.72,-99.5
2026-09-24T06:53:43.296,2406.037,1.189,-40.95,49.93,2.0,Generic,urban,,0.0223,7.36,-86.23
2026-09-24T06:53:45.337,2435.965,21.082,-29.27,61.61,2.0,WiFi,urban,,0.0102,9.79,-84.74
2026-09-24T06:53:45.628,,,-90.62,0.0,0.0,Background,quiet_rural,,0.9995,9.92,-100.92
2026-09-24T06:53:49.844,2403.957,0.779,-35.47,55.4,0.963,Generic,quiet_rural,0.906,0.0063,7.35,-101.76
2026-09-24T06:53:50.438,2437.886,21.082,-28.94,61.94,0.367,WiFi,quiet_rural,0.4592,0.0095,10.88,-99.09
2026-09-24T06:53:51.098,,,-89.6,0.0,0.0,Background,suburban,,0.9915,9.97,-93.29
2026-09-24T06:53:51.390,,,-85.01,0.0,0.0,Background,urban,,0.9495,9.52,-84.0
2026-09-24T06:53:53.201,2422.06,1.354,-32.41,58.47,0.794,Generic,indoor_congested,1.757,0.0032,6.08,-76.3
2026-09-24T06:53:53.512,2462.47,41.098,-21.54,69.33,0.2902,WiFi,urban,0.3902,0.0193,8.69,-86.54
2026-09-24T06:53:56.254,2476.708,3.527,-6.95,83.92,0.0171,UAV,urban,0.0381,0.0,8.56,-85.22
2026-09-24T06:53:56.377,2437.591,21.164,-17.19,73.69,0.195,WiFi,suburban,0.976,0.0013,10.39,-90.18
2026-09-24T06:53:57.322,,,-90.48,0.0,0.0,Background,quiet_rural,,0.9988,9.94,-98.82
2026-09-24T06:53:57.526,2446.384,2.297,-20.02,70.86,2.0,UAV,indoor_congested,,0.0002,5.89,-78.16
2026-09-24T06:53:57.930,2411.635,21.041,-40.8,50.08,0.104,WiFi,quiet_rural,0.91,0.073,9.07,-100.97
2026-09-24T06:53:58.911,2412.038,21.041,-29.24,61.64,0.4955,WiFi,indoor_congested,0.893,0.01,9.73,-78.14
2026-09-24T06:54:05.133,2436.149,4.225,-22.31,68.57,0.0092,UAV,indoor_congested,0.0419,0.0005,8.04,-79.59
2026-09-24T06:54:07.046,2459.307,4.922,-11.45,79.43,0.0058,UAV,indoor_congested,0.0319,0.0001,9.12,-79.37
2026-09-24T06:54:07.272,2412.6,21.123,-16.84,74.04,2.0,WiFi,indoor_congested,,0.0012,9.5,-78.15
2026-09-24T06:54:07.799,2480.268,2.379,-29.74,61.13,0.0112,UAV,quiet_rural,0.0498,0.002,8.37,-100.41
2026-09-24T06:54:08.716,2467.664,2.953,-17.96,72.92,2.0,UAV,urban,,0.0002,7.23,-85.33
2026-09-24T06:54:08.879,2433.143,4.799,-22.33,68.55,0.0161,UAV,indoor_congested,0.0239,0.0005,9.24,-77.52
2026-09-24T06:54:10.058,2451.824,1.395,-39.87,51.01,0.784,Generic,quiet_rural,1.311,0.0177,8.24,-101.05
2026-09-24T06:54:10.272,2458.616,2.994,-19.13,71.74,0.0193,UAV,quiet_rural,0.0215,0.0002,7.52,-98.74
2026-09-24T06:54:11.061,,,-89.5,0.0,0.0,Background,suburban,,0.9896,9.29,-92.89
2026-09-24T06:54:11.486,,,-90.52,0.0,0.0,Background,quiet_rural,,0.9989,9.99,-99.23
2026-09-24T06:54:12.362,2419.752,2.338,-2.75,88.13,0.0154,UAV,urban,0.0465,0.0,9.0,-86.11
2026-09-24T06:54:12.564,2407.377,5.086,-16.47,74.41,0.0189,UAV,urban,0.0281,0.0002,9.05,-84.78
2026-09-24T06:54:12.985,2462.21,4.881,-15.28,75.6,0.0073,UAV,indoor_congested,0.0233,0.0001,9.57,-76.57
2026-09-24T06:54:13.449,,,-86.65,0.0,0.0,Background,urban,,0.9635,9.17,-86.52
2026-09-24T06:54:15.211,2435.961,21.082,-23.57,67.31,0.218,WiFi,urban,0.606,0.0038,9.3,-84.34
2026-09-24T06:54:15.843,2415.961,33.387,-15.17,75.71,0.2973,WiFi,urban,0.854,0.0038,9.19,-85.84
2026-09-24T06:54:18.003,2416.936,0.0,-72.99,6.25,0.0,Background,indoor_congested,,0.9309,9.76,-77.38
2026-09-24T06:54:18.329,2472.256,0.902,-33.76,57.12,0.9915,Generic,urban,1.198,0.0042,6.89,-84.75
2026-09-24T06:54:20.009,2415.239,32.771,-22.3,68.58,0.1547,WiFi,urban,0.7915,0.0096,10.03,-86.75
2026-09-24T06:54:21.326,2469.072,0.943,-22.61,68.27,0.933,Generic,urban,0.265,0.0003,5.86,-84.65
2026-09-24T06:54:21.576,2406.358,1.477,-34.53,56.35,0.96,Generic,urban,0.931,0.0054,5.6,-84.88
2026-09-24T06:54:22.496,,,-90.59,0.0,0.0,Background,quiet_rural,,0.9993,9.66,-100.41
2026-09-24T06:54:23.997,2476.58,4.512,-19.12,71.76,0.008,UAV,quiet_rural,0.016,0.0003,7.02,-100.72
2026-09-24T06:54:24.598,2404.188,1.354,-44.06,46.82,2.0,Generic,urban,,0.0441,7.08,-83.39
2026-09-24T06:54:24.829,2461.829,41.016,-40.84,50.03,0.335,WiFi,quiet_rural,0.641,0.1835,9.87,-101.33
2026-09-24T06:54:27.200,2428.543,0.0,-71.75,7.12,0.0,Background,indoor_congested,,0.9336,8.74,-76.93
2026-09-24T06:54:28.998,,,-90.47,0.0,0.0,Background,quiet_rural,,0.9987,9.43,-98.76
2026-09-24T06:54:30.311,2421.364,1.395,-31.31,59.56,2.0,Generic,quiet_rural,,0.0025,5.72,-100.05
2026-09-24T06:54:31.308,2453.939,5.045,-30.8,60.08,0.0041,UAV,quiet_rural,0.0106,0.0034,10.16,-100.68
2026-09-24T06:54:32.299,2412.026,21.082,-21.51,69.37,2.0,WiFi,quiet_rural,,0.0027,9.16,-100.64
2026-09-24T06:54:32.389,2462.57,41.098,-17.88,72.99,2.0,WiFi,urban,,0.0126,10.14,-83.17
2026-09-24T06:54:32.451,2409.758,4.143,-14.99,75.89,0.0095,UAV,suburban,0.0456,0.0001,9.04,-90.0
2026-09-24T06:54:35.084,,,-84.46,0.0,0.0,Background,urban,,0.9513,9.66,-83.38
2026-09-24T06:54:35.253,2410.361,1.395,-25.86,65.01,0.9135,Generic,indoor_congested,0.834,0.0007,6.81,-76.9
2026-09-24T06:54:36.190,2422.779,1.025,-29.73,61.14,0.79,Generic,suburban,1.949,0.0017,9.8,-93.79
2026-09-24T06:54:36.644,2411.736,21.0,-42.17,48.71,0.151,WiFi,urban,0.751,0.0915,9.97,-84.6
2026-09-24T06:54:38.220,2430.064,4.266,-6.03,84.85,0.0155,UAV,indoor_congested,0.0255,0.0,8.53,-76.13
2026-09-24T06:54:39.342,2438.0,41.139,-16.71,74.17,0.1865,WiFi,quiet_rural,0.935,0.0109,10.12,-101.16
2026-09-24T06:54:41.021,2429.69,0.984,-42.87,48.01,1.799,Generic,urban,,0.0336,7.0,-84.4
2026-09-24T06:54:44.111,2412.607,21.041,-41.54,49.34,0.4985,WiFi,suburban,0.993,0.0826,9.35,-90.82
2026-09-24T06:54:45.576,2416.109,33.633,-39.61,51.27,0.148,WiFi,indoor_congested,0.88,0.1131,9.34,-78.46
2026-09-24T06:54:46.264,2427.52,3.035,-17.06,73.82,0.0022,UAV,urban,0.0229,0.0001,8.03,-85.04
2026-09-24T06:54:47.079,2418.852,1.025,-22.82,68.06,0.93,Generic,urban,1.104,0.0004,4.91,-83.46
2026-09-24T06:54:47.254,2411.171,0.779,-34.18,56.69,2.0,Generic,urban,,0.0046,5.62,-84.74
2026-09-24T06:54:47.983,,,-85.14,0.0,0.0,Background,urban,,0.9523,9.97,-84.34
2026-09-24T06:54:48.316,2414.308,0.533,-31.25,59.63,2.0,Generic,suburban,,0.0024,6.28,-90.19
2026-09-24T06:54:48.824,2418.387,4.307,-11.06,79.82,0.02,UAV,urban,0.0486,0.0,7.62,-86.51
2026-09-24T06:54:49.309,2476.671,1.107,-43.01,47.87,2.0,Generic,quiet_rural,,0.0352,6.94,-101.36
2026-09-24T06:54:49.330,,,-90.52,0.0,0.0,Background,quiet_rural,,0.9989,9.29,-99.29
2026-09-24T06:54:49.816,2475.496,0.369,-35.12,55.75,1.642,Generic,suburban,,0.0056,4.48,-91.74
2026-09-24T06:54:52.209,2436.156,41.139,-21.36,69.51,2.0,WiFi,urban,,0.0188,10.02,-84.33
2026-09-24T06:54:52.651,2436.261,3.979,-19.37,71.51,0.0104,UAV,quiet_rural,0.0329,0.0002,9.28,-98.69
2026-09-24T06:54:53.518,2422.351,3.363,-13.19,77.69,0.0152,UAV,indoor_congested,0.0384,0.0001,7.69,-76.16
2026-09-24T06:54:54.776,2442.512,0.533,-32.56,58.32,1.832,Generic,quiet_rural,,0.0032,5.26,-100.82
2026-09-24T06:54:55.292,,,-79.99,0.0,0.0,Background,indoor_congested,,0.9353,9.65,-78.12
2026-09-24T06:54:57.559,2417.037,5.045,-4.1,86.78,0.0045,UAV,urban,0.023,0.0,8.66,-84.42
2026-09-24T06:54:58.031,2415.261,32.484,-28.76,62.12,0.3088,WiFi,suburban,0.4783,0.0233,9.51,-93.46
2026-09-24T06:54:58.484,2415.68,33.1,-37.39,53.48,0.095,WiFi,urban,0.933,0.0809,9.42,-86.81
2026-09-24T06:54:59.912,2436.328,21.082,-24.85,66.03,0.158,WiFi,quiet_rural,0.789,0.0047,9.4,-101.09
2026-09-24T06:55:00.854,2464.293,4.43,-8.16,82.72,0.0072,UAV,urban,0.0232,0.0,7.35,-86.29
2026-09-24T06:55:03.286,2441.997,3.691,-18.8,72.08,0.0105,UAV,suburban,0.0452,0.0002,9.17,-92.53
2026-09-24T06:55:03.591,2412.114,21.082,-38.36,52.51,2.0,WiFi,suburban,,0.0481,10.15,-91.27
2026-09-24T06:55:04.026,,,-81.45,0.0,0.0,Background,indoor_congested,,0.9375,9.37,-79.68
2026-09-24T06:55:05.174,2436.553,41.098,-22.81,68.07,0.2865,WiFi,indoor_congested,0.814,0.0223,10.06,-77.63
2026-09-24T06:55:06.386,2475.926,1.518,-20.9,69.98,0.9185,Generic,indoor_congested,0.794,0.0002,8.31,-79.14
2026-09-24T06:55:06.595,2448.498,4.061,-30.15,60.72,0.0147,UAV,urban,0.0233,0.0027,10.49,-83.09
2026-09-24T06:55:06.637,,,-84.35,0.0,0.0,Background,urban,,0.9478,9.93,-83.16
2026-09-24T06:55:07.019,2441.249,3.609,-28.06,62.82,0.0141,UAV,urban,0.0302,0.0016,8.12,-85.16
2026-09-24T06:55:09.592,,,-86.28,0.0,0.0,Background,urban,,0.9588,9.14,-85.83
2026-09-24T06:55:09.609,2447.285,4.143,-15.32,75.56,0.0134,UAV,indoor_congested,0.0424,0.0001,9.96,-77.28
2026-09-24T06:55:10.011,2461.496,0.615,-22.73,68.14,0.6875,Generic,quiet_rural,0.588,0.0003,6.1,-101.91
2026-09-24T06:55:10.677,2440.866,3.609,-28.75,62.12,0.0176,UAV,urban,0.0407,0.0019,9.12,-86.66
2026-09-24T06:55:11.478,2414.023,0.0,-73.83,6.29,0.0,Background,indoor_congested,,0.9335,9.81,-78.22
2026-09-24T06:55:11.733,2459.12,1.025,-36.32,54.56,0.7575,Generic,quiet_rural,1.379,0.0078,7.0,-99.34
2026-09-24T06:55:12.077,2453.288,1.477,-25.11,65.77,2.0,Generic,suburban,,0.0006,6.43,-92.06
2026-09-24T06:55:13.432,,,-89.06,0.0,0.0,Background,suburban,,0.9856,9.81,-91.52
2026-09-24T06:55:13.590,2429.141,0.984,-29.15,61.73,2.0,Generic,suburban,,0.0015,6.58,-90.59
2026-09-24T06:55:14.501,2436.394,21.082,-32.37,58.51,0.3664,WiFi,suburban,0.4298,0.0173,9.4,-90.54
2026-09-24T06:55:16.042,2459.839,1.436,-34.94,55.94,0.7915,Generic,indoor_congested,1.61,0.0058,6.75,-78.22
2026-09-24T06:55:16.550,2454.916,1.641,-10.71,80.16,0.0123,UAV,urban,0.0338,0.0,10.21,-86.81
2026-09-24T06:55:17.276,2462.208,21.164,-13.68,77.2,0.1903,WiFi,indoor_congested,0.946,0.0007,9.9,-79.7
2026-09-24T06:55:17.531,2481.205,3.035,-10.77,80.11,0.0094,UAV,indoor_congested,0.0405,0.0,7.55,-76.63
2026-09-24T06:55:19.357,,,-88.78,0.0,0.0,Background,suburban,,0.9831,9.93,-90.83
2026-09-24T06:55:20.468,,,-90.59,0.0,0.0,Background,quiet_rural,,0.9992,9.36,-100.16
2026-09-24T06:55:20.665,2415.214,32.525,-28.15,62.73,0.3357,WiFi,suburban,0.8045,0.0215,9.52,-92.84
2026-09-24T06:55:21.272,2432.717,5.25,-4.56,86.32,0.0086,UAV,urban,0.0157,0.0,8.37,-83.97
2026-09-24T06:55:21.427,2427.464,1.682,-2.54,88.33,0.0157,UAV,indoor_congested,0.0398,0.0,7.26,-78.04
2026-09-24T06:55:21.487,2437.949,41.057,-34.1,56.78,0.3767,WiFi,suburban,0.7745,0.0834,9.15,-91.39
2026-09-24T06:55:22.239,2452.783,0.0,-74.45,6.91,0.0,Background,indoor_congested,,0.9374,9.54,-79.65
2026-09-24T06:55:23.126,,,-89.05,0.0,0.0,Background,suburban,,0.984,10.12,-91.37
2026-09-24T06:55:24.275,2461.751,41.057,-32.2,58.68,2.0,WiFi,suburban,,0.067,9.64,-93.57
2026-09-24T06:55:24.675,2428.503,1.436,-34.6,56.28,2.0,Generic,urban,,0.0054,8.83,-86.75
2026-09-24T06:55:25.172,2412.457,21.082,-31.49,59.39,0.0847,WiFi,indoor_congested,0.3332,0.0148,9.09,-79.42
2026-09-24T06:55:26.826,2460.953,21.082,-20.05,70.83,0.1517,WiFi,quiet_rural,0.877,0.0021,10.18,-98.52
2026-09-24T06:55:28.570,2480.96,3.938,-13.95,76.93,0.0086,UAV,indoor_congested,0.0164,0.0001,7.12,-77.01
2026-09-24T06:55:29.273,2436.906,1.107,-44.8,46.07,0.91,Generic,urban,1.622,0.051,5.54,-84.68
2026-09-24T06:55:32.670,,,-90.57,0.0,0.0,Background,quiet_rural,,0.9992,9.26,-100.1
2026-09-24T06:55:32.678,2449.797,1.928,-23.05,67.83,0.0119,UAV,indoor_congested,0.049,0.0004,9.12,-77.56
2026-09-24T06:55:34.029,2412.526,21.041,-35.87,55.01,0.108,WiFi,suburban,0.5585,0.0314,9.12,-91.7
2026-09-24T06:55:34.099,2407.116,3.199,-15.65,75.23,0.0116,UAV,indoor_congested,0.013,0.0001,8.71,-79.92
2026-09-24T06:55:37.852,,,-88.9,0.0,0.0,Background,suburban,,0.9836,10.26,-91.03
2026-09-24T06:55:38.310,2431.517,1.271,-36.39,54.48,2.0,Generic,urban,,0.008,6.81,-86.31
2026-09-24T06:55:38.960,2413.638,1.312,-36.19,54.69,0.9675,Generic,urban,1.571,0.0076,6.31,-85.66
2026-09-24T06:55:41.069,2436.4,21.123,-19.35,71.53,0.244,WiFi,quiet_rural,0.805,0.0018,9.2,-98.52
2026-09-24T06:55:41.194,,,-89.38,0.0,0.0,Background,suburban,,0.9891,9.42,-92.57
2026-09-24T06:55:41.479,2441.591,3.076,-5.31,85.56,0.0083,UAV,indoor_congested,0.0462,0.0,6.33,-77.89
2026-09-24T06:55:41.965,2454.883,4.635,-17.06,73.82,0.0094,UAV,suburban,0.037,0.0002,8.62,-92.36
2026-09-24T06:55:42.887,2421.514,4.43,-4.34,86.54,0.0043,UAV,suburban,0.032,0.0,8.12,-90.41
2026-09-24T06:55:43.793,2433.857,1.066,-19.32,71.56,2.0,Generic,quiet_rural,,0.0002,6.51,-98.26
2026-09-24T06:55:44.229,2437.027,21.0,-42.24,48.64,0.2852,WiFi,quiet_rural,0.4985,0.093,9.9,-99.4
2026-09-24T06:55:44.865,2436.608,41.016,-39.0,51.87,0.1422,WiFi,indoor_congested,0.5783,0.1491,9.88,-76.79
2026-09-24T06:55:46.282,2402.58,0.0,-74.32,6.02,0.0,Background,indoor_congested,,0.9358,10.67,-78.49
2026-09-24T06:55:46.702,2436.369,21.041,-35.21,55.67,0.3356,WiFi,urban,0.4057,0.0281,9.94,-85.45
2026-09-24T06:55:48.487,2440.102,4.717,-27.67,63.2,0.0163,UAV,suburban,0.0473,0.0017,7.64,-93.21
2026-09-24T06:55:48.549,,,-90.54,0.0,0.0,Background,quiet_rural,,0.999,11.56,-99.54
2026-09-24T06:55:49.079,,,-90.64,0.0,0.0,Background,quiet_rural,,0.9995,9.36,-101.27
2026-09-24T06:55:49.353,2420.976,1.189,-45.36,45.51,2.0,Generic,suburban,,0.0592,7.49,-91.8
2026-09-24T06:55:50.017,2402.293,3.404,-9.52,81.36,0.0025,UAV,urban,0.0291,0.0,8.8,-83.37
2026-09-24T06:55:50.696,2423.446,4.963,-17.43,73.45,0.0063,UAV,suburban,0.0488,0.0002,8.43,-91.62
2026-09-24T06:55:51.059,2408.613,1.354,-32.09,58.79,1.954,Generic,urban,,0.003,6.61,-84.68
2026-09-24T06:55:52.927,2461.555,41.057,-18.03,72.85,0.278,WiFi,indoor_congested,0.636,0.0126,10.06,-77.42
2026-09-24T06:55:53.953,2466.215,1.189,-39.59,51.29,1.911,Generic,urban,,0.0163,7.63,-85.19
2026-09-24T06:55:54.169,2436.387,41.057,-36.51,54.37,0.1886,WiFi,indoor_congested,0.4657,0.1108,10.2,-79.74
2026-09-24T06:55:55.726,2423.343,0.779,-35.82,55.06,1.719,Generic,suburban,,0.0068,5.48,-93.68
2026-09-24T06:55:58.628,2462.807,41.057,-32.25,58.63,0.272,WiFi,quiet_rural,0.883,0.0675,10.15,-98.29
2026-09-24T06:55:59.974,,,-88.92,0.0,0.0,Background,suburban,,0.9833,10.14,-91.08
2026-09-24T06:55:59.997,,,-90.54,0.0,0.0,Background,quiet_rural,,0.9989,9.88,-99.44
2026-09-24T06:56:00.264,2424.347,1.271,-33.91,56.97,0.5403,Generic,quiet_rural,0.8985,0.0046,6.62,-100.71
2026-09-24T06:56:01.340,2415.435,32.936,-33.94,56.94,0.1188,WiFi,urban,0.468,0.0497,10.17,-84.08
2026-09-24T06:56:01.757,2411.394,21.082,-34.78,56.09,2.0,WiFi,indoor_congested,,0.0261,9.87,-79.59
2026-09-24T06:56:03.134,2471.732,2.338,-10.48,80.4,0.0129,UAV,suburban,0.0289,0.0,7.44,-93.19
2026-09-24T06:56:03.731,2481.293,2.092,-26.37,64.51,0.0145,UAV,quiet_rural,0.0338,0.0009,8.2,-99.72
2026-09-24T06:56:05.974,2437.033,21.123,-18.97,71.9,0.404,WiFi,indoor_congested,0.986,0.0017,10.57,-76.94
2026-09-24T06:56:08.124,,,-89.73,0.0,0.0,Background,suburban,,0.9919,10.14,-93.81
2026-09-24T06:56:08.678,2452.921,3.404,-24.63,66.24,0.0099,UAV,indoor_congested,0.0254,0.0007,7.98,-79.12
2026-09-24T06:56:08.938,2428.302,1.107,-20.85,70.03,0.986,Generic,indoor_congested,0.834,0.0002,5.6,-77.99
2026-09-24T06:56:11.764,2437.293,2.051,-20.27,70.6,0.019,UAV,urban,0.0458,0.0002,7.71,-84.35
2026-09-24T06:56:11.892,2403.362,3.158,-25.16,65.72,0.0052,UAV,quiet_rural,0.048,0.0008,7.07,-99.25
2026-09-24T06:56:11.995,2432.668,1.641,-13.4,77.47,0.0138,UAV,suburban,0.0395,0.0,6.83,-92.62
2026-09-24T06:56:13.289,2418.217,3.691,-9.01,81.87,0.0149,UAV,indoor_congested,0.0414,0.0,9.73,-78.23
2026-09-24T06:56:14.179,2449.114,1.436,-30.38,60.49,1.925,Generic,urban,,0.0021,5.92,-84.79
2026-09-24T06:56:14.577,2426.701,0.656,-30.23,60.65,0.9995,Generic,urban,1.865,0.0019,6.59,-86.97
2026-09-24T06:56:15.167,2468.451,0.0,-74.73,6.49,0.0,Background,indoor_congested,,0.9346,10.28,-79.43
2026-09-24T06:56:15.596,2437.331,21.041,-31.79,59.09,0.291,WiFi,urban,0.69,0.0155,9.2,-86.87
2026-09-24T06:56:17.738,2409.708,0.574,-39.83,51.05,0.8875,Generic,suburban,1.691,0.0167,6.15,-93.74
2026-09-24T06:56:18.326,2435.741,0.041,-69.03,9.5,0.0,Background,indoor_congested,,0.9319,9.38,-76.54
2026-09-24T06:56:19.000,,,-86.38,0.0,0.0,Background,urban,,0.9614,10.44,-86.1
2026-09-24T06:56:19.002,2479.81,4.143,-26.93,63.95,0.0035,UAV,suburban,0.0289,0.0013,9.56,-93.55
2026-09-24T06:56:19.670,2438.018,0.0,-72.77,6.48,0.0,Background,indoor_congested,,0.9323,9.09,-77.25
2026-09-24T06:56:21.838,2404.634,3.691,-11.83,79.04,0.0109,UAV,urban,0.0491,0.0,9.18,-84.88
2026-09-24T06:56:21.979,,,-90.59,0.0,0.0,Background,quiet_rural,,0.9992,9.65,-100.31
2026-09-24T06:56:22.858,,,-80.05,0.0,0.0,Background,indoor_congested,,0.9371,10.36,-78.3
2026-09-24T06:56:24.821,2439.75,3.076,-4.03,86.84,0.0121,UAV,quiet_rural,0.0279,0.0,9.17,-98.26
2026-09-24T06:56:25.681,2466.459,2.83,-9.75,81.13,0.0135,UAV,urban,0.0455,0.0,8.88,-85.84
2026-09-24T06:56:25.959,2416.32,0.0,-77.68,6.51,0.0,Background,urban,,0.9465,9.74,-83.09
2026-09-24T06:56:26.582,2467.611,4.307,-12.46,78.42,0.0153,UAV,suburban,0.0319,0.0001,8.61,-92.69
2026-09-24T06:56:27.376,2444.015,2.092,-21.79,69.09,0.0111,UAV,urban,0.0402,0.0003,7.82,-83.78
2026-09-24T06:56:28.438,2414.274,4.84,-31.67,59.21,0.0071,UAV,quiet_rural,0.0248,0.004,8.59,-99.89
2026-09-24T06:56:28.510,2411.305,2.994,-16.49,74.39,0.0041,UAV,urban,0.0406,0.0001,7.37,-84.68
2026-09-24T06:56:28.863,2408.299,1.107,-46.02,44.85,0.931,Generic,urban,1.688,0.0673,7.0,-84.48
2026-09-24T06:56:29.650,2428.372,1.066,-18.63,72.25,2.0,Generic,quiet_rural,,0.0001,7.31,-101.83
2026-09-24T06:56:30.432,2451.772,0.369,-27.75,63.13,0.9225,Generic,quiet_rural,0.994,0.001,5.03,-100.38
2026-09-24T06:56:30.628,2437.464,21.164,-14.71,76.17,0.096,WiFi,urban,0.6413,0.0008,9.06,-85.25
2026-09-24T06:56:31.222,2425.821,0.943,-32.23,58.65,2.0,Generic,urban,,0.003,7.21,-85.05
2026-09-24T06:56:32.031,2407.067,4.266,-23.32,67.56,0.0135,UAV,suburban,0.0173,0.0006,8.83,-93.06
2026-09-24T06:56:33.932,2412.072,21.123,-19.22,71.66,2.0,WiFi,indoor_congested,,0.0018,9.48,-78.39
2026-09-24T06:56:34.732,2474.53,1.354,-24.18,66.7,2.0,Generic,quiet_rural,,0.0005,6.2,-100.91
2026-09-24T06:56:34.740,,,-86.78,0.0,0.0,Background,urban,,0.9625,9.46,-86.58
2026-09-24T06:56:37.176,2447.022,1.312,-34.19,56.68,0.9815,Generic,indoor_congested,0.489,0.0048,5.99,-79.56
2026-09-24T06:56:37.965,2479.1,5.168,-4.78,86.1,0.0038,UAV,quiet_rural,0.0457,0.0,9.84,-98.45
2026-09-24T06:56:40.064,2410.63,2.174,-29.32,61.55,0.003,UAV,urban,0.0252,0.0018,8.59,-85.48
2026-09-24T06:56:40.476,2437.094,21.082,-37.41,53.47,0.182,WiFi,indoor_congested,0.4645,0.0411,9.41,-76.02
2026-09-24T06:56:41.571,2414.173,1.395,-20.38,70.5,1.96,Generic,indoor_congested,,0.0002,6.59,-78.42
2026-09-24T06:56:42.073,2446.247,1.312,-27.38,63.49,0.8455,Generic,urban,1.517,0.001,6.58,-85.05
2026-09-24T06:56:44.295,2415.87,33.305,-40.18,50.69,0.189,WiFi,suburban,0.8265,0.1204,9.18,-91.39
2026-09-24T06:56:46.206,,,-90.64,0.0,0.0,Background,quiet_rural,,0.9994,10.15,-100.94
2026-09-24T06:56:48.022,,,-85.76,0.0,0.0,Background,urban,,0.9578,10.12,-85.21
2026-09-24T06:56:48.884,2436.822,21.082,-31.12,59.76,0.2232,WiFi,urban,0.3312,0.014,8.61,-86.85
2026-09-24T06:56:49.565,2437.436,41.098,-20.37,70.51,2.0,WiFi,suburban,,0.0168,9.69,-91.6
2026-09-24T06:56:51.716,,,-90.47,0.0,0.0,Background,quiet_rural,,0.9985,11.15,-98.66
2026-09-24T06:56:53.036,2442.249,1.477,-43.47,47.41,0.849,Generic,indoor_congested,0.44,0.0394,7.3,-77.77
2026-09-24T06:56:53.038,2427.504,1.189,-20.5,70.37,0.7955,Generic,indoor_congested,0.983,0.0002,7.44,-79.01
2026-09-24T06:56:53.496,2455.68,2.707,-24.1,66.78,0.0157,UAV,indoor_congested,0.0208,0.0006,8.71,-78.87
2026-09-24T06:56:55.811,2413.627,0.697,-35.38,55.5,0.861,Generic,quiet_rural,1.751,0.0061,5.64,-101.24
2026-09-24T06:56:56.691,2412.081,21.123,-16.38,74.49,2.0,WiFi,suburban,,0.0011,9.22,-90.68
2026-09-24T06:56:58.554,2452.227,1.477,-21.25,69.63,2.0,Generic,urban,,0.0003,6.72,-83.28
2026-09-24T06:56:58.685,2472.461,1.559,-26.43,64.45,0.8905,Generic,quiet_rural,1.225,0.0009,6.13,-99.96
2026-09-24T06:56:59.908,2412.328,21.123,-22.66,68.22,0.1305,WiFi,suburban,0.5563,0.0032,9.19,-93.18
2026-09-24T06:57:00.357,2421.17,0.41,-34.45,56.43,1.633,Generic,suburban,,0.0049,6.77,-92.37
2026-09-24T06:57:01.506,2450.854,4.922,-8.23,82.64,0.0172,UAV,urban,0.0332,0.0,9.87,-85.26
2026-09-24T06:57:01.678,2424.965,1.395,-17.77,73.1,0.9275,Generic,indoor_congested,1.17,0.0001,5.92,-77.44
2026-09-24T06:57:02.092,2452.927,1.312,-17.58,73.3,0.793,Generic,quiet_rural,0.842,0.0001,5.78,-101.19
2026-09-24T06:57:02.554,2472.473,1.395,-37.08,53.8,1.886,Generic,urban,,0.0094,8.13,-84.16
2026-09-24T06:57:03.083,2404.513,1.846,-28.46,62.42,0.0149,UAV,suburban,0.0411,0.0014,8.93,-90.95
2026-09-24T06:57:03.390,2475.585,1.025,-31.14,59.74,1.976,Generic,quiet_rural,,0.0024,6.59,-100.63
2026-09-24T06:57:03.438,2433.81,0.697,-47.28,43.6,0.9375,Generic,quiet_rural,1.338,0.0864,5.92,-99.95
2026-09-24T06:57:04.321,2415.524,32.812,-14.51,76.37,0.0824,WiFi,quiet_rural,0.4183,0.0033,9.31,-98.51
2026-09-24T06:57:04.949,,,-89.13,0.0,0.0,Background,suburban,,0.9855,11.81,-91.75
2026-09-24T06:57:06.142,2421.655,4.635,-6.2,84.68,0.013,UAV,quiet_rural,0.0141,0.0,8.32,-100.56
2026-09-24T06:57:06.565,2469.315,2.42,-20.6,70.28,0.0031,UAV,quiet_rural,0.0259,0.0003,7.98,-100.0
2026-09-24T06:57:06.894,2437.675,41.098,-25.63,65.25,2.0,WiFi,suburban,,0.031,11.57,-90.76
2026-09-24T06:57:07.324,2473.02,4.963,-29.28,61.6,0.0161,UAV,suburban,0.0198,0.0024,7.9,-90.52
2026-09-24T06:57:08.167,2436.144,41.139,-16.23,74.65,0.43,WiFi,quiet_rural,0.901,0.0102,10.2,-101.76
2026-09-24T06:57:09.783,2462.71,21.041,-40.78,50.1,0.3756,WiFi,indoor_congested,0.483,0.0726,9.2,-79.46
2026-09-24T06:57:10.434,2431.503,1.477,-40.63,50.24,0.862,Generic,indoor_congested,0.7,0.0212,7.32,-77.88
2026-09-24T06:57:10.468,,,-89.7,0.0,0.0,Background,suburban,,0.9912,9.2,-93.55
2026-09-24T06:57:10.483,2443.802,1.23,-44.66,46.21,0.93,Generic,suburban,1.544,0.0509,7.21,-92.12
2026-09-24T06:57:10.889,2477.819,1.641,-30.52,60.35,0.0169,UAV,quiet_rural,0.0393,0.0022,6.42,-99.59
2026-09-24T06:57:11.736,2481.287,1.395,-32.66,58.22,2.0,Generic,quiet_rural,,0.0035,7.51,-100.07
2026-09-24T06:57:11.883,,,-89.69,0.0,0.0,Background,suburban,,0.9924,8.83,-93.75
2026-09-24T06:57:13.647,,,-89.2,0.0,0.0,Background,suburban,,0.9871,9.83,-91.87
2026-09-24T06:57:14.876,,,-89.63,0.0,0.0,Background,suburban,,0.991,9.1,-93.39
2026-09-24T06:57:15.594,2455.656,0.615,-23.87,67.01,2.0,Generic,suburban,,0.0004,6.03,-93.31
2026-09-24T06:57:18.003,,,-89.19,0.0,0.0,Background,suburban,,0.9864,10.08,-91.8
2026-09-24T06:57:18.736,2472.244,2.707,-12.66,78.22,0.011,UAV,urban,0.026,0.0,7.71,-85.04
2026-09-24T06:57:18.783,2415.5,0.0,-73.41,6.17,0.0,Background,indoor_congested,,0.9392,9.22,-77.82
2026-09-24T06:57:20.261,2437.686,21.082,-30.23,60.65,0.4253,WiFi,suburban,0.7495,0.0119,8.5,-91.05
2026-09-24T06:57:20.619,2453.602,3.896,-23.73,67.15,0.0182,UAV,urban,0.0315,0.0006,7.77,-83.09
2026-09-24T06:57:21.173,,,-90.45,0.0,0.0,Background,quiet_rural,,0.9985,10.06,-98.5
2026-09-24T06:57:21.238,2451.04,1.764,-26.36,64.51,0.0099,UAV,indoor_congested,0.0157,0.0009,7.9,-76.12
2026-09-24T06:57:22.133,2462.267,21.082,-33.79,57.09,0.144,WiFi,suburban,0.199,0.022,9.17,-90.94
2026-09-24T06:57:24.167,2414.828,31.869,-31.08,59.79,0.0907,WiFi,indoor_congested,0.656,0.031,10.65,-78.94
2026-09-24T06:57:24.836,2415.689,33.469,-37.91,52.97,0.1027,WiFi,suburban,0.948,0.0888,9.31,-92.69
2026-09-24T06:57:24.916,2461.095,2.01,-20.18,70.69,0.0171,UAV,quiet_rural,0.019,0.0002,7.69,-98.04
2026-09-24T06:57:26.179,2416.513,0.369,-32.51,58.37,2.0,Generic,quiet_rural,,0.0031,5.2,-98.38
2026-09-24T06:57:28.212,,,-86.16,0.0,0.0,Background,urban,,0.9586,9.2,-85.73
2026-09-24T06:57:29.686,2415.69,32.977,-41.99,48.89,0.0797,WiFi,urban,0.9015,0.1518,9.9,-86.82
2026-09-24T06:57:30.151,,,-85.91,0.0,0.0,Background,urban,,0.9567,9.42,-85.35
2026-09-24T06:57:30.369,2435.013,0.574,-29.59,61.29,0.961,Generic,suburban,0.335,0.0016,5.79,-91.45
2026-09-24T06:57:31.502,2412.072,21.041,-37.73,53.14,0.1335,WiFi,suburban,0.935,0.0434,9.2,-92.95
2026-09-24T06:57:31.673,2406.352,3.158,-9.72,81.16,0.0024,UAV,indoor_congested,0.0218,0.0,8.13,-76.02
2026-09-24T06:57:31.804,2455.138,1.271,-36.16,54.72,0.9785,Generic,indoor_congested,1.454,0.0075,6.66,-78.24
2026-09-24T06:57:32.205,2451.351,1.477,-26.4,64.48,2.0,Generic,indoor_congested,,0.0008,6.01,-76.55
2026-09-24T06:57:35.032,2437.904,21.082,-30.33,60.55,0.335,WiFi,quiet_rural,0.8325,0.0122,10.01,-100.74
2026-09-24T06:57:35.588,2411.028,1.764,-27.17,63.71,0.0067,UAV,urban,0.0163,0.0011,7.38,-83.54
2026-09-24T06:57:38.296,,,-84.54,0.0,0.0,Background,urban,,0.9483,10.14,-83.45
2026-09-24T06:57:39.298,2474.706,4.922,-18.84,72.04,0.0184,UAV,indoor_congested,0.0288,0.0003,9.8,-79.13
2026-09-24T06:57:39.342,2475.297,4.02,-19.85,71.02,0.0078,UAV,quiet_rural,0.0462,0.0003,8.32,-99.71
2026-09-24T06:57:39.885,2416.654,0.246,-42.85,48.02,2.0,Generic,urban,,0.0323,3.62,-85.1
2026-09-24T06:57:41.441,2436.154,21.0,-38.88,52.0,0.2764,WiFi,quiet_rural,0.4395,0.0526,10.67,-100.15
2026-09-24T06:57:41.682,2420.915,0.697,-29.2,61.68,0.5473,Generic,quiet_rural,0.7535,0.0015,7.1,-100.18
2026-09-24T06:57:42.897,2464.128,1.354,-25.2,65.68,0.5613,Generic,quiet_rural,0.809,0.0006,7.55,-101.75
2026-09-24T06:57:43.160,2446.049,1.559,-21.44,69.44,2.0,Generic,quiet_rural,,0.0003,7.4,-99.16
2026-09-24T06:57:48.398,2415.715,5.086,-10.82,80.05,0.0168,UAV,urban,0.0432,0.0,8.09,-83.95
2026-09-24T06:57:50.833,2461.517,41.016,-37.7,53.18,0.4128,WiFi,urban,0.5513,0.1275,10.45,-83.49
2026-09-24T06:57:51.075,2472.911,0.246,-44.53,46.35,0.9805,Generic,quiet_rural,0.367,0.0466,5.71,-99.42
2026-09-24T06:57:52.390,,,-90.63,0.0,0.0,Background,quiet_rural,,0.9995,9.15,-101.1
2026-09-24T06:57:52.444,2450.999,1.23,-19.11,71.77,2.0,Generic,urban,,0.0002,8.45,-86.61
2026-09-24T06:57:53.139,2416.334,1.395,-43.98,46.9,0.8915,Generic,indoor_congested,0.301,0.0442,6.29,-78.85
2026-09-24T06:57:56.284,2404.706,2.871,-7.48,83.39,0.0038,UAV,urban,0.0376,0.0,8.98,-86.96
2026-09-24T06:57:57.106,,,-90.42,0.0,0.0,Background,quiet_rural,,0.9984,10.28,-98.27
2026-09-24T06:57:57.836,2462.674,21.082,-23.34,67.54,2.0,WiFi,urban,,0.0036,9.25,-84.44
2026-09-24T06:57:58.488,2448.002,1.148,-37.14,53.74,2.0,Generic,quiet_rural,,0.0094,5.94,-99.44
2026-09-24T06:57:58.745,,,-88.56,0.0,0.0,Background,suburban,,0.9792,9.72,-90.06
2026-09-24T06:58:01.471,,,-85.33,0.0,0.0,Background,urban,,0.9528,9.6,-84.46
2026-09-24T06:58:03.025,2468.632,2.461,-23.9,66.98,0.0061,UAV,urban,0.0494,0.0006,7.49,-85.05
2026-09-24T06:58:05.440,2462.328,3.24,-29.01,61.87,0.0094,UAV,indoor_congested,0.0408,0.0019,8.54,-79.01
2026-09-24T06:58:06.763,,,-89.69,0.0,0.0,Background,suburban,,0.9912,9.76,-93.69
2026-09-24T06:58:07.072,2443.001,0.041,-69.8,9.04,0.0,Background,indoor_congested,,0.9313,9.17,-76.81
2026-09-24T06:58:07.723,2461.495,21.041,-39.73,51.15,0.2558,WiFi,urban,0.4788,0.0608,9.42,-83.07
2026-09-24T06:58:08.073,2403.494,3.773,-27.03,63.85,0.0024,UAV,indoor_congested,0.039,0.0013,7.41,-78.93
2026-09-24T06:58:08.114,2447.317,3.404,-16.09,74.78,0.01,UAV,urban,0.0161,0.0001,8.8,-85.07
2026-09-24T06:58:08.840,2452.752,0.287,-44.28,46.6,2.0,Generic,suburban,,0.0443,6.16,-91.04
2026-09-24T06:58:09.777,,,-86.85,0.0,0.0,Background,urban,,0.965,10.39,-86.86
2026-09-24T06:58:10.178,2436.997,21.082,-26.89,63.99,0.2637,WiFi,indoor_congested,0.762,0.0067,10.23,-79.29
2026-09-24T06:58:10.282,,,-89.71,0.0,0.0,Background,suburban,,0.9918,10.42,-93.64
2026-09-24T06:58:10.503,2461.473,21.164,-15.99,74.89,0.117,WiFi,quiet_rural,0.843,0.001,10.2,-100.16
2026-09-24T06:58:12.028,2441.616,0.943,-22.42,68.46,1.937,Generic,quiet_rural,,0.0003,5.96,-101.26
2026-09-24T06:58:12.182,2421.898,0.0,-74.78,6.57,0.0,Background,indoor_congested,,0.9337,9.47,-79.51
2026-09-24T06:58:12.362,2435.932,41.098,-18.51,72.37,0.2273,WiFi,indoor_congested,0.668,0.0135,9.07,-77.2
2026-09-24T06:58:12.901,2472.553,0.0,-73.57,7.22,0.0,Background,indoor_congested,,0.9348,10.12,-79.07
2026-09-24T06:58:13.364,2456.114,0.656,-42.28,48.6,2.0,Generic,urban,,0.029,6.91,-86.28
2026-09-24T06:58:13.699,2422.781,2.912,-16.92,73.96,0.0031,UAV,suburban,0.0384,0.0001,9.08,-90.41
2026-09-24T06:58:13.816,,,-84.26,0.0,0.0,Background,urban,,0.9446,10.16,-83.01
2026-09-24T06:58:15.325,2471.204,4.061,-4.82,86.05,0.0175,UAV,urban,0.0328,0.0,9.66,-86.1
2026-09-24T06:58:16.615,2399.832,0.0,-73.63,6.19,0.0,Background,indoor_congested,,0.9374,9.44,-78.02
2026-09-24T06:58:17.506,,,-89.35,0.0,0.0,Background,suburban,,0.9889,8.9,-92.42
2026-09-24T06:58:18.420,2437.512,41.057,-37.71,53.16,0.2142,WiFi,suburban,0.571,0.1278,9.71,-92.05
2026-09-24T06:58:18.548,,,-90.65,0.0,0.0,Background,quiet_rural,,0.9996,9.79,-101.49
2026-09-24T06:58:18.635,,,-89.46,0.0,0.0,Background,suburban,,0.9895,9.15,-92.72
2026-09-24T06:58:18.791,2409.701,0.697,-41.08,49.8,0.7635,Generic,quiet_rural,0.746,0.0223,6.01,-101.04
2026-09-24T06:58:18.941,2447.921,5.086,-7.09,83.79,0.0166,UAV,urban,0.0385,0.0,8.17,-85.38
2026-09-24T06:58:19.049,,,-88.73,0.0,0.0,Background,suburban,,0.9826,9.98,-90.71
2026-09-24T06:58:20.358,2446.453,1.436,-31.39,59.49,0.9195,Generic,suburban,1.418,0.0026,6.83,-90.58
2026-09-24T06:58:20.957,2462.21,21.082,-24.73,66.14,2.0,WiFi,quiet_rural,,0.0046,9.81,-98.24
2026-09-24T06:58:21.420,,,-85.53,0.0,0.0,Background,urban,,0.9539,9.86,-84.75
2026-09-24T06:58:22.259,2411.179,21.082,-29.6,61.28,0.408,WiFi,suburban,0.5707,0.0107,8.9,-92.08
2026-09-24T06:58:23.586,,,-90.54,0.0,0.0,Background,quiet_rural,,0.9989,9.34,-99.53
2026-09-24T06:58:24.316,2431.545,3.773,-29.77,61.11,0.0099,UAV,suburban,0.0316,0.0024,9.09,-92.21
2026-09-24T06:58:24.421,2417.715,4.061,-2.43,88.45,0.0097,UAV,suburban,0.0394,0.0,8.09,-91.84
2026-09-24T06:58:24.717,2455.701,1.189,-34.66,56.22,0.9235,Generic,suburban,1.86,0.0053,6.36,-90.83
2026-09-24T06:58:26.256,2410.968,21.164,-14.69,76.19,0.195,WiFi,indoor_congested,0.949,0.0008,9.62,-76.57
2026-09-24T06:58:26.839,2412.336,21.082,-22.28,68.6,0.3162,WiFi,urban,0.6083,0.003,9.84,-84.79
2026-09-24T06:58:26.984,2476.039,4.225,-16.29,74.58,0.0109,UAV,urban,0.0337,0.0001,8.04,-86.77
2026-09-24T06:58:28.710,2418.858,0.328,-35.52,55.36,2.0,Generic,urban,,0.0062,5.02,-84.94
2026-09-24T06:58:30.477,2412.004,21.082,-30.81,60.07,0.219,WiFi,suburban,0.8755,0.0132,9.77,-93.13
2026-09-24T06:58:31.190,2411.369,21.123,-20.79,70.09,0.364,WiFi,indoor_congested,0.999,0.0024,10.2,-79.15
2026-09-24T06:58:31.400,2415.515,32.977,-36.71,54.16,0.0906,WiFi,urban,0.2713,0.0732,9.14,-84.03
2026-09-24T06:58:31.828,2479.338,1.764,-3.57,87.3,0.0106,UAV,indoor_congested,0.0351,0.0,6.76,-77.51
2026-09-24T06:58:33.640,,,-88.69,0.0,0.0,Background,suburban,,0.9815,10.19,-90.48
2026-09-24T06:58:34.116,2411.568,1.271,-22.6,68.27,0.9025,Generic,urban,0.461,0.0003,5.89,-83.06
2026-09-24T06:58:34.166,2436.26,2.543,-17.53,73.35,0.0047,UAV,urban,0.0452,0.0001,8.68,-86.49
2026-09-24T06:58:36.140,2468.366,3.732,-13.67,77.21,0.008,UAV,indoor_congested,0.0456,0.0001,8.7,-76.22
2026-09-24T06:58:36.917,2402.956,1.271,-42.0,48.88,0.776,Generic,indoor_congested,0.524,0.0279,6.55,-77.5
2026-09-24T06:58:38.941,2450.362,1.436,-37.44,53.44,2.0,Generic,indoor_congested,,0.0103,7.78,-77.81
2026-09-24T06:58:39.186,2461.924,4.553,-6.35,84.53,0.0117,UAV,quiet_rural,0.042,0.0,8.7,-99.73
2026-09-24T06:58:41.606,,,-85.85,0.0,0.0,Background,urban,,0.9559,9.12,-85.26
2026-09-24T06:58:42.696,2449.379,0.0,-71.73,6.23,0.0,Background,indoor_congested,,0.9337,9.98,-76.0
2026-09-24T06:58:43.505,2437.546,2.625,-26.35,64.53,0.0205,UAV,quiet_rural,0.0215,0.001,8.19,-98.7
2026-09-24T06:58:44.169,2476.257,1.148,-34.76,56.12,2.0,Generic,quiet_rural,,0.0055,6.67,-98.11
2026-09-24T06:58:46.238,2459.952,4.061,-7.95,82.93,0.0126,UAV,suburban,0.0337,0.0,8.08,-93.81
2026-09-24T06:58:46.631,2437.801,21.082,-33.26,57.61,0.065,WiFi,quiet_rural,0.764,0.0201,9.95,-101.71
2026-09-24T06:58:46.671,2416.077,33.51,-14.43,76.45,0.211,WiFi,indoor_congested,0.5663,0.0035,8.56,-79.92
2026-09-24T06:58:47.272,2424.871,1.271,-21.41,69.47,0.5827,Generic,quiet_rural,0.981,0.0003,5.21,-98.44
2026-09-24T06:58:47.914,2478.973,4.471,-21.43,69.45,0.0085,UAV,suburban,0.0108,0.0004,8.97,-92.82
2026-09-24T06:58:48.868,2411.975,0.615,-45.33,45.55,0.758,Generic,suburban,1.442,0.0569,8.56,-90.56
2026-09-24T06:58:49.024,2442.331,1.189,-19.51,71.37,0.802,Generic,urban,1.08,0.0002,5.57,-84.05
2026-09-24T06:58:49.041,2455.643,2.912,-22.23,68.64,0.0024,UAV,urban,0.0196,0.0004,7.24,-86.76
2026-09-24T06:58:49.279,,,-90.48,0.0,0.0,Background,quiet_rural,,0.9987,8.94,-98.9
2026-09-24T06:58:50.644,2466.543,1.477,-17.78,73.1,0.835,Generic,indoor_congested,0.397,0.0001,8.68,-77.26
2026-09-24T06:58:51.055,2473.751,1.025,-42.21,48.67,0.938,Generic,quiet_rural,1.618,0.0292,7.03,-99.5
2026-09-24T06:58:51.490,2431.637,0.656,-39.56,51.32,0.927,Generic,quiet_rural,1.474,0.0158,6.59,-101.35
2026-09-24T06:58:51.654,2461.86,21.082,-34.74,56.14,0.189,WiFi,urban,0.947,0.0259,9.95,-83.96
2026-09-24T06:58:53.206,,,-90.46,0.0,0.0,Background,quiet_rural,,0.9985,9.92,-98.53
2026-09-24T06:58:54.421,2461.33,41.098,-19.19,71.69,0.3572,WiFi,suburban,0.4857,0.0145,10.44,-90.54
2026-09-24T06:58:56.343,2437.905,21.123,-20.68,70.2,0.17,WiFi,indoor_congested,0.851,0.0023,9.49,-77.01
2026-09-24T06:58:56.758,2454.832,1.312,-21.3,69.58,0.784,Generic,urban,1.082,0.0003,6.92,-86.92
2026-09-24T06:58:57.163,2437.018,41.098,-25.4,65.47,0.2488,WiFi,suburban,0.4968,0.0302,10.1,-91.42
2026-09-24T06:58:57.399,2479.648,0.0,-73.48,6.71,0.0,Background,indoor_congested,,0.9348,9.12,-78.33
2026-09-24T06:58:58.943,2438.002,1.723,-24.52,66.36,0.0172,UAV,indoor_congested,0.0239,0.0006,8.21,-76.3
2026-09-24T06:58:59.891,2444.875,1.23,-33.66,57.22,0.798,Generic,indoor_congested,1.085,0.0042,6.92,-79.51
2026-09-24T06:58:59.999,2462.237,21.082,-24.33,66.55,2.0,WiFi,indoor_congested,,0.0043,9.08,-76.99
2026-09-24T06:59:01.115,2437.606,41.139,-16.83,74.04,0.3798,WiFi,suburban,0.5097,0.011,10.25,-93.55
2026-09-24T06:59:02.173,2415.147,31.869,-17.85,73.03,0.2377,WiFi,indoor_congested,0.8075,0.0047,10.23,-78.73
2026-09-24T06:59:02.267,2454.56,4.758,-8.55,82.33,0.0105,UAV,indoor_congested,0.0293,0.0,10.6,-78.06
2026-09-24T06:59:02.746,,,-90.61,0.0,0.0,Background,quiet_rural,,0.9993,8.83,-100.58
2026-09-24T06:59:05.377,2480.012,1.518,-24.33,66.55,0.826,Generic,indoor_congested,1.005,0.0005,6.56,-76.22
2026-09-24T06:59:05.572,2415.874,33.059,-29.2,61.67,0.1956,WiFi,urban,0.4332,0.026,9.29,-84.53
2026-09-24T06:59:06.085,2461.819,1.148,-37.11,53.77,0.9155,Generic,urban,0.741,0.0091,6.42,-83.2
2026-09-24T06:59:12.541,2467.745,4.307,-2.97,87.91,0.0021,UAV,indoor_congested,0.0462,0.0,8.06,-79.16
2026-09-24T06:59:13.522,2464.019,3.979,-27.27,63.61,0.0185,UAV,urban,0.0286,0.0014,8.39,-83.19
2026-09-24T06:59:15.752,2461.738,41.057,-40.34,50.54,0.3117,WiFi,suburban,0.5667,0.1724,10.8,-92.1
2026-09-24T06:59:15.777,2462.614,41.016,-41.43,49.45,0.2345,WiFi,suburban,0.4813,0.196,9.85,-91.06
2026-09-24T06:59:17.166,2472.315,0.451,-41.78,49.1,0.774,Generic,suburban,1.277,0.0258,4.85,-90.89
2026-09-24T06:59:17.369,2430.61,1.805,-17.57,73.31,0.017,UAV,urban,0.0421,0.0001,7.88,-86.21
2026-09-24T06:59:21.604,2439.099,3.445,-27.78,63.09,0.0107,UAV,indoor_congested,0.0267,0.0015,7.17,-76.52
2026-09-24T06:59:23.922,,,-90.61,0.0,0.0,Background,quiet_rural,,0.9993,9.97,-100.44
2026-09-24T06:59:24.005,2403.708,4.594,-18.0,72.88,0.0051,UAV,indoor_congested,0.0343,0.0002,7.96,-77.67
2026-09-24T06:59:24.043,2461.851,21.041,-27.86,63.02,0.243,WiFi,quiet_rural,0.2677,0.0079,9.58,-100.61
2026-09-24T06:59:25.466,2461.697,21.041,-38.0,52.88,0.4455,WiFi,quiet_rural,0.4913,0.0453,9.08,-101.21
2026-09-24T06:59:26.473,2410.209,0.0,-73.48,6.01,0.0,Background,indoor_congested,,0.9372,9.22,-77.7
2026-09-24T06:59:27.233,2401.318,1.395,-27.07,63.81,0.7615,Generic,urban,1.71,0.001,4.86,-84.51
2026-09-24T06:59:27.859,2470.001,0.697,-38.71,52.16,0.9295,Generic,quiet_rural,1.822,0.013,6.69,-99.42
2026-09-24T06:59:29.748,2401.021,0.0,-71.95,6.06,0.0,Background,indoor_congested,,0.9325,9.65,-76.03
2026-09-24T06:59:29.957,2437.139,21.164,-12.94,77.94,2.0,WiFi,urban,,0.0006,8.86,-85.26
2026-09-24T06:59:30.640,2449.961,3.035,-19.1,71.77,0.0097,UAV,quiet_rural,0.0331,0.0002,7.33,-98.03
2026-09-24T06:59:31.292,2452.496,0.0,-78.48,6.29,0.0,Background,urban,,0.9506,9.82,-83.69
2026-09-24T06:59:31.577,2471.225,1.436,-17.29,73.59,0.778,Generic,suburban,1.351,0.0001,6.78,-91.12
2026-09-24T06:59:33.236,2436.49,41.057,-40.53,50.34,0.1417,WiFi,suburban,0.8345,0.1773,10.92,-92.1
2026-09-24T06:59:34.157,2411.357,0.0,-72.5,6.31,0.0,Background,indoor_congested,,0.9332,10.25,-76.84
2026-09-24T06:59:34.842,,,-90.41,0.0,0.0,Background,quiet_rural,,0.9983,9.58,-98.02
2026-09-24T06:59:35.103,2436.234,41.057,-31.66,59.22,0.1212,WiFi,quiet_rural,0.499,0.0626,9.34,-100.4
2026-09-24T06:59:36.086,2421.066,0.902,-35.0,55.88,1.925,Generic,urban,,0.0057,6.28,-84.3
2026-09-24T06:59:36.684,2443.904,1.477,-21.4,69.48,2.0,Generic,suburban,,0.0003,7.16,-91.06
2026-09-24T06:59:37.249,2413.121,0.0,-74.0,6.06,0.0,Background,indoor_congested,,0.9377,9.46,-78.23
2026-09-24T06:59:38.492,2408.979,0.0,-74.56,6.2,0.0,Background,indoor_congested,,0.9349,9.3,-78.97
2026-09-24T06:59:38.870,2408.681,2.625,-18.58,72.29,0.0145,UAV,indoor_congested,0.0441,0.0002,8.92,-76.32
2026-09-24T06:59:39.140,2461.408,41.016,-27.57,63.31,0.0638,WiFi,indoor_congested,0.5363,0.0388,9.17,-78.75
2026-09-24T06:59:39.369,2438.502,0.287,-44.73,46.15,0.851,Generic,urban,0.955,0.0491,5.06,-86.69
2026-09-24T06:59:39.570,2415.672,0.82,-31.25,59.63,0.975,Generic,suburban,1.9,0.0024,8.27,-92.17
2026-09-24T06:59:39.636,,,-86.16,0.0,0.0,Background,urban,,0.9561,9.89,-85.73
2026-09-24T06:59:40.039,2473.816,3.896,-31.1,59.78,0.004,UAV,suburban,0.0229,0.0033,8.41,-92.52
2026-09-24T06:59:40.911,2418.838,0.246,-45.69,45.18,0.8255,Generic,suburban,1.603,0.0601,4.05,-90.18
2026-09-24T06:59:41.124,2417.193,4.84,-18.75,72.12,0.0094,UAV,indoor_congested,0.0111,0.0002,8.27,-78.9
2026-09-24T06:59:42.559,2458.051,1.559,-17.62,73.26,2.0,Generic,suburban,,0.0001,7.49,-90.23
2026-09-24T06:59:43.227,2407.778,1.436,-46.54,44.34,1.778,Generic,indoor_congested,,0.0767,8.89,-76.75
2026-09-24T06:59:43.239,2462.181,21.164,-14.71,76.17,0.1217,WiFi,indoor_congested,0.753,0.0008,9.59,-79.37
2026-09-24T06:59:43.389,2418.626,2.912,-23.94,66.93,0.0142,UAV,quiet_rural,0.0269,0.0006,6.77,-100.34
2026-09-24T06:59:43.459,2423.08,1.271,-25.49,65.39,0.7915,Generic,urban,0.912,0.0007,5.98,-83.58
2026-09-24T06:59:44.443,2404.585,2.625,-30.53,60.35,0.0178,UAV,quiet_rural,0.0398,0.0025,9.94,-98.02
2026-09-24T06:59:44.860,2479.433,1.395,-34.64,56.23,2.0,Generic,urban,,0.0054,8.04,-84.56
2026-09-24T06:59:45.097,2462.878,41.18,-12.32,78.55,0.2634,WiFi,suburban,0.4755,0.0065,9.94,-90.8
2026-09-24T06:59:46.230,2427.15,2.953,-6.9,83.97,0.005,UAV,urban,0.0224,0.0,8.08,-85.5
2026-09-24T06:59:46.559,2461.82,1.312,-24.93,65.95,0.805,Generic,indoor_congested,0.587,0.0006,5.93,-77.64
2026-09-24T06:59:47.964,2461.907,41.057,-18.87,72.0,0.0965,WiFi,urban,0.2042,0.014,8.95,-83.48
2026-09-24T06:59:48.314,2446.368,1.518,-30.38,60.5,0.8325,Generic,quiet_rural,0.386,0.0021,5.82,-100.47
2026-09-24T06:59:48.566,2415.547,3.363,-15.72,75.16,0.0173,UAV,indoor_congested,0.023,0.0001,9.04,-79.83
2026-09-24T06:59:49.671,2425.763,5.168,-9.78,81.1,0.0133,UAV,urban,0.047,0.0,8.63,-86.63
2026-09-24T06:59:49.878,2403.527,3.609,-10.97,79.9,2.0,UAV,indoor_congested,,0.0,9.58,-76.84
2026-09-24T06:59:50.001,2434.464,1.189,-28.45,62.43,2.0,Generic,indoor_congested,,0.0013,5.68,-76.08
2026-09-24T06:59:50.386,2442.128,0.861,-20.83,70.05,1.599,Generic,quiet_rural,,0.0002,4.72,-100.36
2026-09-24T06:59:50.520,2435.987,0.287,-38.61,52.27,0.5247,Generic,quiet_rural,0.8935,0.0123,5.79,-100.24
2026-09-24T06:59:51.361,,,-89.04,0.0,0.0,Background,suburban,,0.9859,10.33,-91.62
2026-09-24T06:59:51.392,2460.931,21.082,-32.84,58.03,0.0937,WiFi,indoor_congested,0.499,0.0187,9.34,-78.43
2026-09-24T06:59:51.397,2415.389,33.141,-32.48,58.4,0.3075,WiFi,indoor_congested,0.6073,0.0413,9.77,-78.27
2026-09-24T06:59:51.844,2461.446,41.139,-12.94,77.94,0.213,WiFi,indoor_congested,0.493,0.007,8.47,-76.35
2026-09-24T06:59:51.999,2405.598,3.076,-28.05,62.83,0.0036,UAV,indoor_congested,0.0391,0.0015,7.36,-78.07
2026-09-24T06:59:52.137,2470.733,2.461,-31.8,59.08,0.0133,UAV,suburban,0.0417,0.0033,7.75,-92.8
2026-09-24T06:59:53.368,2451.463,3.486,-26.21,64.67,0.0192,UAV,suburban,0.0286,0.0011,8.63,-91.02
2026-09-24T06:59:54.688,2455.884,2.01,-11.33,79.54,0.0028,UAV,quiet_rural,0.0337,0.0,8.99,-98.42
2026-09-24T06:59:55.966,2437.3,21.041,-39.27,51.61,2.0,WiFi,indoor_congested,,0.0563,9.87,-77.49
2026-09-24T06:59:56.825,2436.256,21.164,-16.53,74.35,2.0,WiFi,quiet_rural,,0.0011,8.79,-99.87
2026-09-24T06:59:58.489,,,-90.46,0.0,0.0,Background,quiet_rural,,0.9986,10.98,-98.6
2026-09-24T06:59:58.836,2462.285,21.082,-28.61,62.27,0.1224,WiFi,suburban,0.398,0.009,8.93,-91.13
2026-09-24T06:59:59.252,2474.276,1.23,-34.24,56.63,1.951,Generic,quiet_rural,,0.0049,7.53,-100.73
2026-09-24T06:59:59.656,,,-85.58,0.0,0.0,Background,urban,,0.9541,9.62,-84.83
2026-09-24T07:00:03.123,,,-89.35,0.0,0.0,Background,suburban,,0.9886,10.25,-92.46
2026-09-24T07:00:03.251,2471.244,0.82,-41.39,49.49,0.9635,Generic,suburban,1.923,0.0241,6.16,-90.88
2026-09-24T07:00:05.395,2436.098,21.082,-30.63,60.25,0.1707,WiFi,urban,0.651,0.0128,9.06,-83.51
2026-09-24T07:00:06.204,2471.237,0.697,-44.1,46.77,0.79,Generic,suburban,0.43,0.0437,5.27,-90.71
2026-09-24T07:00:08.782,2412.837,21.082,-29.28,61.6,0.1778,WiFi,urban,0.3428,0.0102,9.74,-83.43
2026-09-24T07:00:08.986,2465.4,0.328,-46.09,44.79,2.0,Generic,suburban,,0.066,4.12,-90.59
2026-09-24T07:00:09.017,2458.793,1.559,-15.95,74.93,0.0143,UAV,urban,0.0481,0.0001,7.76,-83.65
2026-09-24T07:00:09.771,2469.504,2.461,-20.55,70.33,0.0162,UAV,urban,0.0213,0.0003,7.73,-84.74
2026-09-24T07:00:12.125,,,-90.53,0.0,0.0,Background,quiet_rural,,0.999,10.08,-99.46
2026-09-24T07:00:12.369,2411.317,1.395,-29.5,61.37,0.96,Generic,suburban,1.612,0.0017,6.02,-93.77
2026-09-24T07:00:12.372,,,-90.4,0.0,0.0,Background,quiet_rural,,0.9982,9.27,-98.01
2026-09-24T07:00:12.691,2462.546,21.164,-15.52,75.35,0.1993,WiFi,quiet_rural,0.956,0.001,9.57,-100.72
2026-09-24T07:00:13.262,2464.133,1.312,-41.79,49.09,1.897,Generic,indoor_congested,,0.0267,6.32,-79.16
2026-09-24T07:00:13.620,2437.308,2.748,-25.27,65.61,0.0023,UAV,urban,0.0377,0.0008,8.03,-83.86
2026-09-24T07:00:14.264,2473.455,1.969,-22.16,68.72,0.0065,UAV,urban,0.0132,0.0004,6.77,-83.63
2026-09-24T07:00:15.942,2435.991,41.057,-37.98,52.89,0.3745,WiFi,indoor_congested,0.508,0.1319,9.54,-77.31
2026-09-24T07:00:17.335,2462.004,1.189,-44.06,46.82,0.6593,Generic,urban,0.714,0.0443,5.31,-86.65
2026-09-24T07:00:19.300,2475.49,5.168,-10.08,80.8,0.0087,UAV,indoor_congested,0.0232,0.0,8.51,-78.97
2026-09-24T07:00:20.482,,,-89.56,0.0,0.0,Background,suburban,,0.9905,9.71,-93.13
2026-09-24T07:00:21.054,2461.481,41.057,-25.3,65.57,0.3698,WiFi,indoor_congested,0.5323,0.0297,9.54,-78.37
2026-09-24T07:00:21.480,2412.393,21.123,-16.77,74.11,0.3064,WiFi,suburban,0.4325,0.0012,9.32,-93.83
2026-09-24T07:00:22.973,2436.87,2.256,-7.13,83.75,0.0186,UAV,indoor_congested,0.0197,0.0,6.23,-76.76
2026-09-24T07:00:23.273,,,-90.66,0.0,0.0,Background,quiet_rural,,0.9996,9.6,-101.45
2026-09-24T07:00:25.065,,,-90.55,0.0,0.0,Background,quiet_rural,,0.9991,9.6,-99.73
2026-09-24T07:00:25.923,2436.086,1.148,-33.83,57.05,2.0,Generic,indoor_congested,,0.0043,4.87,-77.69
2026-09-24T07:00:26.649,,,-85.05,0.0,0.0,Background,urban,,0.9555,9.24,-84.23
2026-09-24T07:00:27.086,,,-85.99,0.0,0.0,Background,urban,,0.9594,9.32,-85.51
2026-09-24T07:00:28.208,,,-90.6,0.0,0.0,Background,quiet_rural,,0.9993,10.15,-100.53
2026-09-24T07:00:28.977,2432.083,0.902,-27.49,63.39,1.912,Generic,urban,,0.001,6.78,-83.03
2026-09-24T07:00:29.197,2411.483,21.041,-38.12,52.76,0.0516,WiFi,indoor_congested,0.24,0.0464,9.99,-76.49
2026-09-24T07:00:29.793,,,-88.95,0.0,0.0,Background,suburban,,0.984,9.97,-91.23
2026-09-24T07:00:30.340,2447.32,1.6,-27.88,63.0,0.0025,UAV,suburban,0.039,0.0012,7.68,-93.59
2026-09-24T07:00:30.894,2436.32,41.098,-14.38,76.5,0.225,WiFi,urban,0.37,0.0083,9.64,-86.98
2026-09-24T07:00:31.321,2461.415,41.098,-27.93,62.95,0.2372,WiFi,suburban,0.426,0.0406,9.85,-92.45
2026-09-24T07:00:31.448,2440.566,1.354,-21.43,69.45,1.874,Generic,quiet_rural,,0.0003,9.07,-100.57
2026-09-24T07:00:31.483,,,-88.68,0.0,0.0,Background,suburban,,0.9816,9.66,-90.47
2026-09-24T07:00:31.986,2450.465,5.127,-15.79,75.09,0.007,UAV,indoor_congested,0.03,0.0001,7.62,-79.88
2026-09-24T07:00:33.402,2475.336,2.051,-31.5,59.38,0.011,UAV,quiet_rural,0.035,0.0029,8.23,-99.91
2026-09-24T07:00:34.084,2436.928,21.082,-27.13,63.74,0.3425,WiFi,indoor_congested,0.891,0.007,10.22,-76.64
2026-09-24T07:00:35.690,2437.983,21.164,-16.04,74.84,0.1217,WiFi,quiet_rural,0.629,0.001,8.92,-101.94
2026-09-24T07:00:36.167,2455.485,2.994,-16.87,74.0,0.0024,UAV,urban,0.0318,0.0001,8.7,-86.31
2026-09-24T07:00:36.273,2455.25,1.066,-33.64,57.24,2.0,Generic,suburban,,0.0042,7.13,-93.37
2026-09-24T07:00:36.518,,,-90.57,0.0,0.0,Background,quiet_rural,,0.9991,9.89,-99.88
2026-09-24T07:00:37.200,2474.681,2.912,-10.37,80.51,0.0066,UAV,quiet_rural,0.0312,0.0,7.89,-99.53
2026-09-24T07:00:37.690,2461.466,41.057,-29.68,61.2,0.355,WiFi,urban,0.585,0.0498,9.83,-83.41
2026-09-24T07:00:38.791,2416.504,2.379,-11.78,79.1,0.1043,UAV,suburban,0.1083,0.0,7.42,-92.45
2026-09-24T07:00:39.100,2474.439,0.0,-74.24,6.45,0.0,Background,indoor_congested,,0.932,9.58,-78.81
2026-09-24T07:00:39.390,2422.432,0.0,-72.77,6.61,0.0,Background,indoor_congested,,0.9345,9.87,-77.46
2026-09-24T07:00:40.586,2459.611,1.682,-10.88,80.0,0.0099,UAV,quiet_rural,0.0169,0.0,6.01,-99.88
2026-09-24T07:00:40.653,2412.035,4.389,-5.84,85.03,2.0,UAV,suburban,,0.0,8.38,-92.24
2026-09-24T07:00:40.755,2461.536,41.057,-36.13,54.75,0.085,WiFi,urban,0.8365,0.1066,9.23,-85.05
2026-09-24T07:00:40.930,2437.954,41.057,-27.78,63.09,0.2347,WiFi,indoor_congested,0.847,0.0399,9.14,-77.33
2026-09-24T07:00:41.350,2445.283,3.322,-10.57,80.3,0.0027,UAV,quiet_rural,0.036,0.0,7.47,-100.01
2026-09-24T07:00:43.168,2426.564,1.723,-4.49,86.39,0.0113,UAV,suburban,0.0386,0.0,8.11,-93.87
2026-09-24T07:00:44.036,2437.731,3.035,-20.45,70.43,0.0041,UAV,quiet_rural,0.0346,0.0003,7.71,-100.67
2026-09-24T07:00:44.143,,,-80.47,0.0,0.0,Background,indoor_congested,,0.9395,9.77,-78.63
2026-09-24T07:00:44.823,2425.901,2.543,-15.37,75.51,0.0096,UAV,urban,0.0282,0.0001,7.44,-84.34
2026-09-24T07:00:45.125,2415.176,32.033,-29.05,61.83,0.1456,WiFi,quiet_rural,0.4873,0.0234,9.07,-98.02
2026-09-24T07:00:45.322,2436.73,1.395,-40.12,50.76,0.898,Generic,urban,1.513,0.0187,6.91,-86.58
2026-09-24T07:00:46.155,2468.956,1.395,-28.58,62.3,2.0,Generic,suburban,,0.0014,5.36,-91.54
2026-09-24T07:00:46.513,2462.475,21.082,-25.42,65.46,0.3117,WiFi,urban,0.955,0.0052,10.2,-85.31
2026-09-24T07:00:46.804,2453.016,1.887,-4.57,86.31,0.0056,UAV,urban,0.036,0.0,8.78,-85.01
2026-09-24T07:00:48.185,2452.086,0.328,-35.42,55.46,2.0,Generic,suburban,,0.006,6.4,-92.36
2026-09-24T07:00:49.731,2441.381,0.0,-71.62,6.84,0.0,Background,indoor_congested,,0.9288,9.62,-76.55
2026-09-24T07:00:50.181,2436.041,21.123,-25.34,65.53,2.0,WiFi,quiet_rural,,0.0051,9.68,-99.66
2026-09-24T07:00:50.899,,,-84.65,0.0,0.0,Background,urban,,0.9533,10.52,-83.66
2026-09-24T07:00:53.188,,,-86.16,0.0,0.0,Background,urban,,0.959,10.82,-85.76
2026-09-24T07:00:53.471,2415.664,32.73,-17.45,73.42,0.102,WiFi,suburban,0.762,0.0049,9.36,-93.85
2026-09-24T07:00:53.475,,,-88.79,0.0,0.0,Background,suburban,,0.9829,8.97,-90.78
2026-09-24T07:00:55.609,2458.746,2.871,-11.61,79.27,0.0123,UAV,urban,0.0474,0.0,9.34,-86.28
2026-09-24T07:00:56.018,2417.154,0.656,-17.35,73.53,0.9065,Generic,suburban,0.968,0.0001,4.22,-93.77
2026-09-24T07:00:57.363,2437.61,3.938,-11.85,79.03,0.0091,UAV,quiet_rural,0.0463,0.0,8.44,-101.82
2026-09-24T07:00:57.490,2474.553,1.559,-27.42,63.45,0.0026,UAV,quiet_rural,0.0109,0.0011,9.13,-101.15
2026-09-24T07:00:59.400,2480.92,0.0,-71.63,6.49,0.0,Background,indoor_congested,,0.9294,9.09,-76.02
2026-09-24T07:01:00.327,2468.143,4.02,-9.09,81.78,0.0094,UAV,urban,0.0156,0.0,8.59,-86.02
2026-09-24T07:01:04.738,2416.712,1.189,-32.21,58.67,2.0,Generic,urban,,0.003,6.45,-86.76
2026-09-24T07:01:05.354,2431.752,3.609,-21.46,69.41,0.0149,UAV,quiet_rural,0.0493,0.0004,8.42,-101.37
2026-09-24T07:01:05.596,2474.379,1.271,-37.18,53.7,2.0,Generic,indoor_congested,,0.0094,6.7,-78.63
2026-09-24T07:01:06.746,2414.314,1.395,-31.27,59.61,0.804,Generic,quiet_rural,0.409,0.0025,6.08,-99.31
2026-09-24T07:01:11.222,2415.371,32.607,-21.21,69.67,0.059,WiFi,quiet_rural,0.693,0.0081,9.48,-98.78
2026-09-24T07:01:11.518,2437.057,41.057,-35.19,55.69,0.399,WiFi,indoor_congested,0.978,0.0947,9.24,-78.17
2026-09-24T07:01:16.197,2477.348,4.963,-11.36,79.52,0.0152,UAV,indoor_congested,0.0451,0.0,8.04,-77.9
2026-09-24T07:01:17.434,2452.86,1.395,-25.32,65.56,0.7715,Generic,indoor_congested,1.026,0.0007,7.87,-76.23
2026-09-24T07:01:17.715,,,-89.07,0.0,0.0,Background,suburban,,0.9843,9.44,-91.35
2026-09-24T07:01:18.506,,,-90.59,0.0,0.0,Background,quiet_rural,,0.9994,10.39,-100.36
2026-09-24T07:01:18.733,2462.12,41.057,-33.52,57.36,0.1195,WiFi,quiet_rural,0.557,0.0778,9.13,-101.91
2026-09-24T07:01:19.926,2411.345,21.082,-29.51,61.37,0.2775,WiFi,indoor_congested,0.964,0.0106,8.68,-77.46
2026-09-24T07:01:21.091,2449.092,1.6,-13.03,77.85,0.0104,UAV,suburban,0.0329,0.0,7.15,-92.86
2026-09-24T07:01:21.999,,,-86.41,0.0,0.0,Background,urban,,0.9609,9.61,-86.09
2026-09-24T07:01:22.257,2410.548,1.025,-23.49,67.39,0.9285,Generic,urban,0.206,0.0004,5.79,-83.43
2026-09-24T07:01:22.576,2402.634,1.436,-40.11,50.77,2.0,Generic,indoor_congested,,0.0187,8.06,-77.23
2026-09-24T07:01:23.661,2444.995,1.477,-19.63,71.25,0.7855,Generic,urban,1.965,0.0002,6.12,-86.05
2026-09-24T07:01:24.703,,,-88.52,0.0,0.0,Background,suburban,,0.9798,10.9,-90.01
2026-09-24T07:01:27.567,2411.393,21.164,-18.41,72.47,0.1227,WiFi,quiet_rural,0.3664,0.0016,8.74,-101.38
2026-09-24T07:01:28.054,2422.854,3.363,-15.26,75.62,0.0125,UAV,quiet_rural,0.0407,0.0001,8.42,-100.72
2026-09-24T07:01:30.212,2437.189,1.354,-18.35,72.53,0.8195,Generic,indoor_congested,1.73,0.0001,6.59,-79.77
2026-09-24T07:01:30.393,2433.974,1.518,-25.94,64.94,1.732,Generic,indoor_congested,,0.0008,6.87,-77.33
2026-09-24T07:01:30.525,2426.738,0.0,-73.39,7.0,0.0,Background,indoor_congested,,0.9333,10.55,-78.66
2026-09-24T07:01:31.345,2461.203,1.066,-31.26,59.62,1.21,Generic,indoor_congested,,0.0024,4.78,-77.57
2026-09-24T07:01:32.122,2443.169,3.322,-22.22,68.66,0.0144,UAV,indoor_congested,0.0361,0.0004,8.76,-77.58
2026-09-24T07:01:32.753,2415.607,33.387,-32.17,58.71,0.137,WiFi,suburban,0.8795,0.0401,11.03,-92.44
2026-09-24T07:01:32.880,2437.868,1.436,-29.95,60.93,2.0,Generic,suburban,,0.0019,6.21,-90.07
2026-09-24T07:01:33.147,2465.889,2.83,-22.6,68.28,0.0148,UAV,quiet_rural,0.0224,0.0004,7.87,-101.6
2026-09-24T07:01:33.830,2430.655,2.748,-25.33,65.55,2.0,UAV,indoor_congested,,0.0008,7.8,-76.17
2026-09-24T07:01:35.256,2461.308,41.098,-17.74,73.14,0.1926,WiFi,suburban,0.4377,0.0123,8.81,-93.72
2026-09-24T07:01:35.407,2436.643,21.041,-38.02,52.86,0.3343,WiFi,quiet_rural,0.822,0.0454,8.81,-98.56
2026-09-24T07:01:37.089,2446.918,1.518,-22.62,68.25,0.8325,Generic,indoor_congested,0.925,0.0004,7.92,-78.77
2026-09-24T07:01:37.435,,,-90.49,0.0,0.0,Background,quiet_rural,,0.9988,9.89,-98.93
2026-09-24T07:01:37.437,2411.866,21.123,-16.07,74.81,2.0,WiFi,suburban,,0.001,10.3,-90.23
2026-09-24T07:01:39.336,2432.195,0.902,-41.88,49.0,0.861,Generic,suburban,1.692,0.027,7.41,-90.45
2026-09-24T07:01:41.270,2475.616,3.404,-11.76,79.12,0.0159,UAV,suburban,0.0409,0.0,8.15,-91.16
2026-09-24T07:01:41.385,2415.196,31.91,-38.01,52.86,0.167,WiFi,indoor_congested,0.814,0.0832,9.12,-78.73
2026-09-24T07:01:41.858,,,-90.59,0.0,0.0,Background,quiet_rural,,0.9992,10.01,-100.22
2026-09-24T07:01:42.578,2437.426,41.057,-34.62,56.26,0.275,WiFi,suburban,0.828,0.0887,10.49,-91.07
2026-09-24T07:01:42.882,2446.631,0.0,-72.27,7.07,0.0,Background,indoor_congested,,0.9301,9.63,-77.36
2026-09-24T07:01:43.125,2477.229,0.0,-74.6,6.54,0.0,Background,indoor_congested,,0.932,10.8,-79.3
2026-09-24T07:01:44.000,2447.876,1.518,-22.1,68.78,0.7105,Generic,suburban,0.78,0.0003,6.62,-91.79
2026-09-24T07:01:46.056,,,-85.67,0.0,0.0,Background,urban,,0.9579,10.39,-85.2
2026-09-24T07:01:46.887,2402.465,3.158,-22.25,68.63,0.004,UAV,indoor_congested,0.0317,0.0004,8.33,-77.89
2026-09-24T07:01:47.579,2408.297,0.902,-33.34,57.54,2.0,Generic,quiet_rural,,0.0039,5.99,-98.84
2026-09-24T07:01:48.071,2460.965,3.281,-3.8,87.08,0.0034,UAV,urban,0.0263,0.0,8.06,-85.89
2026-09-24T07:01:48.072,2412.565,21.123,-20.76,70.12,0.1555,WiFi,indoor_congested,0.995,0.0023,9.91,-76.82
2026-09-24T07:01:49.247,2431.591,3.322,-11.31,79.57,0.0103,UAV,suburban,0.0268,0.0,7.99,-92.43
2026-09-24T07:01:49.737,2420.873,0.0,-73.72,6.56,0.0,Background,indoor_congested,,0.939,9.58,-78.55
2026-09-24T07:01:50.323,2448.756,3.445,-2.74,88.14,0.0035,UAV,suburban,0.0123,0.0,8.46,-91.1
2026-09-24T07:01:51.468,2413.38,0.615,-28.12,62.76,0.926,Generic,quiet_rural,0.556,0.0012,7.42,-98.83
2026-09-24T07:01:51.793,2461.873,21.123,-16.31,74.57,0.368,WiFi,suburban,0.8535,0.0011,8.45,-93.53
2026-09-24T07:01:51.793,2468.427,1.559,-25.91,64.97,0.0175,UAV,indoor_congested,0.0217,0.0008,8.07,-79.12
2026-09-24T07:01:52.632,2407.665,4.758,-19.56,71.31,0.1658,UAV,indoor_congested,0.096,0.0003,7.93,-77.16
2026-09-24T07:01:52.831,2406.475,2.092,-6.55,84.33,0.0097,UAV,quiet_rural,0.0148,0.0,8.69,-100.59
2026-09-24T07:01:53.337,2461.064,21.082,-38.6,52.28,0.2742,WiFi,indoor_congested,0.6167,0.0502,10.85,-79.77
2026-09-24T07:01:53.425,2440.479,0.0,-72.14,7.16,0.0,Background,indoor_congested,,0.9342,9.4,-77.3
2026-09-24T07:01:53.452,,,-85.83,0.0,0.0,Background,urban,,0.9579,9.37,-85.35
2026-09-24T07:01:55.581,2423.093,1.23,-44.87,46.01,0.9625,Generic,indoor_congested,1.293,0.0524,7.79,-77.31
2026-09-24T07:01:56.143,2462.844,41.098,-20.85,70.03,0.253,WiFi,suburban,0.607,0.0177,8.96,-93.93
2026-09-24T07:01:56.299,2451.659,1.559,-25.01,65.86,0.8655,Generic,urban,1.759,0.0006,8.29,-83.89
2026-09-24T07:01:56.352,2416.78,4.02,-31.5,59.38,2.0,UAV,urban,,0.0036,7.67,-83.32
2026-09-24T07:01:57.647,2466.708,3.691,-21.47,69.41,0.004,UAV,urban,0.0498,0.0004,8.17,-85.97
2026-09-24T07:01:58.238,2470.139,4.143,-29.46,61.42,0.017,UAV,suburban,0.0253,0.0023,7.92,-92.46
2026-09-24T07:01:58.989,2444.573,4.758,-26.62,64.26,0.0073,UAV,quiet_rural,0.0433,0.0013,9.75,-100.89
2026-09-24T07:02:00.319,2435.246,0.738,-29.34,61.54,2.0,Generic,quiet_rural,,0.0015,7.42,-99.44
2026-09-24T07:02:00.419,2447.465,1.312,-32.34,58.54,0.865,Generic,suburban,0.564,0.0032,6.92,-91.36
2026-09-24T07:02:02.283,2442.72,1.969,-24.72,66.16,0.0165,UAV,quiet_rural,0.0421,0.0006,7.45,-100.54
2026-09-24T07:02:02.602,2423.945,0.697,-23.48,67.4,0.8295,Generic,quiet_rural,1.94,0.0004,5.26,-100.78
2026-09-24T07:02:03.528,2412.114,21.205,-12.29,78.59,0.3665,WiFi,suburban,0.98,0.0005,10.26,-91.54
2026-09-24T07:02:04.346,2405.414,1.395,-21.52,69.36,0.8935,Generic,indoor_congested,1.08,0.0003,7.58,-76.84
2026-09-24T07:02:04.433,2436.701,21.082,-29.43,61.44,0.337,WiFi,quiet_rural,0.884,0.0104,10.67,-98.43
2026-09-24T07:02:05.876,2470.461,0.0,-73.06,6.27,0.0,Background,indoor_congested,,0.9307,9.87,-77.26
2026-09-24T07:02:05.877,,,-86.57,0.0,0.0,Background,urban,,0.962,9.66,-86.35
2026-09-24T07:02:06.712,2415.193,32.484,-26.48,64.4,0.1337,WiFi,indoor_congested,0.7105,0.0169,9.49,-79.8
2026-09-24T07:02:06.760,2448.842,4.225,-10.91,79.97,0.0051,UAV,indoor_congested,0.0499,0.0,8.2,-77.15
2026-09-24T07:02:07.858,,,-90.6,0.0,0.0,Background,quiet_rural,,0.9993,8.91,-100.54
2026-09-24T07:02:09.984,2437.558,41.057,-36.7,54.17,0.0992,WiFi,indoor_congested,0.3562,0.1132,9.82,-79.63
2026-09-24T07:02:10.144,2450.735,1.395,-21.59,69.28,1.642,Generic,indoor_congested,,0.0003,6.67,-78.94
2026-09-24T07:02:12.298,2460.797,21.041,-38.23,52.65,0.3794,WiFi,urban,0.4387,0.0471,9.23,-86.7
2026-09-24T07:02:13.817,2437.213,4.348,-11.21,79.67,0.0105,UAV,suburban,0.0313,0.0,10.49,-90.07
2026-09-24T07:02:13.968,,,-89.32,0.0,0.0,Background,suburban,,0.9885,9.45,-92.31
2026-09-24T07:02:14.214,,,-84.99,0.0,0.0,Background,urban,,0.9514,9.23,-84.03
2026-09-24T07:02:14.545,2408.44,0.779,-47.07,43.8,0.97,Generic,urban,1.483,0.0832,6.78,-85.98
2026-09-24T07:02:16.332,2463.963,3.938,-20.88,70.0,2.0,UAV,indoor_congested,,0.0003,8.27,-77.59
2026-09-24T07:02:16.878,2474.81,1.066,-36.49,54.39,0.874,Generic,urban,1.762,0.0078,4.62,-83.78
2026-09-24T07:02:18.699,,,-90.59,0.0,0.0,Background,quiet_rural,,0.9992,10.75,-100.15
2026-09-24T07:02:19.043,2461.574,41.057,-35.15,55.73,2.0,WiFi,urban,,0.0945,10.72,-86.4
2026-09-24T07:02:20.779,2463.734,0.0,-72.45,6.46,0.0,Background,indoor_congested,,0.9303,9.47,-76.83
2026-09-24T07:02:21.019,2415.318,32.854,-37.03,53.85,2.0,WiFi,urban,,0.076,9.16,-83.23
2026-09-24T07:02:21.053,2404.618,1.518,-23.47,67.4,0.957,Generic,urban,0.428,0.0004,6.41,-83.91
2026-09-24T07:02:21.218,,,-89.2,0.0,0.0,Background,suburban,,0.9863,10.21,-91.92
2026-09-24T07:02:22.336,2447.994,1.518,-24.28,66.6,2.0,Generic,urban,,0.0005,7.75,-84.91
2026-09-24T07:02:23.737,2477.614,4.184,-20.74,70.14,0.0114,UAV,urban,0.0247,0.0003,8.81,-83.52
2026-09-24T07:02:24.864,,,-89.31,0.0,0.0,Background,suburban,,0.9881,10.32,-92.33
2026-09-24T07:02:27.130,2431.427,0.205,-44.05,46.82,2.0,Generic,quiet_rural,,0.0417,3.79,-98.11
2026-09-24T07:02:27.649,2425.52,0.533,-19.93,70.95,1.861,Generic,quiet_rural,,0.0002,5.52,-98.05
2026-09-24T07:02:31.138,2445.42,1.395,-34.52,56.36,2.0,Generic,urban,,0.0052,7.25,-83.97
2026-09-24T07:02:31.839,2404.377,4.676,-2.95,87.93,0.008,UAV,indoor_congested,0.0302,0.0,8.76,-79.97
2026-09-24T07:02:33.245,2458.018,4.061,-8.63,82.25,0.019,UAV,quiet_rural,0.0444,0.0,7.94,-98.81
2026-09-24T07:02:33.383,2437.716,41.098,-18.42,72.46,0.225,WiFi,indoor_congested,0.826,0.0133,9.09,-77.25
2026-09-24T07:02:33.518,,,-84.41,0.0,0.0,Background,urban,,0.9468,10.09,-83.29
2026-09-24T07:02:33.768,2472.442,0.451,-38.35,52.52,2.0,Generic,suburban,,0.0118,4.73,-93.39
2026-09-24T07:02:34.698,,,-89.14,0.0,0.0,Background,suburban,,0.9854,10.28,-91.65
2026-09-24T07:02:35.151,2443.172,3.24,-15.59,75.29,0.0179,UAV,indoor_congested,0.025,0.0001,8.58,-79.51
2026-09-24T07:02:35.283,2436.558,21.123,-13.74,77.13,0.2715,WiFi,suburban,0.477,0.0007,9.12,-91.58
2026-09-24T07:02:35.830,2415.858,33.715,-42.37,48.51,0.2608,WiFi,suburban,0.4863,0.1644,9.82,-93.72
2026-09-24T07:02:36.055,,,-90.5,0.0,0.0,Background,quiet_rural,,0.9988,9.78,-99.0
2026-09-24T07:02:36.843,2430.658,3.773,-12.42,78.45,0.0136,UAV,suburban,0.0265,0.0001,8.12,-91.46
2026-09-24T07:02:38.228,2418.457,1.148,-30.92,59.96,0.7535,Generic,indoor_congested,0.52,0.0022,5.74,-77.55
2026-09-24T07:02:38.411,2461.456,21.082,-28.5,62.38,0.177,WiFi,indoor_congested,0.77,0.0089,10.18,-76.95
2026-09-24T07:02:38.681,2464.0,3.035,-31.16,59.71,0.0137,UAV,indoor_congested,0.0493,0.003,7.96,-79.9
2026-09-24T07:02:40.111,,,-86.48,0.0,0.0,Background,urban,,0.9593,9.51,-86.16
2026-09-24T07:02:40.542,2415.175,1.477,-25.82,65.06,2.0,Generic,suburban,,0.0007,6.22,-90.88
2026-09-24T07:02:42.322,2412.289,21.082,-21.81,69.07,0.2133,WiFi,suburban,0.7255,0.0028,10.48,-90.9
2026-09-24T07:02:43.560,2439.216,1.436,-37.3,53.58,0.807,Generic,suburban,1.829,0.01,8.08,-93.81
2026-09-24T07:02:44.057,2411.616,4.225,-31.12,59.76,0.0166,UAV,suburban,0.0439,0.0034,9.99,-93.53
2026-09-24T07:02:44.353,2462.64,21.0,-38.54,52.34,2.0,WiFi,quiet_rural,,0.0496,8.86,-99.15
2026-09-24T07:02:44.366,2412.458,21.041,-38.33,52.55,2.0,WiFi,quiet_rural,,0.0477,11.3,-101.13
2026-09-24T07:02:44.672,2471.015,3.363,-22.59,68.29,0.0117,UAV,suburban,0.0137,0.0005,7.48,-91.19
2026-09-24T07:02:45.075,2414.843,31.828,-39.58,51.3,0.156,WiFi,suburban,0.8055,0.1029,9.91,-93.9
2026-09-24T07:02:45.936,2429.411,1.887,-31.16,59.72,0.0195,UAV,quiet_rural,0.043,0.0026,8.52,-101.96
2026-09-24T07:02:46.130,2407.215,3.117,-12.65,78.23,0.0047,UAV,suburban,0.0317,0.0,9.79,-90.97
2026-09-24T07:02:46.429,2470.312,1.354,-30.68,60.2,1.643,Generic,indoor_congested,,0.0022,5.84,-76.18
2026-09-24T07:02:47.556,,,-90.45,0.0,0.0,Background,quiet_rural,,0.9985,9.56,-98.54
2026-09-24T07:02:48.096,2458.416,1.354,-45.75,45.13,0.8835,Generic,indoor_congested,1.34,0.0645,7.74,-77.54
2026-09-24T07:02:48.361,,,-90.53,0.0,0.0,Background,quiet_rural,,0.9989,10.25,-99.47
2026-09-24T07:02:50.092,2447.344,3.527,-18.96,71.91,0.017,UAV,quiet_rural,0.0181,0.0002,8.07,-99.22
2026-09-24T07:02:50.277,,,-89.53,0.0,0.0,Background,suburban,,0.9906,9.4,-93.04
2026-09-24T07:02:50.964,2433.907,2.256,-27.98,62.89,2.0,UAV,quiet_rural,,0.0014,7.82,-101.55
2026-09-24T07:02:51.164,2436.438,41.098,-22.21,68.66,0.3077,WiFi,indoor_congested,0.905,0.0207,9.89,-76.25
2026-09-24T07:02:51.567,,,-89.72,0.0,0.0,Background,suburban,,0.9926,9.7,-93.88
2026-09-24T07:02:51.747,2462.629,21.082,-33.45,57.42,0.05,WiFi,suburban,0.3782,0.0208,9.57,-93.78
2026-09-24T07:02:51.965,2429.712,0.041,-71.2,9.09,0.0,Background,indoor_congested,,0.9339,9.52,-78.34
2026-09-24T07:02:52.708,2454.873,1.354,-17.95,72.93,1.979,Generic,quiet_rural,,0.0001,7.09,-101.11
2026-09-24T07:02:53.244,2401.948,1.312,-37.77,53.11,0.536,Generic,urban,0.84,0.011,7.46,-83.51
2026-09-24T07:02:53.541,,,-90.66,0.0,0.0,Background,quiet_rural,,0.9996,8.98,-101.63
2026-09-24T07:02:54.343,2423.317,3.117,-2.95,87.92,0.0159,UAV,suburban,0.019,0.0,7.71,-91.41
2026-09-24T07:02:54.701,,,-84.56,0.0,0.0,Background,urban,,0.9505,10.2,-83.53
2026-09-24T07:02:54.718,2461.692,21.041,-40.51,50.37,0.276,WiFi,urban,0.7865,0.0695,9.51,-85.45
2026-09-24T07:02:54.798,,,-89.6,0.0,0.0,Background,suburban,,0.9907,9.68,-93.32
2026-09-24T07:02:55.332,2476.893,0.656,-24.81,66.07,2.0,Generic,urban,,0.0005,4.31,-86.58
2026-09-24T07:02:58.112,,,-86.87,0.0,0.0,Background,urban,,0.9647,9.51,-86.87
2026-09-24T07:02:58.128,2476.382,1.271,-20.23,70.65,2.0,Generic,quiet_rural,,0.0002,5.98,-98.32
2026-09-24T07:02:58.303,2437.458,21.123,-22.13,68.75,0.3453,WiFi,indoor_congested,0.602,0.003,9.05,-79.62
2026-09-24T07:02:59.796,2462.881,41.098,-18.64,72.24,0.1243,WiFi,indoor_congested,0.2279,0.0137,9.0,-78.62
2026-09-24T07:02:59.821,,,-81.41,0.0,0.0,Background,indoor_congested,,0.939,8.99,-79.68
2026-09-24T07:03:00.716,,,-89.4,0.0,0.0,Background,suburban,,0.9882,10.01,-92.47
2026-09-24T07:03:01.813,2437.573,21.041,-34.73,56.15,0.3627,WiFi,suburban,0.75,0.0258,8.92,-92.86
2026-09-24T07:03:02.181,2436.682,0.492,-40.1,50.78,1.963,Generic,quiet_rural,,0.0176,6.13,-99.26
2026-09-24T07:03:05.097,2411.026,21.205,-12.84,78.04,0.2988,WiFi,quiet_rural,0.3762,0.0006,9.32,-98.17
2026-09-24T07:03:05.332,2445.072,0.0,-71.04,7.2,0.0,Background,indoor_congested,,0.9352,9.76,-76.35
2026-09-24T07:03:05.920,2461.322,41.098,-23.35,67.53,0.0607,WiFi,indoor_congested,0.7955,0.0238,9.16,-77.25
2026-09-24T07:03:07.366,2406.509,3.445,-24.17,66.71,0.0097,UAV,suburban,0.0219,0.0007,7.28,-92.96
2026-09-24T07:03:07.647,2466.4,0.0,-75.32,6.31,0.0,Background,indoor_congested,,0.9422,9.44,-79.98
2026-09-24T07:03:08.506,2414.646,1.23,-37.01,53.87,2.0,Generic,indoor_congested,,0.009,7.79,-79.76
2026-09-24T07:03:08.584,,,-89.49,0.0,0.0,Background,suburban,,0.9899,10.29,-92.98
2026-09-24T07:03:09.493,2416.86,1.682,-14.4,76.47,0.0074,UAV,indoor_congested,0.0127,0.0001,8.78,-79.25
2026-09-24T07:03:09.590,2479.698,3.158,-30.95,59.93,0.0158,UAV,quiet_rural,0.0207,0.0029,6.99,-100.45
2026-09-24T07:03:11.583,2470.074,1.395,-28.41,62.47,1.785,Generic,suburban,,0.0013,8.55,-91.55
2026-09-24T07:03:12.023,,,-88.85,0.0,0.0,Background,suburban,,0.9823,9.52,-90.79
2026-09-24T07:03:12.115,,,-85.84,0.0,0.0,Background,urban,,0.9564,10.57,-85.26
2026-09-24T07:03:12.613,2436.506,41.098,-20.58,70.29,0.2847,WiFi,quiet_rural,0.812,0.0171,9.97,-98.87
2026-09-24T07:03:17.953,2437.677,41.139,-14.62,76.26,0.076,WiFi,urban,0.7125,0.0085,9.79,-85.47
2026-09-24T07:03:18.102,2462.217,21.082,-31.61,59.27,0.4475,WiFi,urban,0.893,0.0151,9.26,-86.01
2026-09-24T07:03:19.666,2413.464,2.789,-21.98,68.89,0.0168,UAV,indoor_congested,0.0199,0.0004,7.49,-79.52
2026-09-24T07:03:19.787,,,-85.05,0.0,0.0,Background,urban,,0.9524,10.28,-84.27
2026-09-24T07:03:20.938,2471.82,0.902,-34.54,56.34,2.0,Generic,suburban,,0.0051,7.92,-93.26
2026-09-24T07:03:21.600,,,-90.44,0.0,0.0,Background,quiet_rural,,0.9986,9.14,-98.56
2026-09-24T07:03:21.931,2416.849,4.799,-7.89,82.99,0.0155,UAV,quiet_rural,0.0453,0.0,8.55,-98.88
2026-09-24T07:03:23.783,2436.17,21.123,-20.19,70.69,0.231,WiFi,quiet_rural,0.7365,0.0021,9.63,-98.12
2026-09-24T07:03:23.837,2452.934,0.82,-34.89,55.99,0.9645,Generic,urban,1.253,0.0056,6.41,-86.93
2026-09-24T07:03:24.368,2428.124,4.799,-5.76,85.12,2.0,UAV,quiet_rural,,0.0,7.93,-99.06
2026-09-24T07:03:25.349,,,-86.15,0.0,0.0,Background,urban,,0.9568,9.94,-85.61
2026-09-24T07:03:25.535,2462.959,21.123,-15.7,75.17,0.161,WiFi,quiet_rural,0.509,0.001,9.24,-98.6
2026-09-24T07:03:25.837,2463.332,4.881,-22.71,68.17,0.0163,UAV,urban,0.0264,0.0006,9.8,-86.02
2026-09-24T07:03:28.198,2461.888,41.057,-35.16,55.72,2.0,WiFi,indoor_congested,,0.0951,9.14,-77.5
2026-09-24T07:03:28.614,2471.245,1.354,-29.89,60.98,0.7525,Generic,indoor_congested,1.521,0.0018,7.68,-76.98
2026-09-24T07:03:29.019,2415.957,33.633,-40.87,50.01,0.1439,WiFi,urban,0.272,0.1338,10.25,-84.27
2026-09-24T07:03:29.471,2442.322,0.861,-26.43,64.45,0.9785,Generic,suburban,1.231,0.0008,6.5,-93.4
2026-09-24T07:03:29.688,2448.52,0.82,-46.83,44.05,2.0,Generic,urban,,0.079,6.52,-83.76
2026-09-24T07:03:33.976,2418.525,0.369,-45.57,45.31,2.0,Generic,suburban,,0.059,5.79,-92.23
2026-09-24T07:03:34.404,2416.979,4.676,-17.53,73.35,0.0043,UAV,suburban,0.0275,0.0002,7.69,-92.85
2026-09-24T07:03:39.789,,,-90.66,0.0,0.0,Background,quiet_rural,,0.9996,9.98,-101.57
2026-09-24T07:03:39.997,2403.051,1.148,-32.81,58.06,0.8795,Generic,indoor_congested,1.009,0.0034,4.96,-78.47
2026-09-24T07:03:41.861,2479.601,1.518,-23.49,67.39,0.8955,Generic,urban,1.62,0.0004,7.09,-85.75
2026-09-24T07:03:42.672,2433.319,1.189,-29.71,61.17,0.899,Generic,suburban,1.225,0.0017,5.16,-93.74
2026-09-24T07:03:43.305,2470.921,3.486,-13.76,77.12,0.006,UAV,quiet_rural,0.0178,0.0001,8.12,-101.94
2026-09-24T07:03:43.344,2460.614,4.717,-20.04,70.84,2.0,UAV,urban,,0.0003,8.61,-85.1
2026-09-24T07:03:44.658,2451.584,1.477,-27.1,63.78,0.9295,Generic,urban,0.166,0.001,6.6,-83.41
2026-09-24T07:03:45.993,2436.205,0.82,-40.06,50.82,0.906,Generic,suburban,0.313,0.0178,6.67,-91.78
2026-09-24T07:03:46.161,2466.296,4.471,-29.85,61.03,0.0122,UAV,indoor_congested,0.0376,0.0026,7.94,-79.13
2026-09-24T07:03:46.164,2417.405,0.82,-46.73,44.14,0.9155,Generic,suburban,1.235,0.0781,8.44,-90.95
2026-09-24T07:03:46.340,2415.701,33.1,-34.44,56.44,0.2357,WiFi,suburban,0.623,0.0538,11.41,-92.89
2026-09-24T07:03:47.148,2409.603,4.881,-4.19,86.69,0.0105,UAV,indoor_congested,0.0153,0.0,9.16,-77.78
2026-09-24T07:03:47.176,2474.198,0.984,-41.23,49.65,0.828,Generic,quiet_rural,1.302,0.0235,7.39,-99.77
2026-09-24T07:03:48.211,2406.163,0.246,-39.78,51.09,2.0,Generic,suburban,,0.0161,3.93,-93.65
2026-09-24T07:03:49.137,2415.24,32.812,-25.1,65.78,0.0531,WiFi,indoor_congested,0.2439,0.0143,10.04,-78.39
2026-09-24T07:03:50.022,2457.236,2.42,-29.28,61.6,0.0106,UAV,quiet_rural,0.0129,0.0019,9.94,-101.98
2026-09-24T07:03:51.223,2415.353,33.018,-15.92,74.96,0.237,WiFi,indoor_congested,0.9475,0.0041,9.76,-77.56
2026-09-24T07:03:52.482,,,-88.54,0.0,0.0,Background,suburban,,0.9795,10.99,-90.14
2026-09-24T07:03:52.921,2443.033,2.707,-15.01,75.87,0.0065,UAV,indoor_congested,0.0227,0.0001,8.21,-77.42
2026-09-24T07:03:52.992,2411.131,21.123,-23.27,67.61,0.2862,WiFi,suburban,0.3916,0.0036,9.79,-93.03
2026-09-24T07:03:53.544,2455.427,4.471,-9.56,81.32,0.0061,UAV,indoor_congested,0.0121,0.0,9.42,-76.8
2026-09-24T07:03:53.674,2447.804,2.912,-31.07,59.8,0.0035,UAV,quiet_rural,0.0381,0.0029,8.66,-101.74
2026-09-24T07:03:54.135,,,-90.63,0.0,0.0,Background,quiet_rural,,0.9994,9.85,-100.98
2026-09-24T07:03:54.299,2462.737,0.451,-30.74,60.14,2.0,Generic,suburban,,0.0021,4.91,-93.85
2026-09-24T07:03:54.780,2479.565,3.035,-29.99,60.89,0.0186,UAV,indoor_congested,0.042,0.0023,7.82,-77.82
2026-09-24T07:03:55.000,2462.758,1.395,-27.63,63.24,2.0,Generic,indoor_congested,,0.0011,6.08,-79.9
2026-09-24T07:03:55.415,2436.702,41.098,-24.42,66.45,0.163,WiFi,quiet_rural,0.2973,0.027,9.22,-100.29
2026-09-24T07:03:55.764,2468.994,1.148,-23.8,67.08,0.7735,Generic,suburban,1.654,0.0004,6.11,-91.3
2026-09-24T07:03:56.095,2441.445,1.189,-30.7,60.18,2.0,Generic,urban,,0.0022,6.7,-85.07
2026-09-24T07:03:56.264,2462.624,21.082,-28.99,61.88,0.1727,WiFi,suburban,0.8885,0.0096,8.92,-92.34
2026-09-24T07:03:56.316,2415.215,32.279,-42.37,48.51,0.208,WiFi,indoor_congested,0.862,0.1555,8.96,-79.85
2026-09-24T07:03:56.721,2461.312,41.139,-18.49,72.39,0.2918,WiFi,quiet_rural,0.578,0.0135,8.98,-98.06
2026-09-24T07:03:57.979,2415.631,32.648,-36.79,54.09,0.1095,WiFi,quiet_rural,0.3466,0.0728,9.84,-99.11
2026-09-24T07:03:58.554,2408.329,0.451,-28.65,62.23,1.79,Generic,quiet_rural,,0.0013,4.16,-100.78
2026-09-24T07:04:00.554,2470.238,1.641,-19.53,71.35,0.0173,UAV,indoor_congested,0.0346,0.0002,8.35,-78.72
2026-09-24T07:04:01.333,2461.818,0.656,-23.87,67.01,2.0,Generic,quiet_rural,,0.0004,5.06,-98.53
2026-09-24T07:04:01.707,2437.599,41.057,-36.73,54.15,2.0,WiFi,quiet_rural,,0.1141,10.75,-101.33
2026-09-24T07:04:03.604,2443.486,0.492,-42.64,48.24,2.0,Generic,urban,,0.0311,8.26,-85.54
2026-09-24T07:04:03.793,2462.035,4.348,-20.22,70.65,0.0176,UAV,indoor_congested,0.0234,0.0003,9.37,-77.32
2026-09-24T07:04:05.479,2401.538,0.533,-33.93,56.95,2.0,Generic,urban,,0.0043,3.06,-86.54
2026-09-24T07:04:06.426,2417.373,1.846,-20.61,70.27,0.0024,UAV,quiet_rural,0.0377,0.0002,7.3,-99.36
2026-09-24T07:04:07.784,2408.46,1.066,-40.04,50.84,0.81,Generic,indoor_congested,0.436,0.0176,6.9,-77.6
2026-09-24T07:04:08.977,2428.361,4.389,-24.14,66.74,0.0161,UAV,indoor_congested,0.0253,0.0007,9.03,-78.69
2026-09-24T07:04:09.350,,,-89.3,0.0,0.0,Background,suburban,,0.9882,9.9,-92.33
2026-09-24T07:04:09.728,2467.231,0.943,-26.12,64.76,0.762,Generic,suburban,1.508,0.0007,5.26,-90.52
2026-09-24T07:04:10.945,,,-90.56,0.0,0.0,Background,quiet_rural,,0.999,9.37,-99.81
2026-09-24T07:04:14.121,2462.17,3.404,-30.78,60.09,0.004,UAV,quiet_rural,0.0356,0.0029,8.53,-99.94
2026-09-24T07:04:15.732,2409.599,1.436,-35.49,55.38,1.7,Generic,urban,,0.0066,7.86,-84.89
2026-09-24T07:04:16.011,2461.493,1.354,-20.74,70.14,0.85,Generic,quiet_rural,0.604,0.0002,6.14,-98.54
2026-09-24T07:04:16.766,2415.908,33.428,-13.25,77.63,0.3113,WiFi,quiet_rural,0.3624,0.0029,9.28,-99.25
2026-09-24T07:04:17.282,,,-90.44,0.0,0.0,Background,quiet_rural,,0.9984,10.24,-98.32
2026-09-24T07:04:18.876,2462.077,21.041,-40.57,50.31,0.2283,WiFi,urban,0.7825,0.0702,9.22,-85.4
2026-09-24T07:04:19.408,2407.852,3.979,-28.59,62.29,0.0161,UAV,suburban,0.0213,0.0019,8.15,-92.23
2026-09-24T07:04:23.996,2478.193,0.041,-68.87,9.29,0.0,Background,indoor_congested,,0.9318,9.49,-76.18
2026-09-24T07:04:24.382,2454.081,3.979,-9.75,81.13,0.0416,UAV,urban,0.043,0.0,8.22,-83.78
2026-09-24T07:04:24.407,2439.439,0.697,-32.89,57.99,0.7545,Generic,suburban,0.735,0.0035,7.68,-92.13
2026-09-24T07:04:24.588,2455.344,4.881,-16.02,74.86,0.0131,UAV,urban,0.0375,0.0001,8.32,-85.66
2026-09-24T07:04:24.840,2448.721,2.994,-23.42,67.46,0.0043,UAV,suburban,0.037,0.0005,7.62,-92.49
2026-09-24T07:04:25.051,2449.999,3.732,-14.16,76.72,0.0021,UAV,indoor_congested,0.0406,0.0001,9.19,-76.64
2026-09-24T07:04:25.320,2444.937,0.615,-28.8,62.07,1.741,Generic,quiet_rural,,0.0014,6.38,-98.05
2026-09-24T07:04:25.656,2436.476,41.057,-36.64,54.24,0.065,WiFi,quiet_rural,0.2166,0.1123,9.95,-99.25
2026-09-24T07:04:27.538,2435.752,41.098,-34.61,56.26,2.0,WiFi,suburban,,0.0886,10.37,-92.08
2026-09-24T07:04:27.614,2471.363,0.0,-74.12,6.43,0.0,Background,indoor_congested,,0.9329,9.25,-78.73
2026-09-24T07:04:29.759,,,-89.12,0.0,0.0,Background,suburban,,0.9856,11.15,-91.56
2026-09-24T07:04:30.352,2411.863,21.164,-12.92,77.96,2.0,WiFi,indoor_congested,,0.0006,9.47,-76.81
2026-09-24T07:04:30.859,2454.18,0.779,-31.76,59.12,0.814,Generic,quiet_rural,1.304,0.0027,7.38,-99.3
2026-09-24T07:04:31.260,2455.786,0.697,-22.79,68.08,1.946,Generic,quiet_rural,,0.0003,4.82,-101.57
2026-09-24T07:04:33.391,2434.777,0.0,-72.46,6.16,0.0,Background,indoor_congested,,0.9314,9.95,-76.65
2026-09-24T07:04:33.446,2437.586,41.098,-17.81,73.07,0.092,WiFi,indoor_congested,0.984,0.0124,9.79,-77.23
2026-09-24T07:04:33.864,,,-81.0,0.0,0.0,Background,indoor_congested,,0.9381,9.29,-79.27
2026-09-24T07:04:35.116,2461.99,41.139,-15.17,75.71,0.305,WiFi,indoor_congested,0.6345,0.0091,9.14,-77.06
2026-09-24T07:04:35.554,2412.625,1.025,-43.05,47.83,0.8285,Generic,quiet_rural,1.963,0.0354,6.5,-101.03
2026-09-24T07:04:35.836,2436.623,41.098,-25.24,65.64,0.194,WiFi,quiet_rural,0.71,0.0295,9.78,-99.56
2026-09-24T07:04:35.876,2453.97,0.451,-42.95,47.93,2.0,Generic,suburban,,0.0334,7.03,-90.73
2026-09-24T07:04:35.895,2461.187,21.123,-15.37,75.51,2.0,WiFi,quiet_rural,,0.0009,9.54,-98.61
2026-09-24T07:04:36.667,2430.354,4.635,-22.4,68.48,0.0072,UAV,suburban,0.0242,0.0005,10.02,-90.71
2026-09-24T07:04:36.953,2414.802,0.369,-44.37,46.51,0.7735,Generic,quiet_rural,1.536,0.0452,4.64,-101.85
2026-09-24T07:04:37.449,2411.742,2.748,-18.46,72.41,0.0113,UAV,urban,0.0207,0.0002,7.57,-83.43
2026-09-24T07:04:37.527,2478.131,0.0,-71.83,6.38,0.0,Background,indoor_congested,,0.9325,9.49,-76.1
2026-09-24T07:04:38.873,,,-89.25,0.0,0.0,Background,suburban,,0.9867,9.66,-92.08
2026-09-24T07:04:38.952,2468.554,1.312,-22.34,68.53,0.9225,Generic,suburban,1.742,0.0003,8.24,-90.78
2026-09-24T07:04:40.677,2436.968,41.016,-39.61,51.27,0.441,WiFi,urban,0.7455,0.1589,9.14,-85.97
2026-09-24T07:04:42.361,2436.581,21.041,-35.81,55.07,2.0,WiFi,urban,,0.0311,8.82,-86.79
2026-09-24T07:04:42.730,2455.083,3.855,-20.85,70.03,0.0045,UAV,indoor_congested,0.0202,0.0003,7.73,-76.45
2026-09-24T07:04:43.800,2461.463,2.051,-12.04,78.83,0.0031,UAV,urban,0.0404,0.0,7.69,-85.87
2026-09-24T07:04:44.375,2415.868,2.584,-12.0,78.88,0.0033,UAV,indoor_congested,0.0341,0.0,8.32,-78.18
2026-09-24T07:04:44.946,,,-88.94,0.0,0.0,Background,suburban,,0.9841,9.7,-91.18
2026-09-24T07:04:45.105,2461.182,41.098,-12.79,78.09,0.203,WiFi,quiet_rural,0.833,0.0068,9.82,-98.43
2026-09-24T07:04:45.176,2462.317,41.18,-18.0,72.87,0.341,WiFi,indoor_congested,0.547,0.0127,8.82,-79.5
2026-09-24T07:04:50.805,,,-88.86,0.0,0.0,Background,suburban,,0.9831,9.38,-90.87
2026-09-24T07:04:51.061,2437.595,21.041,-34.94,55.93,0.2713,WiFi,urban,0.613,0.0268,9.39,-83.12
2026-09-24T07:04:51.103,2460.452,1.641,-10.98,79.9,0.0115,UAV,quiet_rural,0.0488,0.0,7.59,-99.99
2026-09-24T07:04:51.406,,,-85.19,0.0,0.0,Background,urban,,0.9556,9.76,-84.31
2026-09-24T07:04:51.487,2411.686,1.025,-46.57,44.3,0.8435,Generic,urban,1.548,0.0746,6.02,-85.33
2026-09-24T07:04:51.971,,,-84.88,0.0,0.0,Background,urban,,0.9524,10.01,-83.91
2026-09-24T07:04:53.126,2412.517,21.041,-38.62,52.26,0.2708,WiFi,indoor_congested,0.4158,0.0504,8.52,-79.38
2026-09-24T07:04:56.796,2411.406,0.369,-37.22,53.66,2.0,Generic,urban,,0.0091,5.18,-85.91
2026-09-24T07:04:57.147,,,-89.66,0.0,0.0,Background,suburban,,0.9908,9.66,-93.57
2026-09-24T07:04:57.804,,,-90.42,0.0,0.0,Background,quiet_rural,,0.9983,9.64,-98.18
2026-09-24T07:04:58.605,2437.499,21.164,-16.87,74.01,0.1578,WiFi,suburban,0.3444,0.0012,9.5,-93.94
2026-09-24T07:04:59.586,2414.671,2.912,-31.43,59.45,0.0078,UAV,suburban,0.0246,0.0032,8.18,-91.02
2026-09-24T07:05:00.219,2472.636,2.666,-17.18,73.69,0.0089,UAV,indoor_congested,0.0238,0.0001,8.59,-76.72
2026-09-24T07:05:01.135,2466.416,3.773,-13.99,76.89,0.0158,UAV,suburban,0.0183,0.0001,9.09,-90.66
2026-09-24T07:05:03.389,2462.069,41.098,-25.75,65.13,2.0,WiFi,quiet_rural,,0.0314,9.48,-98.12
2026-09-24T07:05:03.566,2461.735,21.123,-20.59,70.29,2.0,WiFi,quiet_rural,,0.0023,9.65,-99.28
2026-09-24T07:05:04.228,,,-90.55,0.0,0.0,Background,quiet_rural,,0.999,10.27,-99.76
2026-09-24T07:05:04.938,,,-85.34,0.0,0.0,Background,urban,,0.9541,9.43,-84.48
2026-09-24T07:05:05.823,2462.389,21.164,-17.33,73.55,0.3182,WiFi,urban,0.3732,0.0013,9.16,-85.38
2026-09-24T07:05:05.826,2425.795,0.0,-72.7,6.65,0.0,Background,indoor_congested,,0.9329,10.03,-77.44
2026-09-24T07:05:06.301,,,-88.63,0.0,0.0,Background,suburban,,0.9807,9.95,-90.35
2026-09-24T07:05:06.833,2437.956,2.871,-8.31,82.57,2.0,UAV,indoor_congested,,0.0,8.13,-78.57
2026-09-24T07:05:06.850,2433.769,5.004,-4.99,85.89,0.0177,UAV,suburban,0.049,0.0,9.77,-93.82
2026-09-24T07:05:07.643,2475.124,2.666,-2.18,88.7,0.0054,UAV,indoor_congested,0.0167,0.0,6.99,-76.7
2026-09-24T07:05:08.489,2436.066,41.057,-35.04,55.84,0.0958,WiFi,urban,0.5353,0.0933,9.62,-83.7
2026-09-24T07:05:09.327,2416.344,4.389,-9.31,81.57,0.0108,UAV,quiet_rural,0.0172,0.0,7.44,-101.52
2026-09-24T07:05:10.122,2420.668,0.0,-73.2,6.11,0.0,Background,indoor_congested,,0.9341,9.05,-77.53
2026-09-24T07:05:10.191,,,-88.65,0.0,0.0,Background,suburban,,0.9818,9.37,-90.43
2026-09-24T07:05:10.628,2410.25,0.0,-73.48,6.79,0.0,Background,indoor_congested,,0.932,9.5,-78.34
2026-09-24T07:05:14.210,2404.361,4.02,-25.7,65.17,0.0053,UAV,indoor_congested,0.0237,0.001,8.29,-79.73
2026-09-24T07:05:15.277,2456.826,1.477,-24.3,66.58,0.9975,Generic,quiet_rural,1.424,0.0005,6.92,-99.83
2026-09-24T07:05:17.754,2461.515,21.082,-32.33,58.54,0.3693,WiFi,quiet_rural,0.9135,0.0172,9.66,-99.46
2026-09-24T07:05:17.773,2460.718,4.84,-10.85,80.03,0.0068,UAV,urban,0.048,0.0,9.06,-86.72
2026-09-24T07:05:18.158,2470.19,2.42,-20.25,70.63,0.0045,UAV,urban,0.0152,0.0002,6.7,-86.41
